date,item,day_of_week,is_weekend,month,is_holiday,is_event,temperature_c,rainfall_mm,price,prepared,sold,waste,stockout
2023-10-01,Biryani,Sunday,1,10,0,0,30.0,0.0,220,149,128,21,0
2023-10-01,Chicken Curry,Sunday,1,10,0,0,30.0,0.0,190,56,39,17,0
2023-10-01,Dosa,Sunday,1,10,0,0,30.0,0.0,70,98,64,34,0
2023-10-01,Filter Coffee,Sunday,1,10,0,0,30.0,0.0,30,127,83,44,0
2023-10-01,Fried Rice,Sunday,1,10,0,0,30.0,0.0,160,75,60,15,0
2023-10-01,Idli,Sunday,1,10,0,0,30.0,0.0,50,84,82,2,0
2023-10-01,Lassi,Sunday,1,10,0,0,30.0,0.0,60,63,38,25,0
2023-10-01,Meals,Sunday,1,10,0,0,30.0,0.0,140,98,65,33,0
2023-10-01,Parotta,Sunday,1,10,0,0,30.0,0.0,40,81,74,7,0
2023-10-01,Veg Noodles,Sunday,1,10,0,0,30.0,0.0,120,40,32,8,0
2023-10-02,Biryani,Monday,0,10,1,1,28.3,0.0,220,132,132,0,1
2023-10-02,Chicken Curry,Monday,0,10,1,1,28.3,0.0,190,47,46,1,0
2023-10-02,Dosa,Monday,0,10,1,1,28.3,0.0,70,87,87,0,1
2023-10-02,Filter Coffee,Monday,0,10,1,1,28.3,0.0,30,111,111,0,1
2023-10-02,Fried Rice,Monday,0,10,1,1,28.3,0.0,160,52,52,0,1
2023-10-02,Idli,Monday,0,10,1,1,28.3,0.0,50,109,102,7,0
2023-10-02,Lassi,Monday,0,10,1,1,28.3,0.0,60,54,51,3,0
2023-10-02,Meals,Monday,0,10,1,1,28.3,0.0,140,92,87,5,0
2023-10-02,Parotta,Monday,0,10,1,1,28.3,0.0,40,74,74,0,1
2023-10-02,Veg Noodles,Monday,0,10,1,1,28.3,0.0,120,39,39,0,1
2023-10-03,Biryani,Tuesday,0,10,0,0,30.4,3.8,220,132,108,24,0
2023-10-03,Chicken Curry,Tuesday,0,10,0,0,30.4,3.8,190,40,38,2,0
2023-10-03,Dosa,Tuesday,0,10,0,0,30.4,3.8,70,85,61,24,0
2023-10-03,Filter Coffee,Tuesday,0,10,0,0,30.4,3.8,30,125,88,37,0
2023-10-03,Fried Rice,Tuesday,0,10,0,0,30.4,3.8,160,57,42,15,0
2023-10-03,Idli,Tuesday,0,10,0,0,30.4,3.8,50,103,71,32,0
2023-10-03,Lassi,Tuesday,0,10,0,0,30.4,3.8,60,57,39,18,0
2023-10-03,Meals,Tuesday,0,10,0,0,30.4,3.8,140,85,69,16,0
2023-10-03,Parotta,Tuesday,0,10,0,0,30.4,3.8,40,76,66,10,0
2023-10-03,Veg Noodles,Tuesday,0,10,0,0,30.4,3.8,120,35,33,2,0
2023-10-04,Biryani,Wednesday,0,10,0,0,30.6,1.5,220,143,93,50,0
2023-10-04,Chicken Curry,Wednesday,0,10,0,0,30.6,1.5,190,49,30,19,0
2023-10-04,Dosa,Wednesday,0,10,0,0,30.6,1.5,70,92,66,26,0
2023-10-04,Filter Coffee,Wednesday,0,10,0,0,30.6,1.5,30,103,84,19,0
2023-10-04,Fried Rice,Wednesday,0,10,0,0,30.6,1.5,160,63,53,10,0
2023-10-04,Idli,Wednesday,0,10,0,0,30.6,1.5,50,95,72,23,0
2023-10-04,Lassi,Wednesday,0,10,0,0,30.6,1.5,60,46,35,11,0
2023-10-04,Meals,Wednesday,0,10,0,0,30.6,1.5,140,84,68,16,0
2023-10-04,Parotta,Wednesday,0,10,0,0,30.6,1.5,40,81,59,22,0
2023-10-04,Veg Noodles,Wednesday,0,10,0,0,30.6,1.5,120,36,26,10,0
2023-10-05,Biryani,Thursday,0,10,0,0,27.0,0.0,220,124,101,23,0
2023-10-05,Chicken Curry,Thursday,0,10,0,0,27.0,0.0,190,47,34,13,0
2023-10-05,Dosa,Thursday,0,10,0,0,27.0,0.0,70,79,70,9,0
2023-10-05,Filter Coffee,Thursday,0,10,0,0,27.0,0.0,30,129,101,28,0
2023-10-05,Fried Rice,Thursday,0,10,0,0,27.0,0.0,160,58,40,18,0
2023-10-05,Idli,Thursday,0,10,0,0,27.0,0.0,50,90,79,11,0
2023-10-05,Lassi,Thursday,0,10,0,0,27.0,0.0,60,55,33,22,0
2023-10-05,Meals,Thursday,0,10,0,0,27.0,0.0,140,100,69,31,0
2023-10-05,Parotta,Thursday,0,10,0,0,27.0,0.0,40,83,66,17,0
2023-10-05,Veg Noodles,Thursday,0,10,0,0,27.0,0.0,120,37,35,2,0
2023-10-06,Biryani,Friday,0,10,0,0,27.7,9.6,220,122,92,30,0
2023-10-06,Chicken Curry,Friday,0,10,0,0,27.7,9.6,190,43,36,7,0
2023-10-06,Dosa,Friday,0,10,0,0,27.7,9.6,70,80,62,18,0
2023-10-06,Filter Coffee,Friday,0,10,0,0,27.7,9.6,30,123,104,19,0
2023-10-06,Fried Rice,Friday,0,10,0,0,27.7,9.6,160,56,42,14,0
2023-10-06,Idli,Friday,0,10,0,0,27.7,9.6,50,106,91,15,0
2023-10-06,Lassi,Friday,0,10,0,0,27.7,9.6,60,47,36,11,0
2023-10-06,Meals,Friday,0,10,0,0,27.7,9.6,140,96,64,32,0
2023-10-06,Parotta,Friday,0,10,0,0,27.7,9.6,40,71,64,7,0
2023-10-06,Veg Noodles,Friday,0,10,0,0,27.7,9.6,120,41,29,12,0
2023-10-07,Biryani,Saturday,1,10,0,0,29.3,0.0,220,152,129,23,0
2023-10-07,Chicken Curry,Saturday,1,10,0,0,29.3,0.0,190,57,46,11,0
2023-10-07,Dosa,Saturday,1,10,0,0,29.3,0.0,70,82,70,12,0
2023-10-07,Filter Coffee,Saturday,1,10,0,0,29.3,0.0,30,127,96,31,0
2023-10-07,Fried Rice,Saturday,1,10,0,0,29.3,0.0,160,68,53,15,0
2023-10-07,Idli,Saturday,1,10,0,0,29.3,0.0,50,102,73,29,0
2023-10-07,Lassi,Saturday,1,10,0,0,29.3,0.0,60,53,43,10,0
2023-10-07,Meals,Saturday,1,10,0,0,29.3,0.0,140,85,82,3,0
2023-10-07,Parotta,Saturday,1,10,0,0,29.3,0.0,40,90,69,21,0
2023-10-07,Veg Noodles,Saturday,1,10,0,0,29.3,0.0,120,43,35,8,0
2023-10-08,Biryani,Sunday,1,10,0,0,28.7,0.0,220,171,153,18,0
2023-10-08,Chicken Curry,Sunday,1,10,0,0,28.7,0.0,190,49,45,4,0
2023-10-08,Dosa,Sunday,1,10,0,0,28.7,0.0,70,93,80,13,0
2023-10-08,Filter Coffee,Sunday,1,10,0,0,28.7,0.0,30,116,86,30,0
2023-10-08,Fried Rice,Sunday,1,10,0,0,28.7,0.0,160,72,62,10,0
2023-10-08,Idli,Sunday,1,10,0,0,28.7,0.0,50,100,72,28,0
2023-10-08,Lassi,Sunday,1,10,0,0,28.7,0.0,60,62,47,15,0
2023-10-08,Meals,Sunday,1,10,0,0,28.7,0.0,140,106,67,39,0
2023-10-08,Parotta,Sunday,1,10,0,0,28.7,0.0,40,94,72,22,0
2023-10-08,Veg Noodles,Sunday,1,10,0,0,28.7,0.0,120,46,35,11,0
2023-10-09,Biryani,Monday,0,10,0,0,29.0,27.5,220,117,96,21,0
2023-10-09,Chicken Curry,Monday,0,10,0,0,29.0,27.5,190,46,33,13,0
2023-10-09,Dosa,Monday,0,10,0,0,29.0,27.5,70,77,60,17,0
2023-10-09,Filter Coffee,Monday,0,10,0,0,29.0,27.5,30,119,105,14,0
2023-10-09,Fried Rice,Monday,0,10,0,0,29.0,27.5,160,56,45,11,0
2023-10-09,Idli,Monday,0,10,0,0,29.0,27.5,50,101,81,20,0
2023-10-09,Lassi,Monday,0,10,0,0,29.0,27.5,60,54,37,17,0
2023-10-09,Meals,Monday,0,10,0,0,29.0,27.5,140,92,69,23,0
2023-10-09,Parotta,Monday,0,10,0,0,29.0,27.5,40,84,70,14,0
2023-10-09,Veg Noodles,Monday,0,10,0,0,29.0,27.5,120,42,29,13,0
2023-10-10,Biryani,Tuesday,0,10,0,0,27.9,0.8,220,130,85,45,0
2023-10-10,Chicken Curry,Tuesday,0,10,0,0,27.9,0.8,190,41,34,7,0
2023-10-10,Dosa,Tuesday,0,10,0,0,27.9,0.8,70,91,72,19,0
2023-10-10,Filter Coffee,Tuesday,0,10,0,0,27.9,0.8,30,111,86,25,0
2023-10-10,Fried Rice,Tuesday,0,10,0,0,27.9,0.8,160,51,49,2,0
2023-10-10,Idli,Tuesday,0,10,0,0,27.9,0.8,50,106,77,29,0
2023-10-10,Lassi,Tuesday,0,10,0,0,27.9,0.8,60,45,40,5,0
2023-10-10,Meals,Tuesday,0,10,0,0,27.9,0.8,140,86,77,9,0
2023-10-10,Parotta,Tuesday,0,10,0,0,27.9,0.8,40,85,64,21,0
2023-10-10,Veg Noodles,Tuesday,0,10,0,0,27.9,0.8,120,36,30,6,0
2023-10-11,Biryani,Wednesday,0,10,0,0,29.9,6.1,220,119,104,15,0
2023-10-11,Chicken Curry,Wednesday,0,10,0,0,29.9,6.1,190,47,40,7,0
2023-10-11,Dosa,Wednesday,0,10,0,0,29.9,6.1,70,79,75,4,0
2023-10-11,Filter Coffee,Wednesday,0,10,0,0,29.9,6.1,30,114,87,27,0
2023-10-11,Fried Rice,Wednesday,0,10,0,0,29.9,6.1,160,51,38,13,0
2023-10-11,Idli,Wednesday,0,10,0,0,29.9,6.1,50,104,81,23,0
2023-10-11,Lassi,Wednesday,0,10,0,0,29.9,6.1,60,48,39,9,0
2023-10-11,Meals,Wednesday,0,10,0,0,29.9,6.1,140,88,70,18,0
2023-10-11,Parotta,Wednesday,0,10,0,0,29.9,6.1,40,82,59,23,0
2023-10-11,Veg Noodles,Wednesday,0,10,0,0,29.9,6.1,120,41,28,13,0
2023-10-12,Biryani,Thursday,0,10,0,0,29.7,3.0,220,139,93,46,0
2023-10-12,Chicken Curry,Thursday,0,10,0,0,29.7,3.0,190,40,37,3,0
2023-10-12,Dosa,Thursday,0,10,0,0,29.7,3.0,70,83,64,19,0
2023-10-12,Filter Coffee,Thursday,0,10,0,0,29.7,3.0,30,123,91,32,0
2023-10-12,Fried Rice,Thursday,0,10,0,0,29.7,3.0,160,62,43,19,0
2023-10-12,Idli,Thursday,0,10,0,0,29.7,3.0,50,96,73,23,0
2023-10-12,Lassi,Thursday,0,10,0,0,29.7,3.0,60,55,37,18,0
2023-10-12,Meals,Thursday,0,10,0,0,29.7,3.0,140,95,65,30,0
2023-10-12,Parotta,Thursday,0,10,0,0,29.7,3.0,40,71,57,14,0
2023-10-12,Veg Noodles,Thursday,0,10,0,0,29.7,3.0,120,40,31,9,0
2023-10-13,Biryani,Friday,0,10,0,0,28.8,14.9,220,148,99,49,0
2023-10-13,Chicken Curry,Friday,0,10,0,0,28.8,14.9,190,42,35,7,0
2023-10-13,Dosa,Friday,0,10,0,0,28.8,14.9,70,86,66,20,0
2023-10-13,Filter Coffee,Friday,0,10,0,0,28.8,14.9,30,103,91,12,0
2023-10-13,Fried Rice,Friday,0,10,0,0,28.8,14.9,160,58,40,18,0
2023-10-13,Idli,Friday,0,10,0,0,28.8,14.9,50,102,89,13,0
2023-10-13,Lassi,Friday,0,10,0,0,28.8,14.9,60,48,37,11,0
2023-10-13,Meals,Friday,0,10,0,0,28.8,14.9,140,88,64,24,0
2023-10-13,Parotta,Friday,0,10,0,0,28.8,14.9,40,76,64,12,0
2023-10-13,Veg Noodles,Friday,0,10,0,0,28.8,14.9,120,36,30,6,0
2023-10-14,Biryani,Saturday,1,10,0,0,30.0,0.0,220,148,124,24,0
2023-10-14,Chicken Curry,Saturday,1,10,0,0,30.0,0.0,190,51,39,12,0
2023-10-14,Dosa,Saturday,1,10,0,0,30.0,0.0,70,85,75,10,0
2023-10-14,Filter Coffee,Saturday,1,10,0,0,30.0,0.0,30,102,98,4,0
2023-10-14,Fried Rice,Saturday,1,10,0,0,30.0,0.0,160,59,54,5,0
2023-10-14,Idli,Saturday,1,10,0,0,30.0,0.0,50,99,76,23,0
2023-10-14,Lassi,Saturday,1,10,0,0,30.0,0.0,60,53,46,7,0
2023-10-14,Meals,Saturday,1,10,0,0,30.0,0.0,140,95,72,23,0
2023-10-14,Parotta,Saturday,1,10,0,0,30.0,0.0,40,94,62,32,0
2023-10-14,Veg Noodles,Saturday,1,10,0,0,30.0,0.0,120,41,30,11,0
2023-10-15,Biryani,Sunday,1,10,0,0,29.1,4.1,220,184,131,53,0
2023-10-15,Chicken Curry,Sunday,1,10,0,0,29.1,4.1,190,62,43,19,0
2023-10-15,Dosa,Sunday,1,10,0,0,29.1,4.1,70,98,71,27,0
2023-10-15,Filter Coffee,Sunday,1,10,0,0,29.1,4.1,30,126,89,37,0
2023-10-15,Fried Rice,Sunday,1,10,0,0,29.1,4.1,160,69,48,21,0
2023-10-15,Idli,Sunday,1,10,0,0,29.1,4.1,50,104,92,12,0
2023-10-15,Lassi,Sunday,1,10,0,0,29.1,4.1,60,53,47,6,0
2023-10-15,Meals,Sunday,1,10,0,0,29.1,4.1,140,101,70,31,0
2023-10-15,Parotta,Sunday,1,10,0,0,29.1,4.1,40,91,65,26,0
2023-10-15,Veg Noodles,Sunday,1,10,0,0,29.1,4.1,120,39,32,7,0
2023-10-16,Biryani,Monday,0,10,0,0,27.5,0.0,220,144,98,46,0
2023-10-16,Chicken Curry,Monday,0,10,0,0,27.5,0.0,190,42,34,8,0
2023-10-16,Dosa,Monday,0,10,0,0,27.5,0.0,70,87,54,33,0
2023-10-16,Filter Coffee,Monday,0,10,0,0,27.5,0.0,30,104,92,12,0
2023-10-16,Fried Rice,Monday,0,10,0,0,27.5,0.0,160,64,41,23,0
2023-10-16,Idli,Monday,0,10,0,0,27.5,0.0,50,101,74,27,0
2023-10-16,Lassi,Monday,0,10,0,0,27.5,0.0,60,46,37,9,0
2023-10-16,Meals,Monday,0,10,0,0,27.5,0.0,140,83,72,11,0
2023-10-16,Parotta,Monday,0,10,0,0,27.5,0.0,40,78,51,27,0
2023-10-16,Veg Noodles,Monday,0,10,0,0,27.5,0.0,120,35,27,8,0
2023-10-17,Biryani,Tuesday,0,10,0,0,28.9,0.6,220,117,96,21,0
2023-10-17,Chicken Curry,Tuesday,0,10,0,0,28.9,0.6,190,46,31,15,0
2023-10-17,Dosa,Tuesday,0,10,0,0,28.9,0.6,70,89,65,24,0
2023-10-17,Filter Coffee,Tuesday,0,10,0,0,28.9,0.6,30,122,86,36,0
2023-10-17,Fried Rice,Tuesday,0,10,0,0,28.9,0.6,160,51,47,4,0
2023-10-17,Idli,Tuesday,0,10,0,0,28.9,0.6,50,101,91,10,0
2023-10-17,Lassi,Tuesday,0,10,0,0,28.9,0.6,60,56,36,20,0
2023-10-17,Meals,Tuesday,0,10,0,0,28.9,0.6,140,100,63,37,0
2023-10-17,Parotta,Tuesday,0,10,0,0,28.9,0.6,40,85,53,32,0
2023-10-17,Veg Noodles,Tuesday,0,10,0,0,28.9,0.6,120,36,29,7,0
2023-10-18,Biryani,Wednesday,0,10,0,0,27.2,7.6,220,124,101,23,0
2023-10-18,Chicken Curry,Wednesday,0,10,0,0,27.2,7.6,190,45,34,11,0
2023-10-18,Dosa,Wednesday,0,10,0,0,27.2,7.6,70,86,69,17,0
2023-10-18,Filter Coffee,Wednesday,0,10,0,0,27.2,7.6,30,107,105,2,0
2023-10-18,Fried Rice,Wednesday,0,10,0,0,27.2,7.6,160,51,49,2,0
2023-10-18,Idli,Wednesday,0,10,0,0,27.2,7.6,50,115,92,23,0
2023-10-18,Lassi,Wednesday,0,10,0,0,27.2,7.6,60,46,37,9,0
2023-10-18,Meals,Wednesday,0,10,0,0,27.2,7.6,140,87,75,12,0
2023-10-18,Parotta,Wednesday,0,10,0,0,27.2,7.6,40,84,72,12,0
2023-10-18,Veg Noodles,Wednesday,0,10,0,0,27.2,7.6,120,36,31,5,0
2023-10-19,Biryani,Thursday,0,10,0,0,29.3,4.4,220,132,97,35,0
2023-10-19,Chicken Curry,Thursday,0,10,0,0,29.3,4.4,190,49,39,10,0
2023-10-19,Dosa,Thursday,0,10,0,0,29.3,4.4,70,83,70,13,0
2023-10-19,Filter Coffee,Thursday,0,10,0,0,29.3,4.4,30,112,88,24,0
2023-10-19,Fried Rice,Thursday,0,10,0,0,29.3,4.4,160,57,44,13,0
2023-10-19,Idli,Thursday,0,10,0,0,29.3,4.4,50,113,78,35,0
2023-10-19,Lassi,Thursday,0,10,0,0,29.3,4.4,60,52,40,12,0
2023-10-19,Meals,Thursday,0,10,0,0,29.3,4.4,140,88,71,17,0
2023-10-19,Parotta,Thursday,0,10,0,0,29.3,4.4,40,81,58,23,0
2023-10-19,Veg Noodles,Thursday,0,10,0,0,29.3,4.4,120,42,28,14,0
2023-10-20,Biryani,Friday,0,10,0,0,28.1,0.0,220,123,99,24,0
2023-10-20,Chicken Curry,Friday,0,10,0,0,28.1,0.0,190,45,36,9,0
2023-10-20,Dosa,Friday,0,10,0,0,28.1,0.0,70,84,62,22,0
2023-10-20,Filter Coffee,Friday,0,10,0,0,28.1,0.0,30,110,102,8,0
2023-10-20,Fried Rice,Friday,0,10,0,0,28.1,0.0,160,63,50,13,0
2023-10-20,Idli,Friday,0,10,0,0,28.1,0.0,50,95,77,18,0
2023-10-20,Lassi,Friday,0,10,0,0,28.1,0.0,60,55,43,12,0
2023-10-20,Meals,Friday,0,10,0,0,28.1,0.0,140,96,73,23,0
2023-10-20,Parotta,Friday,0,10,0,0,28.1,0.0,40,87,73,14,0
2023-10-20,Veg Noodles,Friday,0,10,0,0,28.1,0.0,120,44,34,10,0
2023-10-21,Biryani,Saturday,1,10,0,0,27.9,0.0,220,147,116,31,0
2023-10-21,Chicken Curry,Saturday,1,10,0,0,27.9,0.0,190,52,40,12,0
2023-10-21,Dosa,Saturday,1,10,0,0,27.9,0.0,70,94,68,26,0
2023-10-21,Filter Coffee,Saturday,1,10,0,0,27.9,0.0,30,115,101,14,0
2023-10-21,Fried Rice,Saturday,1,10,0,0,27.9,0.0,160,64,53,11,0
2023-10-21,Idli,Saturday,1,10,0,0,27.9,0.0,50,109,72,37,0
2023-10-21,Lassi,Saturday,1,10,0,0,27.9,0.0,60,49,38,11,0
2023-10-21,Meals,Saturday,1,10,0,0,27.9,0.0,140,96,82,14,0
2023-10-21,Parotta,Saturday,1,10,0,0,27.9,0.0,40,76,68,8,0
2023-10-21,Veg Noodles,Saturday,1,10,0,0,27.9,0.0,120,43,33,10,0
2023-10-22,Biryani,Sunday,1,10,0,0,27.2,19.4,220,155,129,26,0
2023-10-22,Chicken Curry,Sunday,1,10,0,0,27.2,19.4,190,62,45,17,0
2023-10-22,Dosa,Sunday,1,10,0,0,27.2,19.4,70,89,80,9,0
2023-10-22,Filter Coffee,Sunday,1,10,0,0,27.2,19.4,30,125,97,28,0
2023-10-22,Fried Rice,Sunday,1,10,0,0,27.2,19.4,160,76,53,23,0
2023-10-22,Idli,Sunday,1,10,0,0,27.2,19.4,50,88,73,15,0
2023-10-22,Lassi,Sunday,1,10,0,0,27.2,19.4,60,60,37,23,0
2023-10-22,Meals,Sunday,1,10,0,0,27.2,19.4,140,94,73,21,0
2023-10-22,Parotta,Sunday,1,10,0,0,27.2,19.4,40,95,72,23,0
2023-10-22,Veg Noodles,Sunday,1,10,0,0,27.2,19.4,120,47,34,13,0
2023-10-23,Biryani,Monday,0,10,0,0,29.4,0.0,220,143,99,44,0
2023-10-23,Chicken Curry,Monday,0,10,0,0,29.4,0.0,190,43,42,1,0
2023-10-23,Dosa,Monday,0,10,0,0,29.4,0.0,70,82,65,17,0
2023-10-23,Filter Coffee,Monday,0,10,0,0,29.4,0.0,30,126,91,35,0
2023-10-23,Fried Rice,Monday,0,10,0,0,29.4,0.0,160,51,41,10,0
2023-10-23,Idli,Monday,0,10,0,0,29.4,0.0,50,112,80,32,0
2023-10-23,Lassi,Monday,0,10,0,0,29.4,0.0,60,49,42,7,0
2023-10-23,Meals,Monday,0,10,0,0,29.4,0.0,140,93,66,27,0
2023-10-23,Parotta,Monday,0,10,0,0,29.4,0.0,40,86,53,33,0
2023-10-23,Veg Noodles,Monday,0,10,0,0,29.4,0.0,120,43,30,13,0
2023-10-24,Biryani,Tuesday,0,10,0,0,27.7,0.0,220,126,91,35,0
2023-10-24,Chicken Curry,Tuesday,0,10,0,0,27.7,0.0,190,44,35,9,0
2023-10-24,Dosa,Tuesday,0,10,0,0,27.7,0.0,70,77,58,19,0
2023-10-24,Filter Coffee,Tuesday,0,10,0,0,27.7,0.0,30,108,90,18,0
2023-10-24,Fried Rice,Tuesday,0,10,0,0,27.7,0.0,160,56,48,8,0
2023-10-24,Idli,Tuesday,0,10,0,0,27.7,0.0,50,95,81,14,0
2023-10-24,Lassi,Tuesday,0,10,0,0,27.7,0.0,60,56,36,20,0
2023-10-24,Meals,Tuesday,0,10,0,0,27.7,0.0,140,99,68,31,0
2023-10-24,Parotta,Tuesday,0,10,0,0,27.7,0.0,40,69,61,8,0
2023-10-24,Veg Noodles,Tuesday,0,10,0,0,27.7,0.0,120,38,34,4,0
2023-10-25,Biryani,Wednesday,0,10,0,0,27.3,22.5,220,137,105,32,0
2023-10-25,Chicken Curry,Wednesday,0,10,0,0,27.3,22.5,190,49,40,9,0
2023-10-25,Dosa,Wednesday,0,10,0,0,27.3,22.5,70,87,74,13,0
2023-10-25,Filter Coffee,Wednesday,0,10,0,0,27.3,22.5,30,111,107,4,0
2023-10-25,Fried Rice,Wednesday,0,10,0,0,27.3,22.5,160,56,47,9,0
2023-10-25,Idli,Wednesday,0,10,0,0,27.3,22.5,50,101,74,27,0
2023-10-25,Lassi,Wednesday,0,10,0,0,27.3,22.5,60,55,33,22,0
2023-10-25,Meals,Wednesday,0,10,0,0,27.3,22.5,140,97,70,27,0
2023-10-25,Parotta,Wednesday,0,10,0,0,27.3,22.5,40,72,72,0,1
2023-10-25,Veg Noodles,Wednesday,0,10,0,0,27.3,22.5,120,39,27,12,0
2023-10-26,Biryani,Thursday,0,10,0,0,27.3,0.0,220,125,82,43,0
2023-10-26,Chicken Curry,Thursday,0,10,0,0,27.3,0.0,190,43,34,9,0
2023-10-26,Dosa,Thursday,0,10,0,0,27.3,0.0,70,75,64,11,0
2023-10-26,Filter Coffee,Thursday,0,10,0,0,27.3,0.0,30,125,93,32,0
2023-10-26,Fried Rice,Thursday,0,10,0,0,27.3,0.0,160,56,49,7,0
2023-10-26,Idli,Thursday,0,10,0,0,27.3,0.0,50,115,97,18,0
2023-10-26,Lassi,Thursday,0,10,0,0,27.3,0.0,60,55,41,14,0
2023-10-26,Meals,Thursday,0,10,0,0,27.3,0.0,140,97,70,27,0
2023-10-26,Parotta,Thursday,0,10,0,0,27.3,0.0,40,83,69,14,0
2023-10-26,Veg Noodles,Thursday,0,10,0,0,27.3,0.0,120,40,35,5,0
2023-10-27,Biryani,Friday,0,10,0,0,28.3,11.9,220,125,102,23,0
2023-10-27,Chicken Curry,Friday,0,10,0,0,28.3,11.9,190,46,37,9,0
2023-10-27,Dosa,Friday,0,10,0,0,28.3,11.9,70,96,74,22,0
2023-10-27,Filter Coffee,Friday,0,10,0,0,28.3,11.9,30,104,94,10,0
2023-10-27,Fried Rice,Friday,0,10,0,0,28.3,11.9,160,60,48,12,0
2023-10-27,Idli,Friday,0,10,0,0,28.3,11.9,50,91,80,11,0
2023-10-27,Lassi,Friday,0,10,0,0,28.3,11.9,60,52,34,18,0
2023-10-27,Meals,Friday,0,10,0,0,28.3,11.9,140,86,67,19,0
2023-10-27,Parotta,Friday,0,10,0,0,28.3,11.9,40,80,66,14,0
2023-10-27,Veg Noodles,Friday,0,10,0,0,28.3,11.9,120,44,34,10,0
2023-10-28,Biryani,Saturday,1,10,0,0,28.0,3.0,220,165,113,52,0
2023-10-28,Chicken Curry,Saturday,1,10,0,0,28.0,3.0,190,49,41,8,0
2023-10-28,Dosa,Saturday,1,10,0,0,28.0,3.0,70,81,63,18,0
2023-10-28,Filter Coffee,Saturday,1,10,0,0,28.0,3.0,30,105,94,11,0
2023-10-28,Fried Rice,Saturday,1,10,0,0,28.0,3.0,160,69,46,23,0
2023-10-28,Idli,Saturday,1,10,0,0,28.0,3.0,50,107,78,29,0
2023-10-28,Lassi,Saturday,1,10,0,0,28.0,3.0,60,60,48,12,0
2023-10-28,Meals,Saturday,1,10,0,0,28.0,3.0,140,92,62,30,0
2023-10-28,Parotta,Saturday,1,10,0,0,28.0,3.0,40,76,61,15,0
2023-10-28,Veg Noodles,Saturday,1,10,0,0,28.0,3.0,120,45,33,12,0
2023-10-29,Biryani,Sunday,1,10,0,0,28.0,0.0,220,145,132,13,0
2023-10-29,Chicken Curry,Sunday,1,10,0,0,28.0,0.0,190,60,41,19,0
2023-10-29,Dosa,Sunday,1,10,0,0,28.0,0.0,70,90,72,18,0
2023-10-29,Filter Coffee,Sunday,1,10,0,0,28.0,0.0,30,115,82,33,0
2023-10-29,Fried Rice,Sunday,1,10,0,0,28.0,0.0,160,66,58,8,0
2023-10-29,Idli,Sunday,1,10,0,0,28.0,0.0,50,96,72,24,0
2023-10-29,Lassi,Sunday,1,10,0,0,28.0,0.0,60,60,41,19,0
2023-10-29,Meals,Sunday,1,10,0,0,28.0,0.0,140,97,72,25,0
2023-10-29,Parotta,Sunday,1,10,0,0,28.0,0.0,40,84,65,19,0
2023-10-29,Veg Noodles,Sunday,1,10,0,0,28.0,0.0,120,40,39,1,0
2023-10-30,Biryani,Monday,0,10,0,0,28.0,12.4,220,115,104,11,0
2023-10-30,Chicken Curry,Monday,0,10,0,0,28.0,12.4,190,50,35,15,0
2023-10-30,Dosa,Monday,0,10,0,0,28.0,12.4,70,78,69,9,0
2023-10-30,Filter Coffee,Monday,0,10,0,0,28.0,12.4,30,124,97,27,0
2023-10-30,Fried Rice,Monday,0,10,0,0,28.0,12.4,160,61,45,16,0
2023-10-30,Idli,Monday,0,10,0,0,28.0,12.4,50,93,81,12,0
2023-10-30,Lassi,Monday,0,10,0,0,28.0,12.4,60,50,39,11,0
2023-10-30,Meals,Monday,0,10,0,0,28.0,12.4,140,80,73,7,0
2023-10-30,Parotta,Monday,0,10,0,0,28.0,12.4,40,74,58,16,0
2023-10-30,Veg Noodles,Monday,0,10,0,0,28.0,12.4,120,41,29,12,0
2023-10-31,Biryani,Tuesday,0,10,0,0,29.9,12.9,220,124,107,17,0
2023-10-31,Chicken Curry,Tuesday,0,10,0,0,29.9,12.9,190,46,38,8,0
2023-10-31,Dosa,Tuesday,0,10,0,0,29.9,12.9,70,79,66,13,0
2023-10-31,Filter Coffee,Tuesday,0,10,0,0,29.9,12.9,30,111,100,11,0
2023-10-31,Fried Rice,Tuesday,0,10,0,0,29.9,12.9,160,53,43,10,0
2023-10-31,Idli,Tuesday,0,10,0,0,29.9,12.9,50,114,80,34,0
2023-10-31,Lassi,Tuesday,0,10,0,0,29.9,12.9,60,46,38,8,0
2023-10-31,Meals,Tuesday,0,10,0,0,29.9,12.9,140,96,71,25,0
2023-10-31,Parotta,Tuesday,0,10,0,0,29.9,12.9,40,74,68,6,0
2023-10-31,Veg Noodles,Tuesday,0,10,0,0,29.9,12.9,120,36,30,6,0
2023-11-01,Biryani,Wednesday,0,11,0,0,26.8,0.0,220,135,96,39,0
2023-11-01,Chicken Curry,Wednesday,0,11,0,0,26.8,0.0,190,46,33,13,0
2023-11-01,Dosa,Wednesday,0,11,0,0,26.8,0.0,70,80,60,20,0
2023-11-01,Filter Coffee,Wednesday,0,11,0,0,26.8,0.0,30,103,96,7,0
2023-11-01,Fried Rice,Wednesday,0,11,0,0,26.8,0.0,160,59,45,14,0
2023-11-01,Idli,Wednesday,0,11,0,0,26.8,0.0,50,104,81,23,0
2023-11-01,Lassi,Wednesday,0,11,0,0,26.8,0.0,60,46,37,9,0
2023-11-01,Meals,Wednesday,0,11,0,0,26.8,0.0,140,86,78,8,0
2023-11-01,Parotta,Wednesday,0,11,0,0,26.8,0.0,40,84,69,15,0
2023-11-01,Veg Noodles,Wednesday,0,11,0,0,26.8,0.0,120,36,29,7,0
2023-11-02,Biryani,Thursday,0,11,0,0,26.6,11.3,220,124,105,19,0
2023-11-02,Chicken Curry,Thursday,0,11,0,0,26.6,11.3,190,44,36,8,0
2023-11-02,Dosa,Thursday,0,11,0,0,26.6,11.3,70,88,55,33,0
2023-11-02,Filter Coffee,Thursday,0,11,0,0,26.6,11.3,30,129,107,22,0
2023-11-02,Fried Rice,Thursday,0,11,0,0,26.6,11.3,160,56,43,13,0
2023-11-02,Idli,Thursday,0,11,0,0,26.6,11.3,50,113,83,30,0
2023-11-02,Lassi,Thursday,0,11,0,0,26.6,11.3,60,48,34,14,0
2023-11-02,Meals,Thursday,0,11,0,0,26.6,11.3,140,85,83,2,0
2023-11-02,Parotta,Thursday,0,11,0,0,26.6,11.3,40,80,63,17,0
2023-11-02,Veg Noodles,Thursday,0,11,0,0,26.6,11.3,120,39,33,6,0
2023-11-03,Biryani,Friday,0,11,0,0,26.2,0.0,220,122,111,11,0
2023-11-03,Chicken Curry,Friday,0,11,0,0,26.2,0.0,190,42,40,2,0
2023-11-03,Dosa,Friday,0,11,0,0,26.2,0.0,70,79,76,3,0
2023-11-03,Filter Coffee,Friday,0,11,0,0,26.2,0.0,30,128,93,35,0
2023-11-03,Fried Rice,Friday,0,11,0,0,26.2,0.0,160,61,52,9,0
2023-11-03,Idli,Friday,0,11,0,0,26.2,0.0,50,111,85,26,0
2023-11-03,Lassi,Friday,0,11,0,0,26.2,0.0,60,50,39,11,0
2023-11-03,Meals,Friday,0,11,0,0,26.2,0.0,140,86,76,10,0
2023-11-03,Parotta,Friday,0,11,0,0,26.2,0.0,40,85,61,24,0
2023-11-03,Veg Noodles,Friday,0,11,0,0,26.2,0.0,120,42,30,12,0
2023-11-04,Biryani,Saturday,1,11,0,0,27.8,0.0,220,145,104,41,0
2023-11-04,Chicken Curry,Saturday,1,11,0,0,27.8,0.0,190,47,38,9,0
2023-11-04,Dosa,Saturday,1,11,0,0,27.8,0.0,70,84,71,13,0
2023-11-04,Filter Coffee,Saturday,1,11,0,0,27.8,0.0,30,120,90,30,0
2023-11-04,Fried Rice,Saturday,1,11,0,0,27.8,0.0,160,59,46,13,0
2023-11-04,Idli,Saturday,1,11,0,0,27.8,0.0,50,87,79,8,0
2023-11-04,Lassi,Saturday,1,11,0,0,27.8,0.0,60,62,39,23,0
2023-11-04,Meals,Saturday,1,11,0,0,27.8,0.0,140,89,82,7,0
2023-11-04,Parotta,Saturday,1,11,0,0,27.8,0.0,40,74,74,0,1
2023-11-04,Veg Noodles,Saturday,1,11,0,0,27.8,0.0,120,39,33,6,0
2023-11-05,Biryani,Sunday,1,11,0,0,28.4,0.0,220,155,152,3,0
2023-11-05,Chicken Curry,Sunday,1,11,0,0,28.4,0.0,190,51,48,3,0
2023-11-05,Dosa,Sunday,1,11,0,0,28.4,0.0,70,83,79,4,0
2023-11-05,Filter Coffee,Sunday,1,11,0,0,28.4,0.0,30,121,85,36,0
2023-11-05,Fried Rice,Sunday,1,11,0,0,28.4,0.0,160,77,50,27,0
2023-11-05,Idli,Sunday,1,11,0,0,28.4,0.0,50,91,80,11,0
2023-11-05,Lassi,Sunday,1,11,0,0,28.4,0.0,60,65,41,24,0
2023-11-05,Meals,Sunday,1,11,0,0,28.4,0.0,140,92,80,12,0
2023-11-05,Parotta,Sunday,1,11,0,0,28.4,0.0,40,88,65,23,0
2023-11-05,Veg Noodles,Sunday,1,11,0,0,28.4,0.0,120,43,37,6,0
2023-11-06,Biryani,Monday,0,11,0,0,26.8,0.0,220,113,91,22,0
2023-11-06,Chicken Curry,Monday,0,11,0,0,26.8,0.0,190,41,36,5,0
2023-11-06,Dosa,Monday,0,11,0,0,26.8,0.0,70,80,71,9,0
2023-11-06,Filter Coffee,Monday,0,11,0,0,26.8,0.0,30,128,92,36,0
2023-11-06,Fried Rice,Monday,0,11,0,0,26.8,0.0,160,64,45,19,0
2023-11-06,Idli,Monday,0,11,0,0,26.8,0.0,50,99,81,18,0
2023-11-06,Lassi,Monday,0,11,0,0,26.8,0.0,60,47,42,5,0
2023-11-06,Meals,Monday,0,11,0,0,26.8,0.0,140,92,81,11,0
2023-11-06,Parotta,Monday,0,11,0,0,26.8,0.0,40,74,61,13,0
2023-11-06,Veg Noodles,Monday,0,11,0,0,26.8,0.0,120,41,33,8,0
2023-11-07,Biryani,Tuesday,0,11,0,0,25.9,0.0,220,130,106,24,0
2023-11-07,Chicken Curry,Tuesday,0,11,0,0,25.9,0.0,190,47,35,12,0
2023-11-07,Dosa,Tuesday,0,11,0,0,25.9,0.0,70,93,69,24,0
2023-11-07,Filter Coffee,Tuesday,0,11,0,0,25.9,0.0,30,120,112,8,0
2023-11-07,Fried Rice,Tuesday,0,11,0,0,25.9,0.0,160,63,52,11,0
2023-11-07,Idli,Tuesday,0,11,0,0,25.9,0.0,50,104,83,21,0
2023-11-07,Lassi,Tuesday,0,11,0,0,25.9,0.0,60,57,35,22,0
2023-11-07,Meals,Tuesday,0,11,0,0,25.9,0.0,140,92,82,10,0
2023-11-07,Parotta,Tuesday,0,11,0,0,25.9,0.0,40,84,63,21,0
2023-11-07,Veg Noodles,Tuesday,0,11,0,0,25.9,0.0,120,35,29,6,0
2023-11-08,Biryani,Wednesday,0,11,0,0,25.8,0.0,220,117,106,11,0
2023-11-08,Chicken Curry,Wednesday,0,11,0,0,25.8,0.0,190,41,30,11,0
2023-11-08,Dosa,Wednesday,0,11,0,0,25.8,0.0,70,81,64,17,0
2023-11-08,Filter Coffee,Wednesday,0,11,0,0,25.8,0.0,30,124,98,26,0
2023-11-08,Fried Rice,Wednesday,0,11,0,0,25.8,0.0,160,64,50,14,0
2023-11-08,Idli,Wednesday,0,11,0,0,25.8,0.0,50,92,80,12,0
2023-11-08,Lassi,Wednesday,0,11,0,0,25.8,0.0,60,54,33,21,0
2023-11-08,Meals,Wednesday,0,11,0,0,25.8,0.0,140,85,77,8,0
2023-11-08,Parotta,Wednesday,0,11,0,0,25.8,0.0,40,86,57,29,0
2023-11-08,Veg Noodles,Wednesday,0,11,0,0,25.8,0.0,120,42,33,9,0
2023-11-09,Biryani,Thursday,0,11,0,0,27.5,10.1,220,122,102,20,0
2023-11-09,Chicken Curry,Thursday,0,11,0,0,27.5,10.1,190,40,35,5,0
2023-11-09,Dosa,Thursday,0,11,0,0,27.5,10.1,70,90,69,21,0
2023-11-09,Filter Coffee,Thursday,0,11,0,0,27.5,10.1,30,115,93,22,0
2023-11-09,Fried Rice,Thursday,0,11,0,0,27.5,10.1,160,53,40,13,0
2023-11-09,Idli,Thursday,0,11,0,0,27.5,10.1,50,100,90,10,0
2023-11-09,Lassi,Thursday,0,11,0,0,27.5,10.1,60,52,32,20,0
2023-11-09,Meals,Thursday,0,11,0,0,27.5,10.1,140,84,75,9,0
2023-11-09,Parotta,Thursday,0,11,0,0,27.5,10.1,40,76,59,17,0
2023-11-09,Veg Noodles,Thursday,0,11,0,0,27.5,10.1,120,38,28,10,0
2023-11-10,Biryani,Friday,0,11,0,0,27.6,9.3,220,142,102,40,0
2023-11-10,Chicken Curry,Friday,0,11,0,0,27.6,9.3,190,46,39,7,0
2023-11-10,Dosa,Friday,0,11,0,0,27.6,9.3,70,85,76,9,0
2023-11-10,Filter Coffee,Friday,0,11,0,0,27.6,9.3,30,108,90,18,0
2023-11-10,Fried Rice,Friday,0,11,0,0,27.6,9.3,160,61,53,8,0
2023-11-10,Idli,Friday,0,11,0,0,27.6,9.3,50,109,83,26,0
2023-11-10,Lassi,Friday,0,11,0,0,27.6,9.3,60,59,43,16,0
2023-11-10,Meals,Friday,0,11,0,0,27.6,9.3,140,99,71,28,0
2023-11-10,Parotta,Friday,0,11,0,0,27.6,9.3,40,89,60,29,0
2023-11-10,Veg Noodles,Friday,0,11,0,0,27.6,9.3,120,41,26,15,0
2023-11-11,Biryani,Saturday,1,11,0,0,27.3,0.0,220,160,128,32,0
2023-11-11,Chicken Curry,Saturday,1,11,0,0,27.3,0.0,190,48,47,1,0
2023-11-11,Dosa,Saturday,1,11,0,0,27.3,0.0,70,88,70,18,0
2023-11-11,Filter Coffee,Saturday,1,11,0,0,27.3,0.0,30,126,83,43,0
2023-11-11,Fried Rice,Saturday,1,11,0,0,27.3,0.0,160,62,57,5,0
2023-11-11,Idli,Saturday,1,11,0,0,27.3,0.0,50,91,77,14,0
2023-11-11,Lassi,Saturday,1,11,0,0,27.3,0.0,60,59,38,21,0
2023-11-11,Meals,Saturday,1,11,0,0,27.3,0.0,140,84,73,11,0
2023-11-11,Parotta,Saturday,1,11,0,0,27.3,0.0,40,75,75,0,0
2023-11-11,Veg Noodles,Saturday,1,11,0,0,27.3,0.0,120,38,32,6,0
2023-11-12,Biryani,Sunday,1,11,1,0,25.7,0.0,220,156,138,18,0
2023-11-12,Chicken Curry,Sunday,1,11,1,0,25.7,0.0,190,51,51,0,1
2023-11-12,Dosa,Sunday,1,11,1,0,25.7,0.0,70,100,100,0,0
2023-11-12,Filter Coffee,Sunday,1,11,1,0,25.7,0.0,30,121,106,15,0
2023-11-12,Fried Rice,Sunday,1,11,1,0,25.7,0.0,160,76,59,17,0
2023-11-12,Idli,Sunday,1,11,1,0,25.7,0.0,50,101,89,12,0
2023-11-12,Lassi,Sunday,1,11,1,0,25.7,0.0,60,60,55,5,0
2023-11-12,Meals,Sunday,1,11,1,0,25.7,0.0,140,96,87,9,0
2023-11-12,Parotta,Sunday,1,11,1,0,25.7,0.0,40,86,86,0,1
2023-11-12,Veg Noodles,Sunday,1,11,1,0,25.7,0.0,120,50,45,5,0
2023-11-13,Biryani,Monday,0,11,0,0,26.8,8.8,220,123,100,23,0
2023-11-13,Chicken Curry,Monday,0,11,0,0,26.8,8.8,190,41,39,2,0
2023-11-13,Dosa,Monday,0,11,0,0,26.8,8.8,70,74,59,15,0
2023-11-13,Filter Coffee,Monday,0,11,0,0,26.8,8.8,30,110,104,6,0
2023-11-13,Fried Rice,Monday,0,11,0,0,26.8,8.8,160,54,37,17,0
2023-11-13,Idli,Monday,0,11,0,0,26.8,8.8,50,102,82,20,0
2023-11-13,Lassi,Monday,0,11,0,0,26.8,8.8,60,48,36,12,0
2023-11-13,Meals,Monday,0,11,0,0,26.8,8.8,140,91,75,16,0
2023-11-13,Parotta,Monday,0,11,0,0,26.8,8.8,40,83,62,21,0
2023-11-13,Veg Noodles,Monday,0,11,0,0,26.8,8.8,120,43,30,13,0
2023-11-14,Biryani,Tuesday,0,11,0,0,26.6,0.0,220,121,98,23,0
2023-11-14,Chicken Curry,Tuesday,0,11,0,0,26.6,0.0,190,42,32,10,0
2023-11-14,Dosa,Tuesday,0,11,0,0,26.6,0.0,70,91,58,33,0
2023-11-14,Filter Coffee,Tuesday,0,11,0,0,26.6,0.0,30,120,92,28,0
2023-11-14,Fried Rice,Tuesday,0,11,0,0,26.6,0.0,160,54,46,8,0
2023-11-14,Idli,Tuesday,0,11,0,0,26.6,0.0,50,92,82,10,0
2023-11-14,Lassi,Tuesday,0,11,0,0,26.6,0.0,60,48,37,11,0
2023-11-14,Meals,Tuesday,0,11,0,0,26.6,0.0,140,92,67,25,0
2023-11-14,Parotta,Tuesday,0,11,0,0,26.6,0.0,40,75,60,15,0
2023-11-14,Veg Noodles,Tuesday,0,11,0,0,26.6,0.0,120,36,29,7,0
2023-11-15,Biryani,Wednesday,0,11,0,0,26.6,4.0,220,144,96,48,0
2023-11-15,Chicken Curry,Wednesday,0,11,0,0,26.6,4.0,190,46,35,11,0
2023-11-15,Dosa,Wednesday,0,11,0,0,26.6,4.0,70,84,72,12,0
2023-11-15,Filter Coffee,Wednesday,0,11,0,0,26.6,4.0,30,125,90,35,0
2023-11-15,Fried Rice,Wednesday,0,11,0,0,26.6,4.0,160,61,50,11,0
2023-11-15,Idli,Wednesday,0,11,0,0,26.6,4.0,50,95,82,13,0
2023-11-15,Lassi,Wednesday,0,11,0,0,26.6,4.0,60,57,36,21,0
2023-11-15,Meals,Wednesday,0,11,0,0,26.6,4.0,140,99,70,29,0
2023-11-15,Parotta,Wednesday,0,11,0,0,26.6,4.0,40,85,58,27,0
2023-11-15,Veg Noodles,Wednesday,0,11,0,0,26.6,4.0,120,40,31,9,0
2023-11-16,Biryani,Thursday,0,11,0,0,27.3,0.0,220,119,106,13,0
2023-11-16,Chicken Curry,Thursday,0,11,0,0,27.3,0.0,190,48,39,9,0
2023-11-16,Dosa,Thursday,0,11,0,0,27.3,0.0,70,81,62,19,0
2023-11-16,Filter Coffee,Thursday,0,11,0,0,27.3,0.0,30,109,88,21,0
2023-11-16,Fried Rice,Thursday,0,11,0,0,27.3,0.0,160,52,52,0,0
2023-11-16,Idli,Thursday,0,11,0,0,27.3,0.0,50,94,78,16,0
2023-11-16,Lassi,Thursday,0,11,0,0,27.3,0.0,60,48,44,4,0
2023-11-16,Meals,Thursday,0,11,0,0,27.3,0.0,140,93,59,34,0
2023-11-16,Parotta,Thursday,0,11,0,0,27.3,0.0,40,72,61,11,0
2023-11-16,Veg Noodles,Thursday,0,11,0,0,27.3,0.0,120,42,31,11,0
2023-11-17,Biryani,Friday,0,11,0,0,26.5,12.1,220,127,116,11,0
2023-11-17,Chicken Curry,Friday,0,11,0,0,26.5,12.1,190,52,35,17,0
2023-11-17,Dosa,Friday,0,11,0,0,26.5,12.1,70,95,80,15,0
2023-11-17,Filter Coffee,Friday,0,11,0,0,26.5,12.1,30,124,105,19,0
2023-11-17,Fried Rice,Friday,0,11,0,0,26.5,12.1,160,64,44,20,0
2023-11-17,Idli,Friday,0,11,0,0,26.5,12.1,50,105,87,18,0
2023-11-17,Lassi,Friday,0,11,0,0,26.5,12.1,60,47,30,17,0
2023-11-17,Meals,Friday,0,11,0,0,26.5,12.1,140,102,83,19,0
2023-11-17,Parotta,Friday,0,11,0,0,26.5,12.1,40,86,62,24,0
2023-11-17,Veg Noodles,Friday,0,11,0,0,26.5,12.1,120,36,33,3,0
2023-11-18,Biryani,Saturday,1,11,0,0,27.0,14.4,220,150,114,36,0
2023-11-18,Chicken Curry,Saturday,1,11,0,0,27.0,14.4,190,55,45,10,0
2023-11-18,Dosa,Saturday,1,11,0,0,27.0,14.4,70,86,79,7,0
2023-11-18,Filter Coffee,Saturday,1,11,0,0,27.0,14.4,30,104,99,5,0
2023-11-18,Fried Rice,Saturday,1,11,0,0,27.0,14.4,160,61,58,3,0
2023-11-18,Idli,Saturday,1,11,0,0,27.0,14.4,50,89,86,3,0
2023-11-18,Lassi,Saturday,1,11,0,0,27.0,14.4,60,53,38,15,0
2023-11-18,Meals,Saturday,1,11,0,0,27.0,14.4,140,103,72,31,0
2023-11-18,Parotta,Saturday,1,11,0,0,27.0,14.4,40,79,68,11,0
2023-11-18,Veg Noodles,Saturday,1,11,0,0,27.0,14.4,120,43,29,14,0
2023-11-19,Biryani,Sunday,1,11,0,0,26.2,11.3,220,153,137,16,0
2023-11-19,Chicken Curry,Sunday,1,11,0,0,26.2,11.3,190,58,47,11,0
2023-11-19,Dosa,Sunday,1,11,0,0,26.2,11.3,70,104,84,20,0
2023-11-19,Filter Coffee,Sunday,1,11,0,0,26.2,11.3,30,120,95,25,0
2023-11-19,Fried Rice,Sunday,1,11,0,0,26.2,11.3,160,72,46,26,0
2023-11-19,Idli,Sunday,1,11,0,0,26.2,11.3,50,104,90,14,0
2023-11-19,Lassi,Sunday,1,11,0,0,26.2,11.3,60,58,38,20,0
2023-11-19,Meals,Sunday,1,11,0,0,26.2,11.3,140,89,78,11,0
2023-11-19,Parotta,Sunday,1,11,0,0,26.2,11.3,40,83,74,9,0
2023-11-19,Veg Noodles,Sunday,1,11,0,0,26.2,11.3,120,49,35,14,0
2023-11-20,Biryani,Monday,0,11,0,0,26.4,20.5,220,118,99,19,0
2023-11-20,Chicken Curry,Monday,0,11,0,0,26.4,20.5,190,50,37,13,0
2023-11-20,Dosa,Monday,0,11,0,0,26.4,20.5,70,93,72,21,0
2023-11-20,Filter Coffee,Monday,0,11,0,0,26.4,20.5,30,131,100,31,0
2023-11-20,Fried Rice,Monday,0,11,0,0,26.4,20.5,160,63,44,19,0
2023-11-20,Idli,Monday,0,11,0,0,26.4,20.5,50,111,81,30,0
2023-11-20,Lassi,Monday,0,11,0,0,26.4,20.5,60,50,33,17,0
2023-11-20,Meals,Monday,0,11,0,0,26.4,20.5,140,85,80,5,0
2023-11-20,Parotta,Monday,0,11,0,0,26.4,20.5,40,76,61,15,0
2023-11-20,Veg Noodles,Monday,0,11,0,0,26.4,20.5,120,39,30,9,0
2023-11-21,Biryani,Tuesday,0,11,0,0,26.8,7.4,220,116,94,22,0
2023-11-21,Chicken Curry,Tuesday,0,11,0,0,26.8,7.4,190,45,35,10,0
2023-11-21,Dosa,Tuesday,0,11,0,0,26.8,7.4,70,79,62,17,0
2023-11-21,Filter Coffee,Tuesday,0,11,0,0,26.8,7.4,30,127,117,10,0
2023-11-21,Fried Rice,Tuesday,0,11,0,0,26.8,7.4,160,60,44,16,0
2023-11-21,Idli,Tuesday,0,11,0,0,26.8,7.4,50,93,87,6,0
2023-11-21,Lassi,Tuesday,0,11,0,0,26.8,7.4,60,57,36,21,0
2023-11-21,Meals,Tuesday,0,11,0,0,26.8,7.4,140,87,73,14,0
2023-11-21,Parotta,Tuesday,0,11,0,0,26.8,7.4,40,86,61,25,0
2023-11-21,Veg Noodles,Tuesday,0,11,0,0,26.8,7.4,120,43,27,16,0
2023-11-22,Biryani,Wednesday,0,11,0,0,24.2,9.4,220,134,100,34,0
2023-11-22,Chicken Curry,Wednesday,0,11,0,0,24.2,9.4,190,47,33,14,0
2023-11-22,Dosa,Wednesday,0,11,0,0,24.2,9.4,70,81,59,22,0
2023-11-22,Filter Coffee,Wednesday,0,11,0,0,24.2,9.4,30,127,112,15,0
2023-11-22,Fried Rice,Wednesday,0,11,0,0,24.2,9.4,160,54,50,4,0
2023-11-22,Idli,Wednesday,0,11,0,0,24.2,9.4,50,113,72,41,0
2023-11-22,Lassi,Wednesday,0,11,0,0,24.2,9.4,60,51,31,20,0
2023-11-22,Meals,Wednesday,0,11,0,0,24.2,9.4,140,88,80,8,0
2023-11-22,Parotta,Wednesday,0,11,0,0,24.2,9.4,40,79,61,18,0
2023-11-22,Veg Noodles,Wednesday,0,11,0,0,24.2,9.4,120,34,27,7,0
2023-11-23,Biryani,Thursday,0,11,0,0,25.5,3.3,220,133,100,33,0
2023-11-23,Chicken Curry,Thursday,0,11,0,0,25.5,3.3,190,44,41,3,0
2023-11-23,Dosa,Thursday,0,11,0,0,25.5,3.3,70,90,75,15,0
2023-11-23,Filter Coffee,Thursday,0,11,0,0,25.5,3.3,30,121,110,11,0
2023-11-23,Fried Rice,Thursday,0,11,0,0,25.5,3.3,160,52,51,1,0
2023-11-23,Idli,Thursday,0,11,0,0,25.5,3.3,50,115,88,27,0
2023-11-23,Lassi,Thursday,0,11,0,0,25.5,3.3,60,57,35,22,0
2023-11-23,Meals,Thursday,0,11,0,0,25.5,3.3,140,92,64,28,0
2023-11-23,Parotta,Thursday,0,11,0,0,25.5,3.3,40,80,60,20,0
2023-11-23,Veg Noodles,Thursday,0,11,0,0,25.5,3.3,120,43,30,13,0
2023-11-24,Biryani,Friday,0,11,0,0,25.3,8.7,220,143,102,41,0
2023-11-24,Chicken Curry,Friday,0,11,0,0,25.3,8.7,190,46,40,6,0
2023-11-24,Dosa,Friday,0,11,0,0,25.3,8.7,70,79,61,18,0
2023-11-24,Filter Coffee,Friday,0,11,0,0,25.3,8.7,30,115,87,28,0
2023-11-24,Fried Rice,Friday,0,11,0,0,25.3,8.7,160,54,52,2,0
2023-11-24,Idli,Friday,0,11,0,0,25.3,8.7,50,90,73,17,0
2023-11-24,Lassi,Friday,0,11,0,0,25.3,8.7,60,54,34,20,0
2023-11-24,Meals,Friday,0,11,0,0,25.3,8.7,140,86,86,0,1
2023-11-24,Parotta,Friday,0,11,0,0,25.3,8.7,40,71,62,9,0
2023-11-24,Veg Noodles,Friday,0,11,0,0,25.3,8.7,120,45,32,13,0
2023-11-25,Biryani,Saturday,1,11,0,0,25.0,3.3,220,162,125,37,0
2023-11-25,Chicken Curry,Saturday,1,11,0,0,25.0,3.3,190,50,42,8,0
2023-11-25,Dosa,Saturday,1,11,0,0,25.0,3.3,70,94,80,14,0
2023-11-25,Filter Coffee,Saturday,1,11,0,0,25.0,3.3,30,121,98,23,0
2023-11-25,Fried Rice,Saturday,1,11,0,0,25.0,3.3,160,58,46,12,0
2023-11-25,Idli,Saturday,1,11,0,0,25.0,3.3,50,110,73,37,0
2023-11-25,Lassi,Saturday,1,11,0,0,25.0,3.3,60,56,33,23,0
2023-11-25,Meals,Saturday,1,11,0,0,25.0,3.3,140,88,81,7,0
2023-11-25,Parotta,Saturday,1,11,0,0,25.0,3.3,40,76,72,4,0
2023-11-25,Veg Noodles,Saturday,1,11,0,0,25.0,3.3,120,39,34,5,0
2023-11-26,Biryani,Sunday,1,11,0,0,25.4,21.7,220,159,129,30,0
2023-11-26,Chicken Curry,Sunday,1,11,0,0,25.4,21.7,190,51,44,7,0
2023-11-26,Dosa,Sunday,1,11,0,0,25.4,21.7,70,84,79,5,0
2023-11-26,Filter Coffee,Sunday,1,11,0,0,25.4,21.7,30,111,100,11,0
2023-11-26,Fried Rice,Sunday,1,11,0,0,25.4,21.7,160,71,58,13,0
2023-11-26,Idli,Sunday,1,11,0,0,25.4,21.7,50,91,82,9,0
2023-11-26,Lassi,Sunday,1,11,0,0,25.4,21.7,60,53,37,16,0
2023-11-26,Meals,Sunday,1,11,0,0,25.4,21.7,140,93,77,16,0
2023-11-26,Parotta,Sunday,1,11,0,0,25.4,21.7,40,80,64,16,0
2023-11-26,Veg Noodles,Sunday,1,11,0,0,25.4,21.7,120,44,33,11,0
2023-11-27,Biryani,Monday,0,11,0,0,27.5,10.2,220,143,88,55,0
2023-11-27,Chicken Curry,Monday,0,11,0,0,27.5,10.2,190,49,36,13,0
2023-11-27,Dosa,Monday,0,11,0,0,27.5,10.2,70,78,66,12,0
2023-11-27,Filter Coffee,Monday,0,11,0,0,27.5,10.2,30,118,102,16,0
2023-11-27,Fried Rice,Monday,0,11,0,0,27.5,10.2,160,56,47,9,0
2023-11-27,Idli,Monday,0,11,0,0,27.5,10.2,50,108,79,29,0
2023-11-27,Lassi,Monday,0,11,0,0,27.5,10.2,60,49,38,11,0
2023-11-27,Meals,Monday,0,11,0,0,27.5,10.2,140,94,80,14,0
2023-11-27,Parotta,Monday,0,11,0,0,27.5,10.2,40,84,70,14,0
2023-11-27,Veg Noodles,Monday,0,11,0,0,27.5,10.2,120,40,29,11,0
2023-11-28,Biryani,Tuesday,0,11,0,0,24.6,10.1,220,137,89,48,0
2023-11-28,Chicken Curry,Tuesday,0,11,0,0,24.6,10.1,190,40,37,3,0
2023-11-28,Dosa,Tuesday,0,11,0,0,24.6,10.1,70,84,69,15,0
2023-11-28,Filter Coffee,Tuesday,0,11,0,0,24.6,10.1,30,117,111,6,0
2023-11-28,Fried Rice,Tuesday,0,11,0,0,24.6,10.1,160,54,40,14,0
2023-11-28,Idli,Tuesday,0,11,0,0,24.6,10.1,50,95,79,16,0
2023-11-28,Lassi,Tuesday,0,11,0,0,24.6,10.1,60,56,31,25,0
2023-11-28,Meals,Tuesday,0,11,0,0,24.6,10.1,140,95,65,30,0
2023-11-28,Parotta,Tuesday,0,11,0,0,24.6,10.1,40,72,63,9,0
2023-11-28,Veg Noodles,Tuesday,0,11,0,0,24.6,10.1,120,43,30,13,0
2023-11-29,Biryani,Wednesday,0,11,0,0,26.7,19.2,220,139,102,37,0
2023-11-29,Chicken Curry,Wednesday,0,11,0,0,26.7,19.2,190,47,38,9,0
2023-11-29,Dosa,Wednesday,0,11,0,0,26.7,19.2,70,89,70,19,0
2023-11-29,Filter Coffee,Wednesday,0,11,0,0,26.7,19.2,30,118,105,13,0
2023-11-29,Fried Rice,Wednesday,0,11,0,0,26.7,19.2,160,54,38,16,0
2023-11-29,Idli,Wednesday,0,11,0,0,26.7,19.2,50,112,81,31,0
2023-11-29,Lassi,Wednesday,0,11,0,0,26.7,19.2,60,55,40,15,0
2023-11-29,Meals,Wednesday,0,11,0,0,26.7,19.2,140,101,69,32,0
2023-11-29,Parotta,Wednesday,0,11,0,0,26.7,19.2,40,74,66,8,0
2023-11-29,Veg Noodles,Wednesday,0,11,0,0,26.7,19.2,120,36,31,5,0
2023-11-30,Biryani,Thursday,0,11,0,0,23.5,3.0,220,136,97,39,0
2023-11-30,Chicken Curry,Thursday,0,11,0,0,23.5,3.0,190,49,38,11,0
2023-11-30,Dosa,Thursday,0,11,0,0,23.5,3.0,70,89,66,23,0
2023-11-30,Filter Coffee,Thursday,0,11,0,0,23.5,3.0,30,114,94,20,0
2023-11-30,Fried Rice,Thursday,0,11,0,0,23.5,3.0,160,65,50,15,0
2023-11-30,Idli,Thursday,0,11,0,0,23.5,3.0,50,112,88,24,0
2023-11-30,Lassi,Thursday,0,11,0,0,23.5,3.0,60,51,36,15,0
2023-11-30,Meals,Thursday,0,11,0,0,23.5,3.0,140,84,80,4,0
2023-11-30,Parotta,Thursday,0,11,0,0,23.5,3.0,40,80,65,15,0
2023-11-30,Veg Noodles,Thursday,0,11,0,0,23.5,3.0,120,37,34,3,0
2023-12-01,Biryani,Friday,0,12,0,0,25.1,3.1,220,133,112,21,0
2023-12-01,Chicken Curry,Friday,0,12,0,0,25.1,3.1,190,48,36,12,0
2023-12-01,Dosa,Friday,0,12,0,0,25.1,3.1,70,88,76,12,0
2023-12-01,Filter Coffee,Friday,0,12,0,0,25.1,3.1,30,112,94,18,0
2023-12-01,Fried Rice,Friday,0,12,0,0,25.1,3.1,160,55,48,7,0
2023-12-01,Idli,Friday,0,12,0,0,25.1,3.1,50,114,75,39,0
2023-12-01,Lassi,Friday,0,12,0,0,25.1,3.1,60,59,37,22,0
2023-12-01,Meals,Friday,0,12,0,0,25.1,3.1,140,89,62,27,0
2023-12-01,Parotta,Friday,0,12,0,0,25.1,3.1,40,82,60,22,0
2023-12-01,Veg Noodles,Friday,0,12,0,0,25.1,3.1,120,43,27,16,0
2023-12-02,Biryani,Saturday,1,12,0,0,25.6,0.0,220,144,129,15,0
2023-12-02,Chicken Curry,Saturday,1,12,0,0,25.6,0.0,190,46,36,10,0
2023-12-02,Dosa,Saturday,1,12,0,0,25.6,0.0,70,84,79,5,0
2023-12-02,Filter Coffee,Saturday,1,12,0,0,25.6,0.0,30,111,102,9,0
2023-12-02,Fried Rice,Saturday,1,12,0,0,25.6,0.0,160,62,47,15,0
2023-12-02,Idli,Saturday,1,12,0,0,25.6,0.0,50,111,78,33,0
2023-12-02,Lassi,Saturday,1,12,0,0,25.6,0.0,60,60,40,20,0
2023-12-02,Meals,Saturday,1,12,0,0,25.6,0.0,140,105,78,27,0
2023-12-02,Parotta,Saturday,1,12,0,0,25.6,0.0,40,83,62,21,0
2023-12-02,Veg Noodles,Saturday,1,12,0,0,25.6,0.0,120,42,35,7,0
2023-12-03,Biryani,Sunday,1,12,0,0,26.1,0.0,220,163,120,43,0
2023-12-03,Chicken Curry,Sunday,1,12,0,0,26.1,0.0,190,55,44,11,0
2023-12-03,Dosa,Sunday,1,12,0,0,26.1,0.0,70,91,74,17,0
2023-12-03,Filter Coffee,Sunday,1,12,0,0,26.1,0.0,30,108,102,6,0
2023-12-03,Fried Rice,Sunday,1,12,0,0,26.1,0.0,160,69,54,15,0
2023-12-03,Idli,Sunday,1,12,0,0,26.1,0.0,50,87,74,13,0
2023-12-03,Lassi,Sunday,1,12,0,0,26.1,0.0,60,53,40,13,0
2023-12-03,Meals,Sunday,1,12,0,0,26.1,0.0,140,101,79,22,0
2023-12-03,Parotta,Sunday,1,12,0,0,26.1,0.0,40,79,65,14,0
2023-12-03,Veg Noodles,Sunday,1,12,0,0,26.1,0.0,120,46,35,11,0
2023-12-04,Biryani,Monday,0,12,0,0,26.2,0.0,220,116,92,24,0
2023-12-04,Chicken Curry,Monday,0,12,0,0,26.2,0.0,190,44,31,13,0
2023-12-04,Dosa,Monday,0,12,0,0,26.2,0.0,70,79,63,16,0
2023-12-04,Filter Coffee,Monday,0,12,0,0,26.2,0.0,30,115,97,18,0
2023-12-04,Fried Rice,Monday,0,12,0,0,26.2,0.0,160,51,47,4,0
2023-12-04,Idli,Monday,0,12,0,0,26.2,0.0,50,108,87,21,0
2023-12-04,Lassi,Monday,0,12,0,0,26.2,0.0,60,53,39,14,0
2023-12-04,Meals,Monday,0,12,0,0,26.2,0.0,140,93,83,10,0
2023-12-04,Parotta,Monday,0,12,0,0,26.2,0.0,40,77,60,17,0
2023-12-04,Veg Noodles,Monday,0,12,0,0,26.2,0.0,120,39,32,7,0
2023-12-05,Biryani,Tuesday,0,12,0,0,26.2,0.0,220,128,118,10,0
2023-12-05,Chicken Curry,Tuesday,0,12,0,0,26.2,0.0,190,51,35,16,0
2023-12-05,Dosa,Tuesday,0,12,0,0,26.2,0.0,70,79,73,6,0
2023-12-05,Filter Coffee,Tuesday,0,12,0,0,26.2,0.0,30,105,97,8,0
2023-12-05,Fried Rice,Tuesday,0,12,0,0,26.2,0.0,160,64,46,18,0
2023-12-05,Idli,Tuesday,0,12,0,0,26.2,0.0,50,98,87,11,0
2023-12-05,Lassi,Tuesday,0,12,0,0,26.2,0.0,60,56,41,15,0
2023-12-05,Meals,Tuesday,0,12,0,0,26.2,0.0,140,91,63,28,0
2023-12-05,Parotta,Tuesday,0,12,0,0,26.2,0.0,40,82,65,17,0
2023-12-05,Veg Noodles,Tuesday,0,12,0,0,26.2,0.0,120,43,34,9,0
2023-12-06,Biryani,Wednesday,0,12,0,0,24.8,0.0,220,115,107,8,0
2023-12-06,Chicken Curry,Wednesday,0,12,0,0,24.8,0.0,190,47,34,13,0
2023-12-06,Dosa,Wednesday,0,12,0,0,24.8,0.0,70,80,56,24,0
2023-12-06,Filter Coffee,Wednesday,0,12,0,0,24.8,0.0,30,128,98,30,0
2023-12-06,Fried Rice,Wednesday,0,12,0,0,24.8,0.0,160,52,41,11,0
2023-12-06,Idli,Wednesday,0,12,0,0,24.8,0.0,50,94,71,23,0
2023-12-06,Lassi,Wednesday,0,12,0,0,24.8,0.0,60,56,36,20,0
2023-12-06,Meals,Wednesday,0,12,0,0,24.8,0.0,140,81,81,0,0
2023-12-06,Parotta,Wednesday,0,12,0,0,24.8,0.0,40,73,58,15,0
2023-12-06,Veg Noodles,Wednesday,0,12,0,0,24.8,0.0,120,35,29,6,0
2023-12-07,Biryani,Thursday,0,12,0,0,24.6,27.7,220,113,95,18,0
2023-12-07,Chicken Curry,Thursday,0,12,0,0,24.6,27.7,190,48,38,10,0
2023-12-07,Dosa,Thursday,0,12,0,0,24.6,27.7,70,86,71,15,0
2023-12-07,Filter Coffee,Thursday,0,12,0,0,24.6,27.7,30,104,104,0,1
2023-12-07,Fried Rice,Thursday,0,12,0,0,24.6,27.7,160,61,53,8,0
2023-12-07,Idli,Thursday,0,12,0,0,24.6,27.7,50,95,94,1,0
2023-12-07,Lassi,Thursday,0,12,0,0,24.6,27.7,60,47,29,18,0
2023-12-07,Meals,Thursday,0,12,0,0,24.6,27.7,140,99,68,31,0
2023-12-07,Parotta,Thursday,0,12,0,0,24.6,27.7,40,82,68,14,0
2023-12-07,Veg Noodles,Thursday,0,12,0,0,24.6,27.7,120,43,32,11,0
2023-12-08,Biryani,Friday,0,12,0,0,26.2,0.0,220,153,102,51,0
2023-12-08,Chicken Curry,Friday,0,12,0,0,26.2,0.0,190,48,44,4,0
2023-12-08,Dosa,Friday,0,12,0,0,26.2,0.0,70,80,72,8,0
2023-12-08,Filter Coffee,Friday,0,12,0,0,26.2,0.0,30,126,102,24,0
2023-12-08,Fried Rice,Friday,0,12,0,0,26.2,0.0,160,63,52,11,0
2023-12-08,Idli,Friday,0,12,0,0,26.2,0.0,50,113,77,36,0
2023-12-08,Lassi,Friday,0,12,0,0,26.2,0.0,60,50,37,13,0
2023-12-08,Meals,Friday,0,12,0,0,26.2,0.0,140,95,70,25,0
2023-12-08,Parotta,Friday,0,12,0,0,26.2,0.0,40,71,52,19,0
2023-12-08,Veg Noodles,Friday,0,12,0,0,26.2,0.0,120,41,29,12,0
2023-12-09,Biryani,Saturday,1,12,0,0,24.9,0.0,220,159,117,42,0
2023-12-09,Chicken Curry,Saturday,1,12,0,0,24.9,0.0,190,55,35,20,0
2023-12-09,Dosa,Saturday,1,12,0,0,24.9,0.0,70,79,66,13,0
2023-12-09,Filter Coffee,Saturday,1,12,0,0,24.9,0.0,30,109,103,6,0
2023-12-09,Fried Rice,Saturday,1,12,0,0,24.9,0.0,160,70,51,19,0
2023-12-09,Idli,Saturday,1,12,0,0,24.9,0.0,50,104,80,24,0
2023-12-09,Lassi,Saturday,1,12,0,0,24.9,0.0,60,55,39,16,0
2023-12-09,Meals,Saturday,1,12,0,0,24.9,0.0,140,96,67,29,0
2023-12-09,Parotta,Saturday,1,12,0,0,24.9,0.0,40,94,65,29,0
2023-12-09,Veg Noodles,Saturday,1,12,0,0,24.9,0.0,120,47,34,13,0
2023-12-10,Biryani,Sunday,1,12,0,0,23.5,0.0,220,169,122,47,0
2023-12-10,Chicken Curry,Sunday,1,12,0,0,23.5,0.0,190,59,53,6,0
2023-12-10,Dosa,Sunday,1,12,0,0,23.5,0.0,70,97,79,18,0
2023-12-10,Filter Coffee,Sunday,1,12,0,0,23.5,0.0,30,127,100,27,0
2023-12-10,Fried Rice,Sunday,1,12,0,0,23.5,0.0,160,72,54,18,0
2023-12-10,Idli,Sunday,1,12,0,0,23.5,0.0,50,86,71,15,0
2023-12-10,Lassi,Sunday,1,12,0,0,23.5,0.0,60,55,39,16,0
2023-12-10,Meals,Sunday,1,12,0,0,23.5,0.0,140,97,70,27,0
2023-12-10,Parotta,Sunday,1,12,0,0,23.5,0.0,40,100,78,22,0
2023-12-10,Veg Noodles,Sunday,1,12,0,0,23.5,0.0,120,41,35,6,0
2023-12-11,Biryani,Monday,0,12,0,0,23.7,0.0,220,124,112,12,0
2023-12-11,Chicken Curry,Monday,0,12,0,0,23.7,0.0,190,40,35,5,0
2023-12-11,Dosa,Monday,0,12,0,0,23.7,0.0,70,74,66,8,0
2023-12-11,Filter Coffee,Monday,0,12,0,0,23.7,0.0,30,123,99,24,0
2023-12-11,Fried Rice,Monday,0,12,0,0,23.7,0.0,160,62,48,14,0
2023-12-11,Idli,Monday,0,12,0,0,23.7,0.0,50,116,85,31,0
2023-12-11,Lassi,Monday,0,12,0,0,23.7,0.0,60,47,33,14,0
2023-12-11,Meals,Monday,0,12,0,0,23.7,0.0,140,88,74,14,0
2023-12-11,Parotta,Monday,0,12,0,0,23.7,0.0,40,68,61,7,0
2023-12-11,Veg Noodles,Monday,0,12,0,0,23.7,0.0,120,40,31,9,0
2023-12-12,Biryani,Tuesday,0,12,0,0,23.9,7.2,220,132,97,35,0
2023-12-12,Chicken Curry,Tuesday,0,12,0,0,23.9,7.2,190,42,37,5,0
2023-12-12,Dosa,Tuesday,0,12,0,0,23.9,7.2,70,94,64,30,0
2023-12-12,Filter Coffee,Tuesday,0,12,0,0,23.9,7.2,30,129,101,28,0
2023-12-12,Fried Rice,Tuesday,0,12,0,0,23.9,7.2,160,57,42,15,0
2023-12-12,Idli,Tuesday,0,12,0,0,23.9,7.2,50,111,102,9,0
2023-12-12,Lassi,Tuesday,0,12,0,0,23.9,7.2,60,53,31,22,0
2023-12-12,Meals,Tuesday,0,12,0,0,23.9,7.2,140,85,66,19,0
2023-12-12,Parotta,Tuesday,0,12,0,0,23.9,7.2,40,77,58,19,0
2023-12-12,Veg Noodles,Tuesday,0,12,0,0,23.9,7.2,120,42,28,14,0
2023-12-13,Biryani,Wednesday,0,12,0,0,25.6,0.0,220,142,113,29,0
2023-12-13,Chicken Curry,Wednesday,0,12,0,0,25.6,0.0,190,40,32,8,0
2023-12-13,Dosa,Wednesday,0,12,0,0,25.6,0.0,70,81,72,9,0
2023-12-13,Filter Coffee,Wednesday,0,12,0,0,25.6,0.0,30,127,91,36,0
2023-12-13,Fried Rice,Wednesday,0,12,0,0,25.6,0.0,160,58,48,10,0
2023-12-13,Idli,Wednesday,0,12,0,0,25.6,0.0,50,99,83,16,0
2023-12-13,Lassi,Wednesday,0,12,0,0,25.6,0.0,60,52,40,12,0
2023-12-13,Meals,Wednesday,0,12,0,0,25.6,0.0,140,96,76,20,0
2023-12-13,Parotta,Wednesday,0,12,0,0,25.6,0.0,40,76,58,18,0
2023-12-13,Veg Noodles,Wednesday,0,12,0,0,25.6,0.0,120,42,32,10,0
2023-12-14,Biryani,Thursday,0,12,0,0,25.1,0.0,220,134,100,34,0
2023-12-14,Chicken Curry,Thursday,0,12,0,0,25.1,0.0,190,45,39,6,0
2023-12-14,Dosa,Thursday,0,12,0,0,25.1,0.0,70,74,61,13,0
2023-12-14,Filter Coffee,Thursday,0,12,0,0,25.1,0.0,30,122,92,30,0
2023-12-14,Fried Rice,Thursday,0,12,0,0,25.1,0.0,160,61,42,19,0
2023-12-14,Idli,Thursday,0,12,0,0,25.1,0.0,50,103,79,24,0
2023-12-14,Lassi,Thursday,0,12,0,0,25.1,0.0,60,47,32,15,0
2023-12-14,Meals,Thursday,0,12,0,0,25.1,0.0,140,91,68,23,0
2023-12-14,Parotta,Thursday,0,12,0,0,25.1,0.0,40,84,48,36,0
2023-12-14,Veg Noodles,Thursday,0,12,0,0,25.1,0.0,120,34,34,0,1
2023-12-15,Biryani,Friday,0,12,0,0,25.7,9.5,220,142,99,43,0
2023-12-15,Chicken Curry,Friday,0,12,0,0,25.7,9.5,190,52,38,14,0
2023-12-15,Dosa,Friday,0,12,0,0,25.7,9.5,70,94,73,21,0
2023-12-15,Filter Coffee,Friday,0,12,0,0,25.7,9.5,30,107,105,2,0
2023-12-15,Fried Rice,Friday,0,12,0,0,25.7,9.5,160,62,48,14,0
2023-12-15,Idli,Friday,0,12,0,0,25.7,9.5,50,108,81,27,0
2023-12-15,Lassi,Friday,0,12,0,0,25.7,9.5,60,55,33,22,0
2023-12-15,Meals,Friday,0,12,0,0,25.7,9.5,140,81,66,15,0
2023-12-15,Parotta,Friday,0,12,0,0,25.7,9.5,40,81,60,21,0
2023-12-15,Veg Noodles,Friday,0,12,0,0,25.7,9.5,120,40,29,11,0
2023-12-16,Biryani,Saturday,1,12,0,0,24.4,0.0,220,151,118,33,0
2023-12-16,Chicken Curry,Saturday,1,12,0,0,24.4,0.0,190,53,41,12,0
2023-12-16,Dosa,Saturday,1,12,0,0,24.4,0.0,70,92,60,32,0
2023-12-16,Filter Coffee,Saturday,1,12,0,0,24.4,0.0,30,118,93,25,0
2023-12-16,Fried Rice,Saturday,1,12,0,0,24.4,0.0,160,65,47,18,0
2023-12-16,Idli,Saturday,1,12,0,0,24.4,0.0,50,104,70,34,0
2023-12-16,Lassi,Saturday,1,12,0,0,24.4,0.0,60,50,33,17,0
2023-12-16,Meals,Saturday,1,12,0,0,24.4,0.0,140,92,71,21,0
2023-12-16,Parotta,Saturday,1,12,0,0,24.4,0.0,40,88,73,15,0
2023-12-16,Veg Noodles,Saturday,1,12,0,0,24.4,0.0,120,39,35,4,0
2023-12-17,Biryani,Sunday,1,12,0,1,25.0,36.9,220,160,112,48,0
2023-12-17,Chicken Curry,Sunday,1,12,0,1,25.0,36.9,190,56,44,12,0
2023-12-17,Dosa,Sunday,1,12,0,1,25.0,36.9,70,100,87,13,0
2023-12-17,Filter Coffee,Sunday,1,12,0,1,25.0,36.9,30,112,112,0,1
2023-12-17,Fried Rice,Sunday,1,12,0,1,25.0,36.9,160,65,55,10,0
2023-12-17,Idli,Sunday,1,12,0,1,25.0,36.9,50,96,96,0,1
2023-12-17,Lassi,Sunday,1,12,0,1,25.0,36.9,60,57,35,22,0
2023-12-17,Meals,Sunday,1,12,0,1,25.0,36.9,140,107,88,19,0
2023-12-17,Parotta,Sunday,1,12,0,1,25.0,36.9,40,83,81,2,0
2023-12-17,Veg Noodles,Sunday,1,12,0,1,25.0,36.9,120,41,41,0,0
2023-12-18,Biryani,Monday,0,12,0,0,25.6,0.0,220,136,102,34,0
2023-12-18,Chicken Curry,Monday,0,12,0,0,25.6,0.0,190,50,36,14,0
2023-12-18,Dosa,Monday,0,12,0,0,25.6,0.0,70,83,67,16,0
2023-12-18,Filter Coffee,Monday,0,12,0,0,25.6,0.0,30,128,97,31,0
2023-12-18,Fried Rice,Monday,0,12,0,0,25.6,0.0,160,55,53,2,0
2023-12-18,Idli,Monday,0,12,0,0,25.6,0.0,50,104,84,20,0
2023-12-18,Lassi,Monday,0,12,0,0,25.6,0.0,60,56,39,17,0
2023-12-18,Meals,Monday,0,12,0,0,25.6,0.0,140,88,70,18,0
2023-12-18,Parotta,Monday,0,12,0,0,25.6,0.0,40,70,59,11,0
2023-12-18,Veg Noodles,Monday,0,12,0,0,25.6,0.0,120,41,30,11,0
2023-12-19,Biryani,Tuesday,0,12,0,0,24.4,0.0,220,145,103,42,0
2023-12-19,Chicken Curry,Tuesday,0,12,0,0,24.4,0.0,190,42,39,3,0
2023-12-19,Dosa,Tuesday,0,12,0,0,24.4,0.0,70,81,64,17,0
2023-12-19,Filter Coffee,Tuesday,0,12,0,0,24.4,0.0,30,127,105,22,0
2023-12-19,Fried Rice,Tuesday,0,12,0,0,24.4,0.0,160,56,47,9,0
2023-12-19,Idli,Tuesday,0,12,0,0,24.4,0.0,50,92,76,16,0
2023-12-19,Lassi,Tuesday,0,12,0,0,24.4,0.0,60,57,37,20,0
2023-12-19,Meals,Tuesday,0,12,0,0,24.4,0.0,140,89,72,17,0
2023-12-19,Parotta,Tuesday,0,12,0,0,24.4,0.0,40,81,51,30,0
2023-12-19,Veg Noodles,Tuesday,0,12,0,0,24.4,0.0,120,43,35,8,0
2023-12-20,Biryani,Wednesday,0,12,0,0,25.3,17.3,220,127,107,20,0
2023-12-20,Chicken Curry,Wednesday,0,12,0,0,25.3,17.3,190,41,36,5,0
2023-12-20,Dosa,Wednesday,0,12,0,0,25.3,17.3,70,88,70,18,0
2023-12-20,Filter Coffee,Wednesday,0,12,0,0,25.3,17.3,30,111,109,2,0
2023-12-20,Fried Rice,Wednesday,0,12,0,0,25.3,17.3,160,51,46,5,0
2023-12-20,Idli,Wednesday,0,12,0,0,25.3,17.3,50,104,78,26,0
2023-12-20,Lassi,Wednesday,0,12,0,0,25.3,17.3,60,49,32,17,0
2023-12-20,Meals,Wednesday,0,12,0,0,25.3,17.3,140,94,76,18,0
2023-12-20,Parotta,Wednesday,0,12,0,0,25.3,17.3,40,80,56,24,0
2023-12-20,Veg Noodles,Wednesday,0,12,0,0,25.3,17.3,120,40,29,11,0
2023-12-21,Biryani,Thursday,0,12,0,1,23.9,0.0,220,126,100,26,0
2023-12-21,Chicken Curry,Thursday,0,12,0,1,23.9,0.0,190,50,44,6,0
2023-12-21,Dosa,Thursday,0,12,0,1,23.9,0.0,70,82,74,8,0
2023-12-21,Filter Coffee,Thursday,0,12,0,1,23.9,0.0,30,122,119,3,0
2023-12-21,Fried Rice,Thursday,0,12,0,1,23.9,0.0,160,57,44,13,0
2023-12-21,Idli,Thursday,0,12,0,1,23.9,0.0,50,100,92,8,0
2023-12-21,Lassi,Thursday,0,12,0,1,23.9,0.0,60,56,39,17,0
2023-12-21,Meals,Thursday,0,12,0,1,23.9,0.0,140,98,88,10,0
2023-12-21,Parotta,Thursday,0,12,0,1,23.9,0.0,40,84,76,8,0
2023-12-21,Veg Noodles,Thursday,0,12,0,1,23.9,0.0,120,35,35,0,0
2023-12-22,Biryani,Friday,0,12,0,0,24.3,31.8,220,136,114,22,0
2023-12-22,Chicken Curry,Friday,0,12,0,0,24.3,31.8,190,53,43,10,0
2023-12-22,Dosa,Friday,0,12,0,0,24.3,31.8,70,88,76,12,0
2023-12-22,Filter Coffee,Friday,0,12,0,0,24.3,31.8,30,112,106,6,0
2023-12-22,Fried Rice,Friday,0,12,0,0,24.3,31.8,160,53,45,8,0
2023-12-22,Idli,Friday,0,12,0,0,24.3,31.8,50,97,93,4,0
2023-12-22,Lassi,Friday,0,12,0,0,24.3,31.8,60,59,31,28,0
2023-12-22,Meals,Friday,0,12,0,0,24.3,31.8,140,96,71,25,0
2023-12-22,Parotta,Friday,0,12,0,0,24.3,31.8,40,87,71,16,0
2023-12-22,Veg Noodles,Friday,0,12,0,0,24.3,31.8,120,38,29,9,0
2023-12-23,Biryani,Saturday,1,12,0,0,24.2,0.0,220,150,131,19,0
2023-12-23,Chicken Curry,Saturday,1,12,0,0,24.2,0.0,190,54,39,15,0
2023-12-23,Dosa,Saturday,1,12,0,0,24.2,0.0,70,85,74,11,0
2023-12-23,Filter Coffee,Saturday,1,12,0,0,24.2,0.0,30,122,102,20,0
2023-12-23,Fried Rice,Saturday,1,12,0,0,24.2,0.0,160,66,54,12,0
2023-12-23,Idli,Saturday,1,12,0,0,24.2,0.0,50,94,72,22,0
2023-12-23,Lassi,Saturday,1,12,0,0,24.2,0.0,60,58,33,25,0
2023-12-23,Meals,Saturday,1,12,0,0,24.2,0.0,140,103,69,34,0
2023-12-23,Parotta,Saturday,1,12,0,0,24.2,0.0,40,88,61,27,0
2023-12-23,Veg Noodles,Saturday,1,12,0,0,24.2,0.0,120,41,34,7,0
2023-12-24,Biryani,Sunday,1,12,0,0,23.2,0.0,220,187,149,38,0
2023-12-24,Chicken Curry,Sunday,1,12,0,0,23.2,0.0,190,52,51,1,0
2023-12-24,Dosa,Sunday,1,12,0,0,23.2,0.0,70,89,76,13,0
2023-12-24,Filter Coffee,Sunday,1,12,0,0,23.2,0.0,30,120,106,14,0
2023-12-24,Fried Rice,Sunday,1,12,0,0,23.2,0.0,160,73,57,16,0
2023-12-24,Idli,Sunday,1,12,0,0,23.2,0.0,50,101,84,17,0
2023-12-24,Lassi,Sunday,1,12,0,0,23.2,0.0,60,66,44,22,0
2023-12-24,Meals,Sunday,1,12,0,0,23.2,0.0,140,87,77,10,0
2023-12-24,Parotta,Sunday,1,12,0,0,23.2,0.0,40,91,68,23,0
2023-12-24,Veg Noodles,Sunday,1,12,0,0,23.2,0.0,120,41,36,5,0
2023-12-25,Biryani,Monday,0,12,1,0,25.2,0.0,220,136,122,14,0
2023-12-25,Chicken Curry,Monday,0,12,1,0,25.2,0.0,190,51,43,8,0
2023-12-25,Dosa,Monday,0,12,1,0,25.2,0.0,70,76,76,0,1
2023-12-25,Filter Coffee,Monday,0,12,1,0,25.2,0.0,30,117,102,15,0
2023-12-25,Fried Rice,Monday,0,12,1,0,25.2,0.0,160,59,46,13,0
2023-12-25,Idli,Monday,0,12,1,0,25.2,0.0,50,102,96,6,0
2023-12-25,Lassi,Monday,0,12,1,0,25.2,0.0,60,49,46,3,0
2023-12-25,Meals,Monday,0,12,1,0,25.2,0.0,140,100,88,12,0
2023-12-25,Parotta,Monday,0,12,1,0,25.2,0.0,40,86,72,14,0
2023-12-25,Veg Noodles,Monday,0,12,1,0,25.2,0.0,120,42,38,4,0
2023-12-26,Biryani,Tuesday,0,12,0,0,24.1,0.0,220,125,113,12,0
2023-12-26,Chicken Curry,Tuesday,0,12,0,0,24.1,0.0,190,48,36,12,0
2023-12-26,Dosa,Tuesday,0,12,0,0,24.1,0.0,70,90,64,26,0
2023-12-26,Filter Coffee,Tuesday,0,12,0,0,24.1,0.0,30,128,114,14,0
2023-12-26,Fried Rice,Tuesday,0,12,0,0,24.1,0.0,160,61,47,14,0
2023-12-26,Idli,Tuesday,0,12,0,0,24.1,0.0,50,102,77,25,0
2023-12-26,Lassi,Tuesday,0,12,0,0,24.1,0.0,60,46,34,12,0
2023-12-26,Meals,Tuesday,0,12,0,0,24.1,0.0,140,100,64,36,0
2023-12-26,Parotta,Tuesday,0,12,0,0,24.1,0.0,40,84,56,28,0
2023-12-26,Veg Noodles,Tuesday,0,12,0,0,24.1,0.0,120,36,30,6,0
2023-12-27,Biryani,Wednesday,0,12,0,0,24.6,6.7,220,126,91,35,0
2023-12-27,Chicken Curry,Wednesday,0,12,0,0,24.6,6.7,190,47,37,10,0
2023-12-27,Dosa,Wednesday,0,12,0,0,24.6,6.7,70,81,65,16,0
2023-12-27,Filter Coffee,Wednesday,0,12,0,0,24.6,6.7,30,109,109,0,1
2023-12-27,Fried Rice,Wednesday,0,12,0,0,24.6,6.7,160,51,48,3,0
2023-12-27,Idli,Wednesday,0,12,0,0,24.6,6.7,50,95,80,15,0
2023-12-27,Lassi,Wednesday,0,12,0,0,24.6,6.7,60,56,31,25,0
2023-12-27,Meals,Wednesday,0,12,0,0,24.6,6.7,140,91,67,24,0
2023-12-27,Parotta,Wednesday,0,12,0,0,24.6,6.7,40,85,53,32,0
2023-12-27,Veg Noodles,Wednesday,0,12,0,0,24.6,6.7,120,35,29,6,0
2023-12-28,Biryani,Thursday,0,12,0,0,25.2,5.0,220,128,109,19,0
2023-12-28,Chicken Curry,Thursday,0,12,0,0,25.2,5.0,190,42,36,6,0
2023-12-28,Dosa,Thursday,0,12,0,0,25.2,5.0,70,94,68,26,0
2023-12-28,Filter Coffee,Thursday,0,12,0,0,25.2,5.0,30,125,107,18,0
2023-12-28,Fried Rice,Thursday,0,12,0,0,25.2,5.0,160,52,51,1,0
2023-12-28,Idli,Thursday,0,12,0,0,25.2,5.0,50,116,96,20,0
2023-12-28,Lassi,Thursday,0,12,0,0,25.2,5.0,60,52,33,19,0
2023-12-28,Meals,Thursday,0,12,0,0,25.2,5.0,140,94,68,26,0
2023-12-28,Parotta,Thursday,0,12,0,0,25.2,5.0,40,87,61,26,0
2023-12-28,Veg Noodles,Thursday,0,12,0,0,25.2,5.0,120,41,32,9,0
2023-12-29,Biryani,Friday,0,12,0,0,25.1,11.1,220,123,102,21,0
2023-12-29,Chicken Curry,Friday,0,12,0,0,25.1,11.1,190,48,31,17,0
2023-12-29,Dosa,Friday,0,12,0,0,25.1,11.1,70,81,68,13,0
2023-12-29,Filter Coffee,Friday,0,12,0,0,25.1,11.1,30,122,109,13,0
2023-12-29,Fried Rice,Friday,0,12,0,0,25.1,11.1,160,64,46,18,0
2023-12-29,Idli,Friday,0,12,0,0,25.1,11.1,50,95,74,21,0
2023-12-29,Lassi,Friday,0,12,0,0,25.1,11.1,60,51,32,19,0
2023-12-29,Meals,Friday,0,12,0,0,25.1,11.1,140,86,72,14,0
2023-12-29,Parotta,Friday,0,12,0,0,25.1,11.1,40,79,68,11,0
2023-12-29,Veg Noodles,Friday,0,12,0,0,25.1,11.1,120,37,36,1,0
2023-12-30,Biryani,Saturday,1,12,0,0,25.4,15.6,220,154,104,50,0
2023-12-30,Chicken Curry,Saturday,1,12,0,0,25.4,15.6,190,56,41,15,0
2023-12-30,Dosa,Saturday,1,12,0,0,25.4,15.6,70,89,79,10,0
2023-12-30,Filter Coffee,Saturday,1,12,0,0,25.4,15.6,30,111,108,3,0
2023-12-30,Fried Rice,Saturday,1,12,0,0,25.4,15.6,160,70,43,27,0
2023-12-30,Idli,Saturday,1,12,0,0,25.4,15.6,50,97,77,20,0
2023-12-30,Lassi,Saturday,1,12,0,0,25.4,15.6,60,50,36,14,0
2023-12-30,Meals,Saturday,1,12,0,0,25.4,15.6,140,93,70,23,0
2023-12-30,Parotta,Saturday,1,12,0,0,25.4,15.6,40,90,73,17,0
2023-12-30,Veg Noodles,Saturday,1,12,0,0,25.4,15.6,120,42,35,7,0
2023-12-31,Biryani,Sunday,1,12,0,0,24.4,7.7,220,180,121,59,0
2023-12-31,Chicken Curry,Sunday,1,12,0,0,24.4,7.7,190,61,40,21,0
2023-12-31,Dosa,Sunday,1,12,0,0,24.4,7.7,70,89,75,14,0
2023-12-31,Filter Coffee,Sunday,1,12,0,0,24.4,7.7,30,115,99,16,0
2023-12-31,Fried Rice,Sunday,1,12,0,0,24.4,7.7,160,74,51,23,0
2023-12-31,Idli,Sunday,1,12,0,0,24.4,7.7,50,90,84,6,0
2023-12-31,Lassi,Sunday,1,12,0,0,24.4,7.7,60,52,38,14,0
2023-12-31,Meals,Sunday,1,12,0,0,24.4,7.7,140,90,81,9,0
2023-12-31,Parotta,Sunday,1,12,0,0,24.4,7.7,40,94,77,17,0
2023-12-31,Veg Noodles,Sunday,1,12,0,0,24.4,7.7,120,45,41,4,0
2024-01-01,Biryani,Monday,0,1,1,0,24.0,0.0,220,135,123,12,0
2024-01-01,Chicken Curry,Monday,0,1,1,0,24.0,0.0,190,46,46,0,1
2024-01-01,Dosa,Monday,0,1,1,0,24.0,0.0,70,88,81,7,0
2024-01-01,Filter Coffee,Monday,0,1,1,0,24.0,0.0,30,104,104,0,1
2024-01-01,Fried Rice,Monday,0,1,1,0,24.0,0.0,160,61,50,11,0
2024-01-01,Idli,Monday,0,1,1,0,24.0,0.0,50,109,99,10,0
2024-01-01,Lassi,Monday,0,1,1,0,24.0,0.0,60,47,38,9,0
2024-01-01,Meals,Monday,0,1,1,0,24.0,0.0,140,80,75,5,0
2024-01-01,Parotta,Monday,0,1,1,0,24.0,0.0,40,72,64,8,0
2024-01-01,Veg Noodles,Monday,0,1,1,0,24.0,0.0,120,35,35,0,1
2024-01-02,Biryani,Tuesday,0,1,0,0,24.4,0.0,220,120,98,22,0
2024-01-02,Chicken Curry,Tuesday,0,1,0,0,24.4,0.0,190,46,41,5,0
2024-01-02,Dosa,Tuesday,0,1,0,0,24.4,0.0,70,91,60,31,0
2024-01-02,Filter Coffee,Tuesday,0,1,0,0,24.4,0.0,30,120,107,13,0
2024-01-02,Fried Rice,Tuesday,0,1,0,0,24.4,0.0,160,61,49,12,0
2024-01-02,Idli,Tuesday,0,1,0,0,24.4,0.0,50,102,77,25,0
2024-01-02,Lassi,Tuesday,0,1,0,0,24.4,0.0,60,48,30,18,0
2024-01-02,Meals,Tuesday,0,1,0,0,24.4,0.0,140,102,63,39,0
2024-01-02,Parotta,Tuesday,0,1,0,0,24.4,0.0,40,81,62,19,0
2024-01-02,Veg Noodles,Tuesday,0,1,0,0,24.4,0.0,120,40,32,8,0
2024-01-03,Biryani,Wednesday,0,1,0,0,22.5,0.0,220,137,108,29,0
2024-01-03,Chicken Curry,Wednesday,0,1,0,0,22.5,0.0,190,48,39,9,0
2024-01-03,Dosa,Wednesday,0,1,0,0,22.5,0.0,70,84,72,12,0
2024-01-03,Filter Coffee,Wednesday,0,1,0,0,22.5,0.0,30,128,94,34,0
2024-01-03,Fried Rice,Wednesday,0,1,0,0,22.5,0.0,160,62,38,24,0
2024-01-03,Idli,Wednesday,0,1,0,0,22.5,0.0,50,102,90,12,0
2024-01-03,Lassi,Wednesday,0,1,0,0,22.5,0.0,60,58,37,21,0
2024-01-03,Meals,Wednesday,0,1,0,0,22.5,0.0,140,86,70,16,0
2024-01-03,Parotta,Wednesday,0,1,0,0,22.5,0.0,40,77,60,17,0
2024-01-03,Veg Noodles,Wednesday,0,1,0,0,22.5,0.0,120,39,33,6,0
2024-01-04,Biryani,Thursday,0,1,0,0,22.8,0.0,220,137,91,46,0
2024-01-04,Chicken Curry,Thursday,0,1,0,0,22.8,0.0,190,46,36,10,0
2024-01-04,Dosa,Thursday,0,1,0,0,22.8,0.0,70,82,64,18,0
2024-01-04,Filter Coffee,Thursday,0,1,0,0,22.8,0.0,30,106,93,13,0
2024-01-04,Fried Rice,Thursday,0,1,0,0,22.8,0.0,160,62,45,17,0
2024-01-04,Idli,Thursday,0,1,0,0,22.8,0.0,50,114,90,24,0
2024-01-04,Lassi,Thursday,0,1,0,0,22.8,0.0,60,49,32,17,0
2024-01-04,Meals,Thursday,0,1,0,0,22.8,0.0,140,93,71,22,0
2024-01-04,Parotta,Thursday,0,1,0,0,22.8,0.0,40,77,61,16,0
2024-01-04,Veg Noodles,Thursday,0,1,0,0,22.8,0.0,120,41,35,6,0
2024-01-05,Biryani,Friday,0,1,0,0,22.9,0.0,220,130,94,36,0
2024-01-05,Chicken Curry,Friday,0,1,0,0,22.9,0.0,190,47,35,12,0
2024-01-05,Dosa,Friday,0,1,0,0,22.9,0.0,70,92,63,29,0
2024-01-05,Filter Coffee,Friday,0,1,0,0,22.9,0.0,30,106,98,8,0
2024-01-05,Fried Rice,Friday,0,1,0,0,22.9,0.0,160,65,55,10,0
2024-01-05,Idli,Friday,0,1,0,0,22.9,0.0,50,109,84,25,0
2024-01-05,Lassi,Friday,0,1,0,0,22.9,0.0,60,58,34,24,0
2024-01-05,Meals,Friday,0,1,0,0,22.9,0.0,140,88,65,23,0
2024-01-05,Parotta,Friday,0,1,0,0,22.9,0.0,40,74,63,11,0
2024-01-05,Veg Noodles,Friday,0,1,0,0,22.9,0.0,120,38,36,2,0
2024-01-06,Biryani,Saturday,1,1,0,1,23.3,0.0,220,157,154,3,0
2024-01-06,Chicken Curry,Saturday,1,1,0,1,23.3,0.0,190,47,44,3,0
2024-01-06,Dosa,Saturday,1,1,0,1,23.3,0.0,70,83,83,0,1
2024-01-06,Filter Coffee,Saturday,1,1,0,1,23.3,0.0,30,116,116,0,1
2024-01-06,Fried Rice,Saturday,1,1,0,1,23.3,0.0,160,59,59,0,0
2024-01-06,Idli,Saturday,1,1,0,1,23.3,0.0,50,100,85,15,0
2024-01-06,Lassi,Saturday,1,1,0,1,23.3,0.0,60,49,38,11,0
2024-01-06,Meals,Saturday,1,1,0,1,23.3,0.0,140,92,80,12,0
2024-01-06,Parotta,Saturday,1,1,0,1,23.3,0.0,40,91,72,19,0
2024-01-06,Veg Noodles,Saturday,1,1,0,1,23.3,0.0,120,41,35,6,0
2024-01-07,Biryani,Sunday,1,1,0,0,25.0,0.0,220,172,144,28,0
2024-01-07,Chicken Curry,Sunday,1,1,0,0,25.0,0.0,190,51,51,0,1
2024-01-07,Dosa,Sunday,1,1,0,0,25.0,0.0,70,96,78,18,0
2024-01-07,Filter Coffee,Sunday,1,1,0,0,25.0,0.0,30,111,92,19,0
2024-01-07,Fried Rice,Sunday,1,1,0,0,25.0,0.0,160,62,60,2,0
2024-01-07,Idli,Sunday,1,1,0,0,25.0,0.0,50,96,74,22,0
2024-01-07,Lassi,Sunday,1,1,0,0,25.0,0.0,60,56,34,22,0
2024-01-07,Meals,Sunday,1,1,0,0,25.0,0.0,140,94,74,20,0
2024-01-07,Parotta,Sunday,1,1,0,0,25.0,0.0,40,95,56,39,0
2024-01-07,Veg Noodles,Sunday,1,1,0,0,25.0,0.0,120,47,38,9,0
2024-01-08,Biryani,Monday,0,1,0,0,23.4,0.0,220,141,96,45,0
2024-01-08,Chicken Curry,Monday,0,1,0,0,23.4,0.0,190,48,34,14,0
2024-01-08,Dosa,Monday,0,1,0,0,23.4,0.0,70,89,72,17,0
2024-01-08,Filter Coffee,Monday,0,1,0,0,23.4,0.0,30,111,99,12,0
2024-01-08,Fried Rice,Monday,0,1,0,0,23.4,0.0,160,56,41,15,0
2024-01-08,Idli,Monday,0,1,0,0,23.4,0.0,50,116,85,31,0
2024-01-08,Lassi,Monday,0,1,0,0,23.4,0.0,60,57,32,25,0
2024-01-08,Meals,Monday,0,1,0,0,23.4,0.0,140,87,70,17,0
2024-01-08,Parotta,Monday,0,1,0,0,23.4,0.0,40,79,68,11,0
2024-01-08,Veg Noodles,Monday,0,1,0,0,23.4,0.0,120,35,32,3,0
2024-01-09,Biryani,Tuesday,0,1,0,0,24.0,0.0,220,118,104,14,0
2024-01-09,Chicken Curry,Tuesday,0,1,0,0,24.0,0.0,190,40,30,10,0
2024-01-09,Dosa,Tuesday,0,1,0,0,24.0,0.0,70,80,69,11,0
2024-01-09,Filter Coffee,Tuesday,0,1,0,0,24.0,0.0,30,121,99,22,0
2024-01-09,Fried Rice,Tuesday,0,1,0,0,24.0,0.0,160,59,41,18,0
2024-01-09,Idli,Tuesday,0,1,0,0,24.0,0.0,50,116,74,42,0
2024-01-09,Lassi,Tuesday,0,1,0,0,24.0,0.0,60,48,32,16,0
2024-01-09,Meals,Tuesday,0,1,0,0,24.0,0.0,140,94,73,21,0
2024-01-09,Parotta,Tuesday,0,1,0,0,24.0,0.0,40,71,63,8,0
2024-01-09,Veg Noodles,Tuesday,0,1,0,0,24.0,0.0,120,35,31,4,0
2024-01-10,Biryani,Wednesday,0,1,0,0,26.1,0.0,220,120,112,8,0
2024-01-10,Chicken Curry,Wednesday,0,1,0,0,26.1,0.0,190,40,39,1,0
2024-01-10,Dosa,Wednesday,0,1,0,0,26.1,0.0,70,88,66,22,0
2024-01-10,Filter Coffee,Wednesday,0,1,0,0,26.1,0.0,30,114,89,25,0
2024-01-10,Fried Rice,Wednesday,0,1,0,0,26.1,0.0,160,62,52,10,0
2024-01-10,Idli,Wednesday,0,1,0,0,26.1,0.0,50,109,91,18,0
2024-01-10,Lassi,Wednesday,0,1,0,0,26.1,0.0,60,49,38,11,0
2024-01-10,Meals,Wednesday,0,1,0,0,26.1,0.0,140,101,68,33,0
2024-01-10,Parotta,Wednesday,0,1,0,0,26.1,0.0,40,79,55,24,0
2024-01-10,Veg Noodles,Wednesday,0,1,0,0,26.1,0.0,120,37,27,10,0
2024-01-11,Biryani,Thursday,0,1,0,0,24.1,0.0,220,130,108,22,0
2024-01-11,Chicken Curry,Thursday,0,1,0,0,24.1,0.0,190,50,41,9,0
2024-01-11,Dosa,Thursday,0,1,0,0,24.1,0.0,70,89,65,24,0
2024-01-11,Filter Coffee,Thursday,0,1,0,0,24.1,0.0,30,127,82,45,0
2024-01-11,Fried Rice,Thursday,0,1,0,0,24.1,0.0,160,56,47,9,0
2024-01-11,Idli,Thursday,0,1,0,0,24.1,0.0,50,111,95,16,0
2024-01-11,Lassi,Thursday,0,1,0,0,24.1,0.0,60,56,36,20,0
2024-01-11,Meals,Thursday,0,1,0,0,24.1,0.0,140,89,81,8,0
2024-01-11,Parotta,Thursday,0,1,0,0,24.1,0.0,40,70,64,6,0
2024-01-11,Veg Noodles,Thursday,0,1,0,0,24.1,0.0,120,35,28,7,0
2024-01-12,Biryani,Friday,0,1,0,0,25.4,0.0,220,123,112,11,0
2024-01-12,Chicken Curry,Friday,0,1,0,0,25.4,0.0,190,50,43,7,0
2024-01-12,Dosa,Friday,0,1,0,0,25.4,0.0,70,78,73,5,0
2024-01-12,Filter Coffee,Friday,0,1,0,0,25.4,0.0,30,115,90,25,0
2024-01-12,Fried Rice,Friday,0,1,0,0,25.4,0.0,160,58,49,9,0
2024-01-12,Idli,Friday,0,1,0,0,25.4,0.0,50,113,80,33,0
2024-01-12,Lassi,Friday,0,1,0,0,25.4,0.0,60,49,38,11,0
2024-01-12,Meals,Friday,0,1,0,0,25.4,0.0,140,103,76,27,0
2024-01-12,Parotta,Friday,0,1,0,0,25.4,0.0,40,78,61,17,0
2024-01-12,Veg Noodles,Friday,0,1,0,0,25.4,0.0,120,36,31,5,0
2024-01-13,Biryani,Saturday,1,1,0,0,23.4,0.0,220,150,135,15,0
2024-01-13,Chicken Curry,Saturday,1,1,0,0,23.4,0.0,190,46,45,1,0
2024-01-13,Dosa,Saturday,1,1,0,0,23.4,0.0,70,86,78,8,0
2024-01-13,Filter Coffee,Saturday,1,1,0,0,23.4,0.0,30,120,103,17,0
2024-01-13,Fried Rice,Saturday,1,1,0,0,23.4,0.0,160,70,48,22,0
2024-01-13,Idli,Saturday,1,1,0,0,23.4,0.0,50,111,82,29,0
2024-01-13,Lassi,Saturday,1,1,0,0,23.4,0.0,60,50,38,12,0
2024-01-13,Meals,Saturday,1,1,0,0,23.4,0.0,140,99,70,29,0
2024-01-13,Parotta,Saturday,1,1,0,0,23.4,0.0,40,83,65,18,0
2024-01-13,Veg Noodles,Saturday,1,1,0,0,23.4,0.0,120,48,30,18,0
2024-01-14,Biryani,Sunday,1,1,1,0,24.3,0.0,220,179,150,29,0
2024-01-14,Chicken Curry,Sunday,1,1,1,0,24.3,0.0,190,54,54,0,1
2024-01-14,Dosa,Sunday,1,1,1,0,24.3,0.0,70,91,87,4,0
2024-01-14,Filter Coffee,Sunday,1,1,1,0,24.3,0.0,30,114,114,0,1
2024-01-14,Fried Rice,Sunday,1,1,1,0,24.3,0.0,160,66,66,0,0
2024-01-14,Idli,Sunday,1,1,1,0,24.3,0.0,50,87,87,0,1
2024-01-14,Lassi,Sunday,1,1,1,0,24.3,0.0,60,66,52,14,0
2024-01-14,Meals,Sunday,1,1,1,0,24.3,0.0,140,100,91,9,0
2024-01-14,Parotta,Sunday,1,1,1,0,24.3,0.0,40,99,79,20,0
2024-01-14,Veg Noodles,Sunday,1,1,1,0,24.3,0.0,120,45,41,4,0
2024-01-15,Biryani,Monday,0,1,1,0,23.4,0.0,220,119,119,0,1
2024-01-15,Chicken Curry,Monday,0,1,1,0,23.4,0.0,190,49,43,6,0
2024-01-15,Dosa,Monday,0,1,1,0,23.4,0.0,70,90,90,0,1
2024-01-15,Filter Coffee,Monday,0,1,1,0,23.4,0.0,30,110,110,0,1
2024-01-15,Fried Rice,Monday,0,1,1,0,23.4,0.0,160,63,51,12,0
2024-01-15,Idli,Monday,0,1,1,0,23.4,0.0,50,117,114,3,0
2024-01-15,Lassi,Monday,0,1,1,0,23.4,0.0,60,51,40,11,0
2024-01-15,Meals,Monday,0,1,1,0,23.4,0.0,140,85,85,0,1
2024-01-15,Parotta,Monday,0,1,1,0,23.4,0.0,40,76,76,0,0
2024-01-15,Veg Noodles,Monday,0,1,1,0,23.4,0.0,120,39,39,0,0
2024-01-16,Biryani,Tuesday,0,1,0,0,24.1,0.0,220,129,104,25,0
2024-01-16,Chicken Curry,Tuesday,0,1,0,0,24.1,0.0,190,45,31,14,0
2024-01-16,Dosa,Tuesday,0,1,0,0,24.1,0.0,70,86,66,20,0
2024-01-16,Filter Coffee,Tuesday,0,1,0,0,24.1,0.0,30,116,104,12,0
2024-01-16,Fried Rice,Tuesday,0,1,0,0,24.1,0.0,160,54,51,3,0
2024-01-16,Idli,Tuesday,0,1,0,0,24.1,0.0,50,109,94,15,0
2024-01-16,Lassi,Tuesday,0,1,0,0,24.1,0.0,60,54,37,17,0
2024-01-16,Meals,Tuesday,0,1,0,0,24.1,0.0,140,81,79,2,0
2024-01-16,Parotta,Tuesday,0,1,0,0,24.1,0.0,40,80,58,22,0
2024-01-16,Veg Noodles,Tuesday,0,1,0,0,24.1,0.0,120,37,30,7,0
2024-01-17,Biryani,Wednesday,0,1,0,0,25.6,0.0,220,146,102,44,0
2024-01-17,Chicken Curry,Wednesday,0,1,0,0,25.6,0.0,190,45,36,9,0
2024-01-17,Dosa,Wednesday,0,1,0,0,25.6,0.0,70,84,60,24,0
2024-01-17,Filter Coffee,Wednesday,0,1,0,0,25.6,0.0,30,124,93,31,0
2024-01-17,Fried Rice,Wednesday,0,1,0,0,25.6,0.0,160,57,57,0,1
2024-01-17,Idli,Wednesday,0,1,0,0,25.6,0.0,50,107,72,35,0
2024-01-17,Lassi,Wednesday,0,1,0,0,25.6,0.0,60,47,37,10,0
2024-01-17,Meals,Wednesday,0,1,0,0,25.6,0.0,140,99,68,31,0
2024-01-17,Parotta,Wednesday,0,1,0,0,25.6,0.0,40,85,56,29,0
2024-01-17,Veg Noodles,Wednesday,0,1,0,0,25.6,0.0,120,34,31,3,0
2024-01-18,Biryani,Thursday,0,1,0,1,22.5,0.0,220,130,114,16,0
2024-01-18,Chicken Curry,Thursday,0,1,0,1,22.5,0.0,190,45,43,2,0
2024-01-18,Dosa,Thursday,0,1,0,1,22.5,0.0,70,81,65,16,0
2024-01-18,Filter Coffee,Thursday,0,1,0,1,22.5,0.0,30,130,107,23,0
2024-01-18,Fried Rice,Thursday,0,1,0,1,22.5,0.0,160,57,55,2,0
2024-01-18,Idli,Thursday,0,1,0,1,22.5,0.0,50,102,91,11,0
2024-01-18,Lassi,Thursday,0,1,0,1,22.5,0.0,60,48,30,18,0
2024-01-18,Meals,Thursday,0,1,0,1,22.5,0.0,140,93,86,7,0
2024-01-18,Parotta,Thursday,0,1,0,1,22.5,0.0,40,77,76,1,0
2024-01-18,Veg Noodles,Thursday,0,1,0,1,22.5,0.0,120,41,32,9,0
2024-01-19,Biryani,Friday,0,1,0,0,25.1,0.0,220,139,112,27,0
2024-01-19,Chicken Curry,Friday,0,1,0,0,25.1,0.0,190,44,38,6,0
2024-01-19,Dosa,Friday,0,1,0,0,25.1,0.0,70,76,60,16,0
2024-01-19,Filter Coffee,Friday,0,1,0,0,25.1,0.0,30,104,101,3,0
2024-01-19,Fried Rice,Friday,0,1,0,0,25.1,0.0,160,58,46,12,0
2024-01-19,Idli,Friday,0,1,0,0,25.1,0.0,50,98,85,13,0
2024-01-19,Lassi,Friday,0,1,0,0,25.1,0.0,60,53,35,18,0
2024-01-19,Meals,Friday,0,1,0,0,25.1,0.0,140,91,73,18,0
2024-01-19,Parotta,Friday,0,1,0,0,25.1,0.0,40,89,63,26,0
2024-01-19,Veg Noodles,Friday,0,1,0,0,25.1,0.0,120,43,33,10,0
2024-01-20,Biryani,Saturday,1,1,0,0,24.9,0.0,220,155,123,32,0
2024-01-20,Chicken Curry,Saturday,1,1,0,0,24.9,0.0,190,55,41,14,0
2024-01-20,Dosa,Saturday,1,1,0,0,24.9,0.0,70,79,69,10,0
2024-01-20,Filter Coffee,Saturday,1,1,0,0,24.9,0.0,30,118,97,21,0
2024-01-20,Fried Rice,Saturday,1,1,0,0,24.9,0.0,160,58,43,15,0
2024-01-20,Idli,Saturday,1,1,0,0,24.9,0.0,50,108,76,32,0
2024-01-20,Lassi,Saturday,1,1,0,0,24.9,0.0,60,59,35,24,0
2024-01-20,Meals,Saturday,1,1,0,0,24.9,0.0,140,102,84,18,0
2024-01-20,Parotta,Saturday,1,1,0,0,24.9,0.0,40,78,67,11,0
2024-01-20,Veg Noodles,Saturday,1,1,0,0,24.9,0.0,120,48,36,12,0
2024-01-21,Biryani,Sunday,1,1,0,0,23.9,0.0,220,154,124,30,0
2024-01-21,Chicken Curry,Sunday,1,1,0,0,23.9,0.0,190,51,41,10,0
2024-01-21,Dosa,Sunday,1,1,0,0,23.9,0.0,70,87,72,15,0
2024-01-21,Filter Coffee,Sunday,1,1,0,0,23.9,0.0,30,121,107,14,0
2024-01-21,Fried Rice,Sunday,1,1,0,0,23.9,0.0,160,65,49,16,0
2024-01-21,Idli,Sunday,1,1,0,0,23.9,0.0,50,101,89,12,0
2024-01-21,Lassi,Sunday,1,1,0,0,23.9,0.0,60,56,38,18,0
2024-01-21,Meals,Sunday,1,1,0,0,23.9,0.0,140,93,85,8,0
2024-01-21,Parotta,Sunday,1,1,0,0,23.9,0.0,40,87,75,12,0
2024-01-21,Veg Noodles,Sunday,1,1,0,0,23.9,0.0,120,40,32,8,0
2024-01-22,Biryani,Monday,0,1,0,0,22.9,0.0,220,119,112,7,0
2024-01-22,Chicken Curry,Monday,0,1,0,0,22.9,0.0,190,46,34,12,0
2024-01-22,Dosa,Monday,0,1,0,0,22.9,0.0,70,77,71,6,0
2024-01-22,Filter Coffee,Monday,0,1,0,0,22.9,0.0,30,105,104,1,0
2024-01-22,Fried Rice,Monday,0,1,0,0,22.9,0.0,160,56,53,3,0
2024-01-22,Idli,Monday,0,1,0,0,22.9,0.0,50,96,95,1,0
2024-01-22,Lassi,Monday,0,1,0,0,22.9,0.0,60,57,30,27,0
2024-01-22,Meals,Monday,0,1,0,0,22.9,0.0,140,98,73,25,0
2024-01-22,Parotta,Monday,0,1,0,0,22.9,0.0,40,70,59,11,0
2024-01-22,Veg Noodles,Monday,0,1,0,0,22.9,0.0,120,36,30,6,0
2024-01-23,Biryani,Tuesday,0,1,0,0,24.7,0.0,220,136,97,39,0
2024-01-23,Chicken Curry,Tuesday,0,1,0,0,24.7,0.0,190,42,42,0,0
2024-01-23,Dosa,Tuesday,0,1,0,0,24.7,0.0,70,77,67,10,0
2024-01-23,Filter Coffee,Tuesday,0,1,0,0,24.7,0.0,30,127,109,18,0
2024-01-23,Fried Rice,Tuesday,0,1,0,0,24.7,0.0,160,56,43,13,0
2024-01-23,Idli,Tuesday,0,1,0,0,24.7,0.0,50,107,77,30,0
2024-01-23,Lassi,Tuesday,0,1,0,0,24.7,0.0,60,56,36,20,0
2024-01-23,Meals,Tuesday,0,1,0,0,24.7,0.0,140,87,70,17,0
2024-01-23,Parotta,Tuesday,0,1,0,0,24.7,0.0,40,79,59,20,0
2024-01-23,Veg Noodles,Tuesday,0,1,0,0,24.7,0.0,120,41,28,13,0
2024-01-24,Biryani,Wednesday,0,1,0,0,24.0,0.0,220,127,103,24,0
2024-01-24,Chicken Curry,Wednesday,0,1,0,0,24.0,0.0,190,40,40,0,1
2024-01-24,Dosa,Wednesday,0,1,0,0,24.0,0.0,70,87,72,15,0
2024-01-24,Filter Coffee,Wednesday,0,1,0,0,24.0,0.0,30,111,96,15,0
2024-01-24,Fried Rice,Wednesday,0,1,0,0,24.0,0.0,160,63,46,17,0
2024-01-24,Idli,Wednesday,0,1,0,0,24.0,0.0,50,95,82,13,0
2024-01-24,Lassi,Wednesday,0,1,0,0,24.0,0.0,60,53,36,17,0
2024-01-24,Meals,Wednesday,0,1,0,0,24.0,0.0,140,101,75,26,0
2024-01-24,Parotta,Wednesday,0,1,0,0,24.0,0.0,40,87,63,24,0
2024-01-24,Veg Noodles,Wednesday,0,1,0,0,24.0,0.0,120,37,33,4,0
2024-01-25,Biryani,Thursday,0,1,0,0,25.0,0.0,220,124,102,22,0
2024-01-25,Chicken Curry,Thursday,0,1,0,0,25.0,0.0,190,42,36,6,0
2024-01-25,Dosa,Thursday,0,1,0,0,25.0,0.0,70,87,67,20,0
2024-01-25,Filter Coffee,Thursday,0,1,0,0,25.0,0.0,30,128,107,21,0
2024-01-25,Fried Rice,Thursday,0,1,0,0,25.0,0.0,160,52,49,3,0
2024-01-25,Idli,Thursday,0,1,0,0,25.0,0.0,50,104,78,26,0
2024-01-25,Lassi,Thursday,0,1,0,0,25.0,0.0,60,52,38,14,0
2024-01-25,Meals,Thursday,0,1,0,0,25.0,0.0,140,86,71,15,0
2024-01-25,Parotta,Thursday,0,1,0,0,25.0,0.0,40,81,55,26,0
2024-01-25,Veg Noodles,Thursday,0,1,0,0,25.0,0.0,120,35,32,3,0
2024-01-26,Biryani,Friday,0,1,1,0,24.7,0.0,220,123,123,0,1
2024-01-26,Chicken Curry,Friday,0,1,1,0,24.7,0.0,190,52,46,6,0
2024-01-26,Dosa,Friday,0,1,1,0,24.7,0.0,70,77,77,0,1
2024-01-26,Filter Coffee,Friday,0,1,1,0,24.7,0.0,30,119,119,0,1
2024-01-26,Fried Rice,Friday,0,1,1,0,24.7,0.0,160,60,60,0,1
2024-01-26,Idli,Friday,0,1,1,0,24.7,0.0,50,105,95,10,0
2024-01-26,Lassi,Friday,0,1,1,0,24.7,0.0,60,55,47,8,0
2024-01-26,Meals,Friday,0,1,1,0,24.7,0.0,140,84,84,0,1
2024-01-26,Parotta,Friday,0,1,1,0,24.7,0.0,40,84,77,7,0
2024-01-26,Veg Noodles,Friday,0,1,1,0,24.7,0.0,120,39,38,1,0
2024-01-27,Biryani,Saturday,1,1,0,0,26.6,0.0,220,166,103,63,0
2024-01-27,Chicken Curry,Saturday,1,1,0,0,26.6,0.0,190,48,38,10,0
2024-01-27,Dosa,Saturday,1,1,0,0,26.6,0.0,70,92,68,24,0
2024-01-27,Filter Coffee,Saturday,1,1,0,0,26.6,0.0,30,107,97,10,0
2024-01-27,Fried Rice,Saturday,1,1,0,0,26.6,0.0,160,58,51,7,0
2024-01-27,Idli,Saturday,1,1,0,0,26.6,0.0,50,103,78,25,0
2024-01-27,Lassi,Saturday,1,1,0,0,26.6,0.0,60,60,35,25,0
2024-01-27,Meals,Saturday,1,1,0,0,26.6,0.0,140,100,75,25,0
2024-01-27,Parotta,Saturday,1,1,0,0,26.6,0.0,40,81,63,18,0
2024-01-27,Veg Noodles,Saturday,1,1,0,0,26.6,0.0,120,38,34,4,0
2024-01-28,Biryani,Sunday,1,1,0,0,24.5,0.0,220,148,144,4,0
2024-01-28,Chicken Curry,Sunday,1,1,0,0,24.5,0.0,190,53,47,6,0
2024-01-28,Dosa,Sunday,1,1,0,0,24.5,0.0,70,85,83,2,0
2024-01-28,Filter Coffee,Sunday,1,1,0,0,24.5,0.0,30,124,103,21,0
2024-01-28,Fried Rice,Sunday,1,1,0,0,24.5,0.0,160,78,54,24,0
2024-01-28,Idli,Sunday,1,1,0,0,24.5,0.0,50,89,84,5,0
2024-01-28,Lassi,Sunday,1,1,0,0,24.5,0.0,60,54,35,19,0
2024-01-28,Meals,Sunday,1,1,0,0,24.5,0.0,140,89,74,15,0
2024-01-28,Parotta,Sunday,1,1,0,0,24.5,0.0,40,100,76,24,0
2024-01-28,Veg Noodles,Sunday,1,1,0,0,24.5,0.0,120,49,37,12,0
2024-01-29,Biryani,Monday,0,1,0,0,23.5,0.0,220,138,100,38,0
2024-01-29,Chicken Curry,Monday,0,1,0,0,23.5,0.0,190,42,42,0,0
2024-01-29,Dosa,Monday,0,1,0,0,23.5,0.0,70,82,59,23,0
2024-01-29,Filter Coffee,Monday,0,1,0,0,23.5,0.0,30,107,93,14,0
2024-01-29,Fried Rice,Monday,0,1,0,0,23.5,0.0,160,63,47,16,0
2024-01-29,Idli,Monday,0,1,0,0,23.5,0.0,50,94,77,17,0
2024-01-29,Lassi,Monday,0,1,0,0,23.5,0.0,60,57,41,16,0
2024-01-29,Meals,Monday,0,1,0,0,23.5,0.0,140,101,70,31,0
2024-01-29,Parotta,Monday,0,1,0,0,23.5,0.0,40,78,65,13,0
2024-01-29,Veg Noodles,Monday,0,1,0,0,23.5,0.0,120,43,32,11,0
2024-01-30,Biryani,Tuesday,0,1,0,0,25.0,20.7,220,127,110,17,0
2024-01-30,Chicken Curry,Tuesday,0,1,0,0,25.0,20.7,190,48,33,15,0
2024-01-30,Dosa,Tuesday,0,1,0,0,25.0,20.7,70,95,70,25,0
2024-01-30,Filter Coffee,Tuesday,0,1,0,0,25.0,20.7,30,124,114,10,0
2024-01-30,Fried Rice,Tuesday,0,1,0,0,25.0,20.7,160,66,44,22,0
2024-01-30,Idli,Tuesday,0,1,0,0,25.0,20.7,50,98,70,28,0
2024-01-30,Lassi,Tuesday,0,1,0,0,25.0,20.7,60,52,35,17,0
2024-01-30,Meals,Tuesday,0,1,0,0,25.0,20.7,140,95,65,30,0
2024-01-30,Parotta,Tuesday,0,1,0,0,25.0,20.7,40,74,66,8,0
2024-01-30,Veg Noodles,Tuesday,0,1,0,0,25.0,20.7,120,40,29,11,0
2024-01-31,Biryani,Wednesday,0,1,0,1,25.1,0.0,220,134,112,22,0
2024-01-31,Chicken Curry,Wednesday,0,1,0,1,25.1,0.0,190,45,42,3,0
2024-01-31,Dosa,Wednesday,0,1,0,1,25.1,0.0,70,85,74,11,0
2024-01-31,Filter Coffee,Wednesday,0,1,0,1,25.1,0.0,30,126,121,5,0
2024-01-31,Fried Rice,Wednesday,0,1,0,1,25.1,0.0,160,65,50,15,0
2024-01-31,Idli,Wednesday,0,1,0,1,25.1,0.0,50,107,81,26,0
2024-01-31,Lassi,Wednesday,0,1,0,1,25.1,0.0,60,58,40,18,0
2024-01-31,Meals,Wednesday,0,1,0,1,25.1,0.0,140,85,84,1,0
2024-01-31,Parotta,Wednesday,0,1,0,1,25.1,0.0,40,88,61,27,0
2024-01-31,Veg Noodles,Wednesday,0,1,0,1,25.1,0.0,120,38,33,5,0
2024-02-01,Biryani,Thursday,0,2,0,0,26.5,0.0,220,122,103,19,0
2024-02-01,Chicken Curry,Thursday,0,2,0,0,26.5,0.0,190,51,38,13,0
2024-02-01,Dosa,Thursday,0,2,0,0,26.5,0.0,70,75,71,4,0
2024-02-01,Filter Coffee,Thursday,0,2,0,0,26.5,0.0,30,120,93,27,0
2024-02-01,Fried Rice,Thursday,0,2,0,0,26.5,0.0,160,56,48,8,0
2024-02-01,Idli,Thursday,0,2,0,0,26.5,0.0,50,116,76,40,0
2024-02-01,Lassi,Thursday,0,2,0,0,26.5,0.0,60,58,37,21,0
2024-02-01,Meals,Thursday,0,2,0,0,26.5,0.0,140,85,67,18,0
2024-02-01,Parotta,Thursday,0,2,0,0,26.5,0.0,40,77,61,16,0
2024-02-01,Veg Noodles,Thursday,0,2,0,0,26.5,0.0,120,42,31,11,0
2024-02-02,Biryani,Friday,0,2,0,0,25.9,60.8,220,127,116,11,0
2024-02-02,Chicken Curry,Friday,0,2,0,0,25.9,60.8,190,50,42,8,0
2024-02-02,Dosa,Friday,0,2,0,0,25.9,60.8,70,84,72,12,0
2024-02-02,Filter Coffee,Friday,0,2,0,0,25.9,60.8,30,111,111,0,1
2024-02-02,Fried Rice,Friday,0,2,0,0,25.9,60.8,160,64,47,17,0
2024-02-02,Idli,Friday,0,2,0,0,25.9,60.8,50,110,85,25,0
2024-02-02,Lassi,Friday,0,2,0,0,25.9,60.8,60,48,30,18,0
2024-02-02,Meals,Friday,0,2,0,0,25.9,60.8,140,102,80,22,0
2024-02-02,Parotta,Friday,0,2,0,0,25.9,60.8,40,79,64,15,0
2024-02-02,Veg Noodles,Friday,0,2,0,0,25.9,60.8,120,42,30,12,0
2024-02-03,Biryani,Saturday,1,2,0,0,25.3,0.0,220,155,120,35,0
2024-02-03,Chicken Curry,Saturday,1,2,0,0,25.3,0.0,190,53,47,6,0
2024-02-03,Dosa,Saturday,1,2,0,0,25.3,0.0,70,94,71,23,0
2024-02-03,Filter Coffee,Saturday,1,2,0,0,25.3,0.0,30,116,100,16,0
2024-02-03,Fried Rice,Saturday,1,2,0,0,25.3,0.0,160,63,62,1,0
2024-02-03,Idli,Saturday,1,2,0,0,25.3,0.0,50,106,81,25,0
2024-02-03,Lassi,Saturday,1,2,0,0,25.3,0.0,60,55,32,23,0
2024-02-03,Meals,Saturday,1,2,0,0,25.3,0.0,140,98,67,31,0
2024-02-03,Parotta,Saturday,1,2,0,0,25.3,0.0,40,76,67,9,0
2024-02-03,Veg Noodles,Saturday,1,2,0,0,25.3,0.0,120,46,40,6,0
2024-02-04,Biryani,Sunday,1,2,0,0,26.7,0.0,220,176,147,29,0
2024-02-04,Chicken Curry,Sunday,1,2,0,0,26.7,0.0,190,59,52,7,0
2024-02-04,Dosa,Sunday,1,2,0,0,26.7,0.0,70,87,72,15,0
2024-02-04,Filter Coffee,Sunday,1,2,0,0,26.7,0.0,30,118,99,19,0
2024-02-04,Fried Rice,Sunday,1,2,0,0,26.7,0.0,160,77,57,20,0
2024-02-04,Idli,Sunday,1,2,0,0,26.7,0.0,50,94,71,23,0
2024-02-04,Lassi,Sunday,1,2,0,0,26.7,0.0,60,59,39,20,0
2024-02-04,Meals,Sunday,1,2,0,0,26.7,0.0,140,107,77,30,0
2024-02-04,Parotta,Sunday,1,2,0,0,26.7,0.0,40,83,59,24,0
2024-02-04,Veg Noodles,Sunday,1,2,0,0,26.7,0.0,120,45,35,10,0
2024-02-05,Biryani,Monday,0,2,0,0,23.6,22.3,220,121,101,20,0
2024-02-05,Chicken Curry,Monday,0,2,0,0,23.6,22.3,190,40,36,4,0
2024-02-05,Dosa,Monday,0,2,0,0,23.6,22.3,70,95,77,18,0
2024-02-05,Filter Coffee,Monday,0,2,0,0,23.6,22.3,30,122,116,6,0
2024-02-05,Fried Rice,Monday,0,2,0,0,23.6,22.3,160,57,50,7,0
2024-02-05,Idli,Monday,0,2,0,0,23.6,22.3,50,94,79,15,0
2024-02-05,Lassi,Monday,0,2,0,0,23.6,22.3,60,53,30,23,0
2024-02-05,Meals,Monday,0,2,0,0,23.6,22.3,140,83,79,4,0
2024-02-05,Parotta,Monday,0,2,0,0,23.6,22.3,40,84,57,27,0
2024-02-05,Veg Noodles,Monday,0,2,0,0,23.6,22.3,120,44,31,13,0
2024-02-06,Biryani,Tuesday,0,2,0,0,24.3,0.0,220,129,108,21,0
2024-02-06,Chicken Curry,Tuesday,0,2,0,0,24.3,0.0,190,51,38,13,0
2024-02-06,Dosa,Tuesday,0,2,0,0,24.3,0.0,70,83,67,16,0
2024-02-06,Filter Coffee,Tuesday,0,2,0,0,24.3,0.0,30,121,104,17,0
2024-02-06,Fried Rice,Tuesday,0,2,0,0,24.3,0.0,160,57,43,14,0
2024-02-06,Idli,Tuesday,0,2,0,0,24.3,0.0,50,115,77,38,0
2024-02-06,Lassi,Tuesday,0,2,0,0,24.3,0.0,60,56,32,24,0
2024-02-06,Meals,Tuesday,0,2,0,0,24.3,0.0,140,101,61,40,0
2024-02-06,Parotta,Tuesday,0,2,0,0,24.3,0.0,40,78,68,10,0
2024-02-06,Veg Noodles,Tuesday,0,2,0,0,24.3,0.0,120,37,32,5,0
2024-02-07,Biryani,Wednesday,0,2,0,0,23.9,0.0,220,129,106,23,0
2024-02-07,Chicken Curry,Wednesday,0,2,0,0,23.9,0.0,190,51,37,14,0
2024-02-07,Dosa,Wednesday,0,2,0,0,23.9,0.0,70,75,75,0,1
2024-02-07,Filter Coffee,Wednesday,0,2,0,0,23.9,0.0,30,115,99,16,0
2024-02-07,Fried Rice,Wednesday,0,2,0,0,23.9,0.0,160,65,49,16,0
2024-02-07,Idli,Wednesday,0,2,0,0,23.9,0.0,50,104,76,28,0
2024-02-07,Lassi,Wednesday,0,2,0,0,23.9,0.0,60,48,32,16,0
2024-02-07,Meals,Wednesday,0,2,0,0,23.9,0.0,140,92,85,7,0
2024-02-07,Parotta,Wednesday,0,2,0,0,23.9,0.0,40,87,64,23,0
2024-02-07,Veg Noodles,Wednesday,0,2,0,0,23.9,0.0,120,40,35,5,0
2024-02-08,Biryani,Thursday,0,2,0,0,24.6,0.0,220,121,112,9,0
2024-02-08,Chicken Curry,Thursday,0,2,0,0,24.6,0.0,190,43,34,9,0
2024-02-08,Dosa,Thursday,0,2,0,0,24.6,0.0,70,86,68,18,0
2024-02-08,Filter Coffee,Thursday,0,2,0,0,24.6,0.0,30,125,106,19,0
2024-02-08,Fried Rice,Thursday,0,2,0,0,24.6,0.0,160,64,44,20,0
2024-02-08,Idli,Thursday,0,2,0,0,24.6,0.0,50,94,79,15,0
2024-02-08,Lassi,Thursday,0,2,0,0,24.6,0.0,60,54,42,12,0
2024-02-08,Meals,Thursday,0,2,0,0,24.6,0.0,140,95,70,25,0
2024-02-08,Parotta,Thursday,0,2,0,0,24.6,0.0,40,70,60,10,0
2024-02-08,Veg Noodles,Thursday,0,2,0,0,24.6,0.0,120,42,29,13,0
2024-02-09,Biryani,Friday,0,2,0,0,23.5,5.4,220,141,105,36,0
2024-02-09,Chicken Curry,Friday,0,2,0,0,23.5,5.4,190,50,39,11,0
2024-02-09,Dosa,Friday,0,2,0,0,23.5,5.4,70,91,69,22,0
2024-02-09,Filter Coffee,Friday,0,2,0,0,23.5,5.4,30,125,112,13,0
2024-02-09,Fried Rice,Friday,0,2,0,0,23.5,5.4,160,69,51,18,0
2024-02-09,Idli,Friday,0,2,0,0,23.5,5.4,50,104,79,25,0
2024-02-09,Lassi,Friday,0,2,0,0,23.5,5.4,60,60,32,28,0
2024-02-09,Meals,Friday,0,2,0,0,23.5,5.4,140,90,74,16,0
2024-02-09,Parotta,Friday,0,2,0,0,23.5,5.4,40,84,60,24,0
2024-02-09,Veg Noodles,Friday,0,2,0,0,23.5,5.4,120,45,36,9,0
2024-02-10,Biryani,Saturday,1,2,0,0,25.9,0.0,220,140,113,27,0
2024-02-10,Chicken Curry,Saturday,1,2,0,0,25.9,0.0,190,48,44,4,0
2024-02-10,Dosa,Saturday,1,2,0,0,25.9,0.0,70,89,70,19,0
2024-02-10,Filter Coffee,Saturday,1,2,0,0,25.9,0.0,30,123,93,30,0
2024-02-10,Fried Rice,Saturday,1,2,0,0,25.9,0.0,160,59,55,4,0
2024-02-10,Idli,Saturday,1,2,0,0,25.9,0.0,50,105,84,21,0
2024-02-10,Lassi,Saturday,1,2,0,0,25.9,0.0,60,63,40,23,0
2024-02-10,Meals,Saturday,1,2,0,0,25.9,0.0,140,85,78,7,0
2024-02-10,Parotta,Saturday,1,2,0,0,25.9,0.0,40,91,62,29,0
2024-02-10,Veg Noodles,Saturday,1,2,0,0,25.9,0.0,120,48,34,14,0
2024-02-11,Biryani,Sunday,1,2,0,0,25.0,0.0,220,168,128,40,0
2024-02-11,Chicken Curry,Sunday,1,2,0,0,25.0,0.0,190,57,46,11,0
2024-02-11,Dosa,Sunday,1,2,0,0,25.0,0.0,70,104,77,27,0
2024-02-11,Filter Coffee,Sunday,1,2,0,0,25.0,0.0,30,111,99,12,0
2024-02-11,Fried Rice,Sunday,1,2,0,0,25.0,0.0,160,66,56,10,0
2024-02-11,Idli,Sunday,1,2,0,0,25.0,0.0,50,93,72,21,0
2024-02-11,Lassi,Sunday,1,2,0,0,25.0,0.0,60,52,40,12,0
2024-02-11,Meals,Sunday,1,2,0,0,25.0,0.0,140,108,81,27,0
2024-02-11,Parotta,Sunday,1,2,0,0,25.0,0.0,40,93,73,20,0
2024-02-11,Veg Noodles,Sunday,1,2,0,0,25.0,0.0,120,44,44,0,0
2024-02-12,Biryani,Monday,0,2,0,0,23.5,0.0,220,118,106,12,0
2024-02-12,Chicken Curry,Monday,0,2,0,0,23.5,0.0,190,49,34,15,0
2024-02-12,Dosa,Monday,0,2,0,0,23.5,0.0,70,93,64,29,0
2024-02-12,Filter Coffee,Monday,0,2,0,0,23.5,0.0,30,117,87,30,0
2024-02-12,Fried Rice,Monday,0,2,0,0,23.5,0.0,160,56,56,0,1
2024-02-12,Idli,Monday,0,2,0,0,23.5,0.0,50,92,81,11,0
2024-02-12,Lassi,Monday,0,2,0,0,23.5,0.0,60,58,34,24,0
2024-02-12,Meals,Monday,0,2,0,0,23.5,0.0,140,103,74,29,0
2024-02-12,Parotta,Monday,0,2,0,0,23.5,0.0,40,79,60,19,0
2024-02-12,Veg Noodles,Monday,0,2,0,0,23.5,0.0,120,41,32,9,0
2024-02-13,Biryani,Tuesday,0,2,0,0,24.1,0.0,220,130,103,27,0
2024-02-13,Chicken Curry,Tuesday,0,2,0,0,24.1,0.0,190,51,35,16,0
2024-02-13,Dosa,Tuesday,0,2,0,0,24.1,0.0,70,77,68,9,0
2024-02-13,Filter Coffee,Tuesday,0,2,0,0,24.1,0.0,30,116,105,11,0
2024-02-13,Fried Rice,Tuesday,0,2,0,0,24.1,0.0,160,58,53,5,0
2024-02-13,Idli,Tuesday,0,2,0,0,24.1,0.0,50,108,80,28,0
2024-02-13,Lassi,Tuesday,0,2,0,0,24.1,0.0,60,47,32,15,0
2024-02-13,Meals,Tuesday,0,2,0,0,24.1,0.0,140,88,78,10,0
2024-02-13,Parotta,Tuesday,0,2,0,0,24.1,0.0,40,80,70,10,0
2024-02-13,Veg Noodles,Tuesday,0,2,0,0,24.1,0.0,120,37,28,9,0
2024-02-14,Biryani,Wednesday,0,2,0,0,25.7,0.0,220,125,110,15,0
2024-02-14,Chicken Curry,Wednesday,0,2,0,0,25.7,0.0,190,44,35,9,0
2024-02-14,Dosa,Wednesday,0,2,0,0,25.7,0.0,70,76,67,9,0
2024-02-14,Filter Coffee,Wednesday,0,2,0,0,25.7,0.0,30,127,108,19,0
2024-02-14,Fried Rice,Wednesday,0,2,0,0,25.7,0.0,160,58,51,7,0
2024-02-14,Idli,Wednesday,0,2,0,0,25.7,0.0,50,93,88,5,0
2024-02-14,Lassi,Wednesday,0,2,0,0,25.7,0.0,60,53,39,14,0
2024-02-14,Meals,Wednesday,0,2,0,0,25.7,0.0,140,102,75,27,0
2024-02-14,Parotta,Wednesday,0,2,0,0,25.7,0.0,40,82,61,21,0
2024-02-14,Veg Noodles,Wednesday,0,2,0,0,25.7,0.0,120,41,31,10,0
2024-02-15,Biryani,Thursday,0,2,0,1,26.4,0.0,220,129,129,0,0
2024-02-15,Chicken Curry,Thursday,0,2,0,1,26.4,0.0,190,48,38,10,0
2024-02-15,Dosa,Thursday,0,2,0,1,26.4,0.0,70,81,77,4,0
2024-02-15,Filter Coffee,Thursday,0,2,0,1,26.4,0.0,30,127,106,21,0
2024-02-15,Fried Rice,Thursday,0,2,0,1,26.4,0.0,160,56,55,1,0
2024-02-15,Idli,Thursday,0,2,0,1,26.4,0.0,50,103,91,12,0
2024-02-15,Lassi,Thursday,0,2,0,1,26.4,0.0,60,49,42,7,0
2024-02-15,Meals,Thursday,0,2,0,1,26.4,0.0,140,84,84,0,1
2024-02-15,Parotta,Thursday,0,2,0,1,26.4,0.0,40,85,69,16,0
2024-02-15,Veg Noodles,Thursday,0,2,0,1,26.4,0.0,120,36,36,0,1
2024-02-16,Biryani,Friday,0,2,0,0,27.8,0.0,220,137,102,35,0
2024-02-16,Chicken Curry,Friday,0,2,0,0,27.8,0.0,190,51,39,12,0
2024-02-16,Dosa,Friday,0,2,0,0,27.8,0.0,70,89,70,19,0
2024-02-16,Filter Coffee,Friday,0,2,0,0,27.8,0.0,30,128,96,32,0
2024-02-16,Fried Rice,Friday,0,2,0,0,27.8,0.0,160,66,56,10,0
2024-02-16,Idli,Friday,0,2,0,0,27.8,0.0,50,111,88,23,0
2024-02-16,Lassi,Friday,0,2,0,0,27.8,0.0,60,55,35,20,0
2024-02-16,Meals,Friday,0,2,0,0,27.8,0.0,140,85,76,9,0
2024-02-16,Parotta,Friday,0,2,0,0,27.8,0.0,40,78,57,21,0
2024-02-16,Veg Noodles,Friday,0,2,0,0,27.8,0.0,120,40,32,8,0
2024-02-17,Biryani,Saturday,1,2,0,0,29.0,0.0,220,169,114,55,0
2024-02-17,Chicken Curry,Saturday,1,2,0,0,29.0,0.0,190,49,42,7,0
2024-02-17,Dosa,Saturday,1,2,0,0,29.0,0.0,70,93,73,20,0
2024-02-17,Filter Coffee,Saturday,1,2,0,0,29.0,0.0,30,110,92,18,0
2024-02-17,Fried Rice,Saturday,1,2,0,0,29.0,0.0,160,61,46,15,0
2024-02-17,Idli,Saturday,1,2,0,0,29.0,0.0,50,113,72,41,0
2024-02-17,Lassi,Saturday,1,2,0,0,29.0,0.0,60,50,42,8,0
2024-02-17,Meals,Saturday,1,2,0,0,29.0,0.0,140,85,85,0,1
2024-02-17,Parotta,Saturday,1,2,0,0,29.0,0.0,40,85,65,20,0
2024-02-17,Veg Noodles,Saturday,1,2,0,0,29.0,0.0,120,47,34,13,0
2024-02-18,Biryani,Sunday,1,2,0,0,26.0,2.4,220,168,119,49,0
2024-02-18,Chicken Curry,Sunday,1,2,0,0,26.0,2.4,190,58,48,10,0
2024-02-18,Dosa,Sunday,1,2,0,0,26.0,2.4,70,89,75,14,0
2024-02-18,Filter Coffee,Sunday,1,2,0,0,26.0,2.4,30,125,95,30,0
2024-02-18,Fried Rice,Sunday,1,2,0,0,26.0,2.4,160,74,62,12,0
2024-02-18,Idli,Sunday,1,2,0,0,26.0,2.4,50,95,77,18,0
2024-02-18,Lassi,Sunday,1,2,0,0,26.0,2.4,60,55,40,15,0
2024-02-18,Meals,Sunday,1,2,0,0,26.0,2.4,140,95,82,13,0
2024-02-18,Parotta,Sunday,1,2,0,0,26.0,2.4,40,94,73,21,0
2024-02-18,Veg Noodles,Sunday,1,2,0,0,26.0,2.4,120,49,38,11,0
2024-02-19,Biryani,Monday,0,2,0,0,24.4,0.0,220,141,123,18,0
2024-02-19,Chicken Curry,Monday,0,2,0,0,24.4,0.0,190,48,34,14,0
2024-02-19,Dosa,Monday,0,2,0,0,24.4,0.0,70,95,76,19,0
2024-02-19,Filter Coffee,Monday,0,2,0,0,24.4,0.0,30,129,101,28,0
2024-02-19,Fried Rice,Monday,0,2,0,0,24.4,0.0,160,64,43,21,0
2024-02-19,Idli,Monday,0,2,0,0,24.4,0.0,50,92,79,13,0
2024-02-19,Lassi,Monday,0,2,0,0,24.4,0.0,60,50,33,17,0
2024-02-19,Meals,Monday,0,2,0,0,24.4,0.0,140,81,63,18,0
2024-02-19,Parotta,Monday,0,2,0,0,24.4,0.0,40,75,60,15,0
2024-02-19,Veg Noodles,Monday,0,2,0,0,24.4,0.0,120,39,30,9,0
2024-02-20,Biryani,Tuesday,0,2,0,0,23.1,0.0,220,122,108,14,0
2024-02-20,Chicken Curry,Tuesday,0,2,0,0,23.1,0.0,190,49,35,14,0
2024-02-20,Dosa,Tuesday,0,2,0,0,23.1,0.0,70,81,70,11,0
2024-02-20,Filter Coffee,Tuesday,0,2,0,0,23.1,0.0,30,108,95,13,0
2024-02-20,Fried Rice,Tuesday,0,2,0,0,23.1,0.0,160,60,45,15,0
2024-02-20,Idli,Tuesday,0,2,0,0,23.1,0.0,50,104,76,28,0
2024-02-20,Lassi,Tuesday,0,2,0,0,23.1,0.0,60,58,34,24,0
2024-02-20,Meals,Tuesday,0,2,0,0,23.1,0.0,140,89,89,0,0
2024-02-20,Parotta,Tuesday,0,2,0,0,23.1,0.0,40,72,60,12,0
2024-02-20,Veg Noodles,Tuesday,0,2,0,0,23.1,0.0,120,36,31,5,0
2024-02-21,Biryani,Wednesday,0,2,0,0,26.0,0.0,220,126,108,18,0
2024-02-21,Chicken Curry,Wednesday,0,2,0,0,26.0,0.0,190,51,41,10,0
2024-02-21,Dosa,Wednesday,0,2,0,0,26.0,0.0,70,91,82,9,0
2024-02-21,Filter Coffee,Wednesday,0,2,0,0,26.0,0.0,30,104,96,8,0
2024-02-21,Fried Rice,Wednesday,0,2,0,0,26.0,0.0,160,57,49,8,0
2024-02-21,Idli,Wednesday,0,2,0,0,26.0,0.0,50,99,82,17,0
2024-02-21,Lassi,Wednesday,0,2,0,0,26.0,0.0,60,53,38,15,0
2024-02-21,Meals,Wednesday,0,2,0,0,26.0,0.0,140,83,69,14,0
2024-02-21,Parotta,Wednesday,0,2,0,0,26.0,0.0,40,88,63,25,0
2024-02-21,Veg Noodles,Wednesday,0,2,0,0,26.0,0.0,120,38,29,9,0
2024-02-22,Biryani,Thursday,0,2,0,0,24.8,0.0,220,117,94,23,0
2024-02-22,Chicken Curry,Thursday,0,2,0,0,24.8,0.0,190,41,36,5,0
2024-02-22,Dosa,Thursday,0,2,0,0,24.8,0.0,70,92,67,25,0
2024-02-22,Filter Coffee,Thursday,0,2,0,0,24.8,0.0,30,106,92,14,0
2024-02-22,Fried Rice,Thursday,0,2,0,0,24.8,0.0,160,54,52,2,0
2024-02-22,Idli,Thursday,0,2,0,0,24.8,0.0,50,115,95,20,0
2024-02-22,Lassi,Thursday,0,2,0,0,24.8,0.0,60,55,36,19,0
2024-02-22,Meals,Thursday,0,2,0,0,24.8,0.0,140,97,81,16,0
2024-02-22,Parotta,Thursday,0,2,0,0,24.8,0.0,40,73,70,3,0
2024-02-22,Veg Noodles,Thursday,0,2,0,0,24.8,0.0,120,36,36,0,0
2024-02-23,Biryani,Friday,0,2,0,0,25.3,0.0,220,137,111,26,0
2024-02-23,Chicken Curry,Friday,0,2,0,0,25.3,0.0,190,45,38,7,0
2024-02-23,Dosa,Friday,0,2,0,0,25.3,0.0,70,78,74,4,0
2024-02-23,Filter Coffee,Friday,0,2,0,0,25.3,0.0,30,121,103,18,0
2024-02-23,Fried Rice,Friday,0,2,0,0,25.3,0.0,160,56,45,11,0
2024-02-23,Idli,Friday,0,2,0,0,25.3,0.0,50,109,76,33,0
2024-02-23,Lassi,Friday,0,2,0,0,25.3,0.0,60,56,37,19,0
2024-02-23,Meals,Friday,0,2,0,0,25.3,0.0,140,101,73,28,0
2024-02-23,Parotta,Friday,0,2,0,0,25.3,0.0,40,76,65,11,0
2024-02-23,Veg Noodles,Friday,0,2,0,0,25.3,0.0,120,36,29,7,0
2024-02-24,Biryani,Saturday,1,2,0,0,25.1,12.2,220,160,125,35,0
2024-02-24,Chicken Curry,Saturday,1,2,0,0,25.1,12.2,190,48,41,7,0
2024-02-24,Dosa,Saturday,1,2,0,0,25.1,12.2,70,85,68,17,0
2024-02-24,Filter Coffee,Saturday,1,2,0,0,25.1,12.2,30,116,105,11,0
2024-02-24,Fried Rice,Saturday,1,2,0,0,25.1,12.2,160,70,50,20,0
2024-02-24,Idli,Saturday,1,2,0,0,25.1,12.2,50,98,81,17,0
2024-02-24,Lassi,Saturday,1,2,0,0,25.1,12.2,60,55,36,19,0
2024-02-24,Meals,Saturday,1,2,0,0,25.1,12.2,140,100,82,18,0
2024-02-24,Parotta,Saturday,1,2,0,0,25.1,12.2,40,89,76,13,0
2024-02-24,Veg Noodles,Saturday,1,2,0,0,25.1,12.2,120,47,34,13,0
2024-02-25,Biryani,Sunday,1,2,0,0,25.7,7.1,220,182,130,52,0
2024-02-25,Chicken Curry,Sunday,1,2,0,0,25.7,7.1,190,52,49,3,0
2024-02-25,Dosa,Sunday,1,2,0,0,25.7,7.1,70,87,83,4,0
2024-02-25,Filter Coffee,Sunday,1,2,0,0,25.7,7.1,30,109,97,12,0
2024-02-25,Fried Rice,Sunday,1,2,0,0,25.7,7.1,160,70,56,14,0
2024-02-25,Idli,Sunday,1,2,0,0,25.7,7.1,50,104,71,33,0
2024-02-25,Lassi,Sunday,1,2,0,0,25.7,7.1,60,52,33,19,0
2024-02-25,Meals,Sunday,1,2,0,0,25.7,7.1,140,90,73,17,0
2024-02-25,Parotta,Sunday,1,2,0,0,25.7,7.1,40,81,76,5,0
2024-02-25,Veg Noodles,Sunday,1,2,0,0,25.7,7.1,120,45,37,8,0
2024-02-26,Biryani,Monday,0,2,0,1,27.2,0.0,220,133,126,7,0
2024-02-26,Chicken Curry,Monday,0,2,0,1,27.2,0.0,190,45,44,1,0
2024-02-26,Dosa,Monday,0,2,0,1,27.2,0.0,70,94,71,23,0
2024-02-26,Filter Coffee,Monday,0,2,0,1,27.2,0.0,30,119,108,11,0
2024-02-26,Fried Rice,Monday,0,2,0,1,27.2,0.0,160,52,51,1,0
2024-02-26,Idli,Monday,0,2,0,1,27.2,0.0,50,101,82,19,0
2024-02-26,Lassi,Monday,0,2,0,1,27.2,0.0,60,47,45,2,0
2024-02-26,Meals,Monday,0,2,0,1,27.2,0.0,140,98,85,13,0
2024-02-26,Parotta,Monday,0,2,0,1,27.2,0.0,40,70,70,0,1
2024-02-26,Veg Noodles,Monday,0,2,0,1,27.2,0.0,120,35,35,0,0
2024-02-27,Biryani,Tuesday,0,2,0,0,26.2,0.0,220,136,125,11,0
2024-02-27,Chicken Curry,Tuesday,0,2,0,0,26.2,0.0,190,50,40,10,0
2024-02-27,Dosa,Tuesday,0,2,0,0,26.2,0.0,70,82,69,13,0
2024-02-27,Filter Coffee,Tuesday,0,2,0,0,26.2,0.0,30,126,96,30,0
2024-02-27,Fried Rice,Tuesday,0,2,0,0,26.2,0.0,160,66,50,16,0
2024-02-27,Idli,Tuesday,0,2,0,0,26.2,0.0,50,105,78,27,0
2024-02-27,Lassi,Tuesday,0,2,0,0,26.2,0.0,60,52,38,14,0
2024-02-27,Meals,Tuesday,0,2,0,0,26.2,0.0,140,86,71,15,0
2024-02-27,Parotta,Tuesday,0,2,0,0,26.2,0.0,40,70,59,11,0
2024-02-27,Veg Noodles,Tuesday,0,2,0,0,26.2,0.0,120,41,28,13,0
2024-02-28,Biryani,Wednesday,0,2,0,0,25.9,0.0,220,121,97,24,0
2024-02-28,Chicken Curry,Wednesday,0,2,0,0,25.9,0.0,190,45,36,9,0
2024-02-28,Dosa,Wednesday,0,2,0,0,25.9,0.0,70,92,66,26,0
2024-02-28,Filter Coffee,Wednesday,0,2,0,0,25.9,0.0,30,128,107,21,0
2024-02-28,Fried Rice,Wednesday,0,2,0,0,25.9,0.0,160,61,61,0,1
2024-02-28,Idli,Wednesday,0,2,0,0,25.9,0.0,50,116,80,36,0
2024-02-28,Lassi,Wednesday,0,2,0,0,25.9,0.0,60,58,33,25,0
2024-02-28,Meals,Wednesday,0,2,0,0,25.9,0.0,140,98,82,16,0
2024-02-28,Parotta,Wednesday,0,2,0,0,25.9,0.0,40,71,61,10,0
2024-02-28,Veg Noodles,Wednesday,0,2,0,0,25.9,0.0,120,35,29,6,0
2024-02-29,Biryani,Thursday,0,2,0,0,24.9,0.0,220,116,97,19,0
2024-02-29,Chicken Curry,Thursday,0,2,0,0,24.9,0.0,190,48,34,14,0
2024-02-29,Dosa,Thursday,0,2,0,0,24.9,0.0,70,85,70,15,0
2024-02-29,Filter Coffee,Thursday,0,2,0,0,24.9,0.0,30,125,96,29,0
2024-02-29,Fried Rice,Thursday,0,2,0,0,24.9,0.0,160,64,49,15,0
2024-02-29,Idli,Thursday,0,2,0,0,24.9,0.0,50,97,80,17,0
2024-02-29,Lassi,Thursday,0,2,0,0,24.9,0.0,60,49,35,14,0
2024-02-29,Meals,Thursday,0,2,0,0,24.9,0.0,140,93,75,18,0
2024-02-29,Parotta,Thursday,0,2,0,0,24.9,0.0,40,77,61,16,0
2024-02-29,Veg Noodles,Thursday,0,2,0,0,24.9,0.0,120,38,33,5,0
2024-03-01,Biryani,Friday,0,3,0,0,24.2,0.0,220,150,105,45,0
2024-03-01,Chicken Curry,Friday,0,3,0,0,24.2,0.0,190,47,45,2,0
2024-03-01,Dosa,Friday,0,3,0,0,24.2,0.0,70,86,68,18,0
2024-03-01,Filter Coffee,Friday,0,3,0,0,24.2,0.0,30,129,105,24,0
2024-03-01,Fried Rice,Friday,0,3,0,0,24.2,0.0,160,61,46,15,0
2024-03-01,Idli,Friday,0,3,0,0,24.2,0.0,50,98,81,17,0
2024-03-01,Lassi,Friday,0,3,0,0,24.2,0.0,60,57,37,20,0
2024-03-01,Meals,Friday,0,3,0,0,24.2,0.0,140,90,79,11,0
2024-03-01,Parotta,Friday,0,3,0,0,24.2,0.0,40,88,67,21,0
2024-03-01,Veg Noodles,Friday,0,3,0,0,24.2,0.0,120,38,31,7,0
2024-03-02,Biryani,Saturday,1,3,0,0,25.7,0.0,220,141,140,1,0
2024-03-02,Chicken Curry,Saturday,1,3,0,0,25.7,0.0,190,50,44,6,0
2024-03-02,Dosa,Saturday,1,3,0,0,25.7,0.0,70,100,67,33,0
2024-03-02,Filter Coffee,Saturday,1,3,0,0,25.7,0.0,30,121,93,28,0
2024-03-02,Fried Rice,Saturday,1,3,0,0,25.7,0.0,160,73,47,26,0
2024-03-02,Idli,Saturday,1,3,0,0,25.7,0.0,50,110,70,40,0
2024-03-02,Lassi,Saturday,1,3,0,0,25.7,0.0,60,61,42,19,0
2024-03-02,Meals,Saturday,1,3,0,0,25.7,0.0,140,86,63,23,0
2024-03-02,Parotta,Saturday,1,3,0,0,25.7,0.0,40,83,72,11,0
2024-03-02,Veg Noodles,Saturday,1,3,0,0,25.7,0.0,120,40,29,11,0
2024-03-03,Biryani,Sunday,1,3,0,0,26.3,0.0,220,151,146,5,0
2024-03-03,Chicken Curry,Sunday,1,3,0,0,26.3,0.0,190,61,43,18,0
2024-03-03,Dosa,Sunday,1,3,0,0,26.3,0.0,70,93,72,21,0
2024-03-03,Filter Coffee,Sunday,1,3,0,0,26.3,0.0,30,128,104,24,0
2024-03-03,Fried Rice,Sunday,1,3,0,0,26.3,0.0,160,65,54,11,0
2024-03-03,Idli,Sunday,1,3,0,0,26.3,0.0,50,97,74,23,0
2024-03-03,Lassi,Sunday,1,3,0,0,26.3,0.0,60,65,43,22,0
2024-03-03,Meals,Sunday,1,3,0,0,26.3,0.0,140,106,76,30,0
2024-03-03,Parotta,Sunday,1,3,0,0,26.3,0.0,40,89,72,17,0
2024-03-03,Veg Noodles,Sunday,1,3,0,0,26.3,0.0,120,46,37,9,0
2024-03-04,Biryani,Monday,0,3,0,0,28.5,0.0,220,145,102,43,0
2024-03-04,Chicken Curry,Monday,0,3,0,0,28.5,0.0,190,48,40,8,0
2024-03-04,Dosa,Monday,0,3,0,0,28.5,0.0,70,90,75,15,0
2024-03-04,Filter Coffee,Monday,0,3,0,0,28.5,0.0,30,116,102,14,0
2024-03-04,Fried Rice,Monday,0,3,0,0,28.5,0.0,160,54,43,11,0
2024-03-04,Idli,Monday,0,3,0,0,28.5,0.0,50,100,86,14,0
2024-03-04,Lassi,Monday,0,3,0,0,28.5,0.0,60,50,40,10,0
2024-03-04,Meals,Monday,0,3,0,0,28.5,0.0,140,102,74,28,0
2024-03-04,Parotta,Monday,0,3,0,0,28.5,0.0,40,81,66,15,0
2024-03-04,Veg Noodles,Monday,0,3,0,0,28.5,0.0,120,41,29,12,0
2024-03-05,Biryani,Tuesday,0,3,0,0,26.6,0.0,220,146,104,42,0
2024-03-05,Chicken Curry,Tuesday,0,3,0,0,26.6,0.0,190,44,35,9,0
2024-03-05,Dosa,Tuesday,0,3,0,0,26.6,0.0,70,84,70,14,0
2024-03-05,Filter Coffee,Tuesday,0,3,0,0,26.6,0.0,30,128,106,22,0
2024-03-05,Fried Rice,Tuesday,0,3,0,0,26.6,0.0,160,65,48,17,0
2024-03-05,Idli,Tuesday,0,3,0,0,26.6,0.0,50,93,74,19,0
2024-03-05,Lassi,Tuesday,0,3,0,0,26.6,0.0,60,58,40,18,0
2024-03-05,Meals,Tuesday,0,3,0,0,26.6,0.0,140,96,73,23,0
2024-03-05,Parotta,Tuesday,0,3,0,0,26.6,0.0,40,75,59,16,0
2024-03-05,Veg Noodles,Tuesday,0,3,0,0,26.6,0.0,120,39,33,6,0
2024-03-06,Biryani,Wednesday,0,3,0,0,27.7,0.0,220,135,97,38,0
2024-03-06,Chicken Curry,Wednesday,0,3,0,0,27.7,0.0,190,51,40,11,0
2024-03-06,Dosa,Wednesday,0,3,0,0,27.7,0.0,70,77,60,17,0
2024-03-06,Filter Coffee,Wednesday,0,3,0,0,27.7,0.0,30,130,107,23,0
2024-03-06,Fried Rice,Wednesday,0,3,0,0,27.7,0.0,160,65,48,17,0
2024-03-06,Idli,Wednesday,0,3,0,0,27.7,0.0,50,103,80,23,0
2024-03-06,Lassi,Wednesday,0,3,0,0,27.7,0.0,60,54,37,17,0
2024-03-06,Meals,Wednesday,0,3,0,0,27.7,0.0,140,102,78,24,0
2024-03-06,Parotta,Wednesday,0,3,0,0,27.7,0.0,40,77,66,11,0
2024-03-06,Veg Noodles,Wednesday,0,3,0,0,27.7,0.0,120,42,30,12,0
2024-03-07,Biryani,Thursday,0,3,0,0,26.0,10.4,220,127,110,17,0
2024-03-07,Chicken Curry,Thursday,0,3,0,0,26.0,10.4,190,46,41,5,0
2024-03-07,Dosa,Thursday,0,3,0,0,26.0,10.4,70,76,74,2,0
2024-03-07,Filter Coffee,Thursday,0,3,0,0,26.0,10.4,30,123,104,19,0
2024-03-07,Fried Rice,Thursday,0,3,0,0,26.0,10.4,160,59,45,14,0
2024-03-07,Idli,Thursday,0,3,0,0,26.0,10.4,50,105,87,18,0
2024-03-07,Lassi,Thursday,0,3,0,0,26.0,10.4,60,53,36,17,0
2024-03-07,Meals,Thursday,0,3,0,0,26.0,10.4,140,102,70,32,0
2024-03-07,Parotta,Thursday,0,3,0,0,26.0,10.4,40,76,69,7,0
2024-03-07,Veg Noodles,Thursday,0,3,0,0,26.0,10.4,120,43,30,13,0
2024-03-08,Biryani,Friday,0,3,0,0,25.2,10.5,220,151,106,45,0
2024-03-08,Chicken Curry,Friday,0,3,0,0,25.2,10.5,190,45,36,9,0
2024-03-08,Dosa,Friday,0,3,0,0,25.2,10.5,70,81,65,16,0
2024-03-08,Filter Coffee,Friday,0,3,0,0,25.2,10.5,30,116,113,3,0
2024-03-08,Fried Rice,Friday,0,3,0,0,25.2,10.5,160,56,56,0,1
2024-03-08,Idli,Friday,0,3,0,0,25.2,10.5,50,101,78,23,0
2024-03-08,Lassi,Friday,0,3,0,0,25.2,10.5,60,58,33,25,0
2024-03-08,Meals,Friday,0,3,0,0,25.2,10.5,140,86,74,12,0
2024-03-08,Parotta,Friday,0,3,0,0,25.2,10.5,40,78,69,9,0
2024-03-08,Veg Noodles,Friday,0,3,0,0,25.2,10.5,120,44,32,12,0
2024-03-09,Biryani,Saturday,1,3,0,0,25.6,0.0,220,143,121,22,0
2024-03-09,Chicken Curry,Saturday,1,3,0,0,25.6,0.0,190,52,44,8,0
2024-03-09,Dosa,Saturday,1,3,0,0,25.6,0.0,70,96,76,20,0
2024-03-09,Filter Coffee,Saturday,1,3,0,0,25.6,0.0,30,112,112,0,0
2024-03-09,Fried Rice,Saturday,1,3,0,0,25.6,0.0,160,63,50,13,0
2024-03-09,Idli,Saturday,1,3,0,0,25.6,0.0,50,95,82,13,0
2024-03-09,Lassi,Saturday,1,3,0,0,25.6,0.0,60,53,42,11,0
2024-03-09,Meals,Saturday,1,3,0,0,25.6,0.0,140,101,83,18,0
2024-03-09,Parotta,Saturday,1,3,0,0,25.6,0.0,40,84,69,15,0
2024-03-09,Veg Noodles,Saturday,1,3,0,0,25.6,0.0,120,48,31,17,0
2024-03-10,Biryani,Sunday,1,3,0,0,25.9,0.0,220,166,141,25,0
2024-03-10,Chicken Curry,Sunday,1,3,0,0,25.9,0.0,190,59,48,11,0
2024-03-10,Dosa,Sunday,1,3,0,0,25.9,0.0,70,91,77,14,0
2024-03-10,Filter Coffee,Sunday,1,3,0,0,25.9,0.0,30,113,89,24,0
2024-03-10,Fried Rice,Sunday,1,3,0,0,25.9,0.0,160,75,55,20,0
2024-03-10,Idli,Sunday,1,3,0,0,25.9,0.0,50,95,69,26,0
2024-03-10,Lassi,Sunday,1,3,0,0,25.9,0.0,60,64,36,28,0
2024-03-10,Meals,Sunday,1,3,0,0,25.9,0.0,140,94,64,30,0
2024-03-10,Parotta,Sunday,1,3,0,0,25.9,0.0,40,80,76,4,0
2024-03-10,Veg Noodles,Sunday,1,3,0,0,25.9,0.0,120,50,34,16,0
2024-03-11,Biryani,Monday,0,3,0,0,29.4,0.0,220,127,101,26,0
2024-03-11,Chicken Curry,Monday,0,3,0,0,29.4,0.0,190,44,44,0,0
2024-03-11,Dosa,Monday,0,3,0,0,29.4,0.0,70,84,70,14,0
2024-03-11,Filter Coffee,Monday,0,3,0,0,29.4,0.0,30,107,89,18,0
2024-03-11,Fried Rice,Monday,0,3,0,0,29.4,0.0,160,64,49,15,0
2024-03-11,Idli,Monday,0,3,0,0,29.4,0.0,50,109,88,21,0
2024-03-11,Lassi,Monday,0,3,0,0,29.4,0.0,60,54,43,11,0
2024-03-11,Meals,Monday,0,3,0,0,29.4,0.0,140,92,75,17,0
2024-03-11,Parotta,Monday,0,3,0,0,29.4,0.0,40,86,57,29,0
2024-03-11,Veg Noodles,Monday,0,3,0,0,29.4,0.0,120,43,30,13,0
2024-03-12,Biryani,Tuesday,0,3,0,0,25.9,2.3,220,145,102,43,0
2024-03-12,Chicken Curry,Tuesday,0,3,0,0,25.9,2.3,190,50,34,16,0
2024-03-12,Dosa,Tuesday,0,3,0,0,25.9,2.3,70,77,77,0,1
2024-03-12,Filter Coffee,Tuesday,0,3,0,0,25.9,2.3,30,105,88,17,0
2024-03-12,Fried Rice,Tuesday,0,3,0,0,25.9,2.3,160,57,50,7,0
2024-03-12,Idli,Tuesday,0,3,0,0,25.9,2.3,50,115,86,29,0
2024-03-12,Lassi,Tuesday,0,3,0,0,25.9,2.3,60,56,36,20,0
2024-03-12,Meals,Tuesday,0,3,0,0,25.9,2.3,140,84,70,14,0
2024-03-12,Parotta,Tuesday,0,3,0,0,25.9,2.3,40,88,63,25,0
2024-03-12,Veg Noodles,Tuesday,0,3,0,0,25.9,2.3,120,37,28,9,0
2024-03-13,Biryani,Wednesday,0,3,0,0,28.0,0.0,220,145,104,41,0
2024-03-13,Chicken Curry,Wednesday,0,3,0,0,28.0,0.0,190,46,40,6,0
2024-03-13,Dosa,Wednesday,0,3,0,0,28.0,0.0,70,88,63,25,0
2024-03-13,Filter Coffee,Wednesday,0,3,0,0,28.0,0.0,30,116,103,13,0
2024-03-13,Fried Rice,Wednesday,0,3,0,0,28.0,0.0,160,53,51,2,0
2024-03-13,Idli,Wednesday,0,3,0,0,28.0,0.0,50,109,83,26,0
2024-03-13,Lassi,Wednesday,0,3,0,0,28.0,0.0,60,57,42,15,0
2024-03-13,Meals,Wednesday,0,3,0,0,28.0,0.0,140,103,67,36,0
2024-03-13,Parotta,Wednesday,0,3,0,0,28.0,0.0,40,86,63,23,0
2024-03-13,Veg Noodles,Wednesday,0,3,0,0,28.0,0.0,120,36,33,3,0
2024-03-14,Biryani,Thursday,0,3,0,0,26.0,0.0,220,136,111,25,0
2024-03-14,Chicken Curry,Thursday,0,3,0,0,26.0,0.0,190,46,36,10,0
2024-03-14,Dosa,Thursday,0,3,0,0,26.0,0.0,70,92,71,21,0
2024-03-14,Filter Coffee,Thursday,0,3,0,0,26.0,0.0,30,105,87,18,0
2024-03-14,Fried Rice,Thursday,0,3,0,0,26.0,0.0,160,61,48,13,0
2024-03-14,Idli,Thursday,0,3,0,0,26.0,0.0,50,109,91,18,0
2024-03-14,Lassi,Thursday,0,3,0,0,26.0,0.0,60,54,34,20,0
2024-03-14,Meals,Thursday,0,3,0,0,26.0,0.0,140,97,74,23,0
2024-03-14,Parotta,Thursday,0,3,0,0,26.0,0.0,40,69,56,13,0
2024-03-14,Veg Noodles,Thursday,0,3,0,0,26.0,0.0,120,42,30,12,0
2024-03-15,Biryani,Friday,0,3,0,0,28.2,0.0,220,126,126,0,0
2024-03-15,Chicken Curry,Friday,0,3,0,0,28.2,0.0,190,53,34,19,0
2024-03-15,Dosa,Friday,0,3,0,0,28.2,0.0,70,90,76,14,0
2024-03-15,Filter Coffee,Friday,0,3,0,0,28.2,0.0,30,129,82,47,0
2024-03-15,Fried Rice,Friday,0,3,0,0,28.2,0.0,160,65,53,12,0
2024-03-15,Idli,Friday,0,3,0,0,28.2,0.0,50,112,79,33,0
2024-03-15,Lassi,Friday,0,3,0,0,28.2,0.0,60,48,40,8,0
2024-03-15,Meals,Friday,0,3,0,0,28.2,0.0,140,88,81,7,0
2024-03-15,Parotta,Friday,0,3,0,0,28.2,0.0,40,87,66,21,0
2024-03-15,Veg Noodles,Friday,0,3,0,0,28.2,0.0,120,44,29,15,0
2024-03-16,Biryani,Saturday,1,3,0,0,27.7,0.0,220,154,128,26,0
2024-03-16,Chicken Curry,Saturday,1,3,0,0,27.7,0.0,190,52,41,11,0
2024-03-16,Dosa,Saturday,1,3,0,0,27.7,0.0,70,102,68,34,0
2024-03-16,Filter Coffee,Saturday,1,3,0,0,27.7,0.0,30,123,87,36,0
2024-03-16,Fried Rice,Saturday,1,3,0,0,27.7,0.0,160,65,49,16,0
2024-03-16,Idli,Saturday,1,3,0,0,27.7,0.0,50,92,75,17,0
2024-03-16,Lassi,Saturday,1,3,0,0,27.7,0.0,60,54,41,13,0
2024-03-16,Meals,Saturday,1,3,0,0,27.7,0.0,140,93,81,12,0
2024-03-16,Parotta,Saturday,1,3,0,0,27.7,0.0,40,88,61,27,0
2024-03-16,Veg Noodles,Saturday,1,3,0,0,27.7,0.0,120,47,33,14,0
2024-03-17,Biryani,Sunday,1,3,0,0,27.1,0.0,220,158,143,15,0
2024-03-17,Chicken Curry,Sunday,1,3,0,0,27.1,0.0,190,56,45,11,0
2024-03-17,Dosa,Sunday,1,3,0,0,27.1,0.0,70,83,70,13,0
2024-03-17,Filter Coffee,Sunday,1,3,0,0,27.1,0.0,30,128,84,44,0
2024-03-17,Fried Rice,Sunday,1,3,0,0,27.1,0.0,160,72,60,12,0
2024-03-17,Idli,Sunday,1,3,0,0,27.1,0.0,50,93,86,7,0
2024-03-17,Lassi,Sunday,1,3,0,0,27.1,0.0,60,65,44,21,0
2024-03-17,Meals,Sunday,1,3,0,0,27.1,0.0,140,96,76,20,0
2024-03-17,Parotta,Sunday,1,3,0,0,27.1,0.0,40,82,69,13,0
2024-03-17,Veg Noodles,Sunday,1,3,0,0,27.1,0.0,120,47,36,11,0
2024-03-18,Biryani,Monday,0,3,0,0,27.3,0.0,220,144,102,42,0
2024-03-18,Chicken Curry,Monday,0,3,0,0,27.3,0.0,190,41,33,8,0
2024-03-18,Dosa,Monday,0,3,0,0,27.3,0.0,70,75,65,10,0
2024-03-18,Filter Coffee,Monday,0,3,0,0,27.3,0.0,30,117,98,19,0
2024-03-18,Fried Rice,Monday,0,3,0,0,27.3,0.0,160,66,50,16,0
2024-03-18,Idli,Monday,0,3,0,0,27.3,0.0,50,93,93,0,1
2024-03-18,Lassi,Monday,0,3,0,0,27.3,0.0,60,54,35,19,0
2024-03-18,Meals,Monday,0,3,0,0,27.3,0.0,140,98,77,21,0
2024-03-18,Parotta,Monday,0,3,0,0,27.3,0.0,40,87,62,25,0
2024-03-18,Veg Noodles,Monday,0,3,0,0,27.3,0.0,120,43,30,13,0
2024-03-19,Biryani,Tuesday,0,3,0,0,26.6,0.0,220,120,99,21,0
2024-03-19,Chicken Curry,Tuesday,0,3,0,0,26.6,0.0,190,44,37,7,0
2024-03-19,Dosa,Tuesday,0,3,0,0,26.6,0.0,70,85,69,16,0
2024-03-19,Filter Coffee,Tuesday,0,3,0,0,26.6,0.0,30,110,89,21,0
2024-03-19,Fried Rice,Tuesday,0,3,0,0,26.6,0.0,160,55,53,2,0
2024-03-19,Idli,Tuesday,0,3,0,0,26.6,0.0,50,101,78,23,0
2024-03-19,Lassi,Tuesday,0,3,0,0,26.6,0.0,60,58,39,19,0
2024-03-19,Meals,Tuesday,0,3,0,0,26.6,0.0,140,102,77,25,0
2024-03-19,Parotta,Tuesday,0,3,0,0,26.6,0.0,40,84,58,26,0
2024-03-19,Veg Noodles,Tuesday,0,3,0,0,26.6,0.0,120,41,32,9,0
2024-03-20,Biryani,Wednesday,0,3,0,0,28.0,0.0,220,117,109,8,0
2024-03-20,Chicken Curry,Wednesday,0,3,0,0,28.0,0.0,190,45,39,6,0
2024-03-20,Dosa,Wednesday,0,3,0,0,28.0,0.0,70,80,60,20,0
2024-03-20,Filter Coffee,Wednesday,0,3,0,0,28.0,0.0,30,112,83,29,0
2024-03-20,Fried Rice,Wednesday,0,3,0,0,28.0,0.0,160,60,41,19,0
2024-03-20,Idli,Wednesday,0,3,0,0,28.0,0.0,50,118,82,36,0
2024-03-20,Lassi,Wednesday,0,3,0,0,28.0,0.0,60,51,33,18,0
2024-03-20,Meals,Wednesday,0,3,0,0,28.0,0.0,140,88,72,16,0
2024-03-20,Parotta,Wednesday,0,3,0,0,28.0,0.0,40,72,62,10,0
2024-03-20,Veg Noodles,Wednesday,0,3,0,0,28.0,0.0,120,41,32,9,0
2024-03-21,Biryani,Thursday,0,3,0,0,27.0,6.6,220,138,104,34,0
2024-03-21,Chicken Curry,Thursday,0,3,0,0,27.0,6.6,190,42,37,5,0
2024-03-21,Dosa,Thursday,0,3,0,0,27.0,6.6,70,89,71,18,0
2024-03-21,Filter Coffee,Thursday,0,3,0,0,27.0,6.6,30,129,99,30,0
2024-03-21,Fried Rice,Thursday,0,3,0,0,27.0,6.6,160,61,43,18,0
2024-03-21,Idli,Thursday,0,3,0,0,27.0,6.6,50,101,91,10,0
2024-03-21,Lassi,Thursday,0,3,0,0,27.0,6.6,60,53,35,18,0
2024-03-21,Meals,Thursday,0,3,0,0,27.0,6.6,140,91,68,23,0
2024-03-21,Parotta,Thursday,0,3,0,0,27.0,6.6,40,88,63,25,0
2024-03-21,Veg Noodles,Thursday,0,3,0,0,27.0,6.6,120,35,35,0,1
2024-03-22,Biryani,Friday,0,3,0,0,26.2,0.0,220,138,99,39,0
2024-03-22,Chicken Curry,Friday,0,3,0,0,26.2,0.0,190,50,37,13,0
2024-03-22,Dosa,Friday,0,3,0,0,26.2,0.0,70,94,61,33,0
2024-03-22,Filter Coffee,Friday,0,3,0,0,26.2,0.0,30,107,98,9,0
2024-03-22,Fried Rice,Friday,0,3,0,0,26.2,0.0,160,63,52,11,0
2024-03-22,Idli,Friday,0,3,0,0,26.2,0.0,50,113,81,32,0
2024-03-22,Lassi,Friday,0,3,0,0,26.2,0.0,60,59,33,26,0
2024-03-22,Meals,Friday,0,3,0,0,26.2,0.0,140,96,70,26,0
2024-03-22,Parotta,Friday,0,3,0,0,26.2,0.0,40,74,60,14,0
2024-03-22,Veg Noodles,Friday,0,3,0,0,26.2,0.0,120,40,35,5,0
2024-03-23,Biryani,Saturday,1,3,0,0,26.2,0.0,220,168,120,48,0
2024-03-23,Chicken Curry,Saturday,1,3,0,0,26.2,0.0,190,48,41,7,0
2024-03-23,Dosa,Saturday,1,3,0,0,26.2,0.0,70,82,79,3,0
2024-03-23,Filter Coffee,Saturday,1,3,0,0,26.2,0.0,30,124,84,40,0
2024-03-23,Fried Rice,Saturday,1,3,0,0,26.2,0.0,160,72,42,30,0
2024-03-23,Idli,Saturday,1,3,0,0,26.2,0.0,50,91,84,7,0
2024-03-23,Lassi,Saturday,1,3,0,0,26.2,0.0,60,60,42,18,0
2024-03-23,Meals,Saturday,1,3,0,0,26.2,0.0,140,93,80,13,0
2024-03-23,Parotta,Saturday,1,3,0,0,26.2,0.0,40,85,71,14,0
2024-03-23,Veg Noodles,Saturday,1,3,0,0,26.2,0.0,120,38,30,8,0
2024-03-24,Biryani,Sunday,1,3,0,0,28.0,0.0,220,151,132,19,0
2024-03-24,Chicken Curry,Sunday,1,3,0,0,28.0,0.0,190,53,45,8,0
2024-03-24,Dosa,Sunday,1,3,0,0,28.0,0.0,70,104,77,27,0
2024-03-24,Filter Coffee,Sunday,1,3,0,0,28.0,0.0,30,110,90,20,0
2024-03-24,Fried Rice,Sunday,1,3,0,0,28.0,0.0,160,73,58,15,0
2024-03-24,Idli,Sunday,1,3,0,0,28.0,0.0,50,97,82,15,0
2024-03-24,Lassi,Sunday,1,3,0,0,28.0,0.0,60,58,45,13,0
2024-03-24,Meals,Sunday,1,3,0,0,28.0,0.0,140,98,77,21,0
2024-03-24,Parotta,Sunday,1,3,0,0,28.0,0.0,40,83,67,16,0
2024-03-24,Veg Noodles,Sunday,1,3,0,0,28.0,0.0,120,41,35,6,0
2024-03-25,Biryani,Monday,0,3,0,0,29.7,0.0,220,141,99,42,0
2024-03-25,Chicken Curry,Monday,0,3,0,0,29.7,0.0,190,47,37,10,0
2024-03-25,Dosa,Monday,0,3,0,0,29.7,0.0,70,76,76,0,1
2024-03-25,Filter Coffee,Monday,0,3,0,0,29.7,0.0,30,114,92,22,0
2024-03-25,Fried Rice,Monday,0,3,0,0,29.7,0.0,160,59,50,9,0
2024-03-25,Idli,Monday,0,3,0,0,29.7,0.0,50,101,79,22,0
2024-03-25,Lassi,Monday,0,3,0,0,29.7,0.0,60,46,42,4,0
2024-03-25,Meals,Monday,0,3,0,0,29.7,0.0,140,83,66,17,0
2024-03-25,Parotta,Monday,0,3,0,0,29.7,0.0,40,72,72,0,1
2024-03-25,Veg Noodles,Monday,0,3,0,0,29.7,0.0,120,40,30,10,0
2024-03-26,Biryani,Tuesday,0,3,0,0,28.1,0.0,220,116,116,0,1
2024-03-26,Chicken Curry,Tuesday,0,3,0,0,28.1,0.0,190,43,39,4,0
2024-03-26,Dosa,Tuesday,0,3,0,0,28.1,0.0,70,89,71,18,0
2024-03-26,Filter Coffee,Tuesday,0,3,0,0,28.1,0.0,30,104,92,12,0
2024-03-26,Fried Rice,Tuesday,0,3,0,0,28.1,0.0,160,54,44,10,0
2024-03-26,Idli,Tuesday,0,3,0,0,28.1,0.0,50,97,85,12,0
2024-03-26,Lassi,Tuesday,0,3,0,0,28.1,0.0,60,58,44,14,0
2024-03-26,Meals,Tuesday,0,3,0,0,28.1,0.0,140,84,63,21,0
2024-03-26,Parotta,Tuesday,0,3,0,0,28.1,0.0,40,88,61,27,0
2024-03-26,Veg Noodles,Tuesday,0,3,0,0,28.1,0.0,120,35,32,3,0
2024-03-27,Biryani,Wednesday,0,3,0,0,27.9,0.0,220,116,108,8,0
2024-03-27,Chicken Curry,Wednesday,0,3,0,0,27.9,0.0,190,48,37,11,0
2024-03-27,Dosa,Wednesday,0,3,0,0,27.9,0.0,70,83,65,18,0
2024-03-27,Filter Coffee,Wednesday,0,3,0,0,27.9,0.0,30,118,93,25,0
2024-03-27,Fried Rice,Wednesday,0,3,0,0,27.9,0.0,160,62,45,17,0
2024-03-27,Idli,Wednesday,0,3,0,0,27.9,0.0,50,102,83,19,0
2024-03-27,Lassi,Wednesday,0,3,0,0,27.9,0.0,60,56,37,19,0
2024-03-27,Meals,Wednesday,0,3,0,0,27.9,0.0,140,90,77,13,0
2024-03-27,Parotta,Wednesday,0,3,0,0,27.9,0.0,40,80,56,24,0
2024-03-27,Veg Noodles,Wednesday,0,3,0,0,27.9,0.0,120,43,29,14,0
2024-03-28,Biryani,Thursday,0,3,0,0,28.4,0.0,220,130,116,14,0
2024-03-28,Chicken Curry,Thursday,0,3,0,0,28.4,0.0,190,48,32,16,0
2024-03-28,Dosa,Thursday,0,3,0,0,28.4,0.0,70,89,63,26,0
2024-03-28,Filter Coffee,Thursday,0,3,0,0,28.4,0.0,30,107,104,3,0
2024-03-28,Fried Rice,Thursday,0,3,0,0,28.4,0.0,160,54,43,11,0
2024-03-28,Idli,Thursday,0,3,0,0,28.4,0.0,50,109,75,34,0
2024-03-28,Lassi,Thursday,0,3,0,0,28.4,0.0,60,52,41,11,0
2024-03-28,Meals,Thursday,0,3,0,0,28.4,0.0,140,102,69,33,0
2024-03-28,Parotta,Thursday,0,3,0,0,28.4,0.0,40,74,57,17,0
2024-03-28,Veg Noodles,Thursday,0,3,0,0,28.4,0.0,120,39,30,9,0
2024-03-29,Biryani,Friday,0,3,0,0,29.7,0.0,220,131,112,19,0
2024-03-29,Chicken Curry,Friday,0,3,0,0,29.7,0.0,190,46,36,10,0
2024-03-29,Dosa,Friday,0,3,0,0,29.7,0.0,70,79,70,9,0
2024-03-29,Filter Coffee,Friday,0,3,0,0,29.7,0.0,30,129,110,19,0
2024-03-29,Fried Rice,Friday,0,3,0,0,29.7,0.0,160,55,46,9,0
2024-03-29,Idli,Friday,0,3,0,0,29.7,0.0,50,103,75,28,0
2024-03-29,Lassi,Friday,0,3,0,0,29.7,0.0,60,55,42,13,0
2024-03-29,Meals,Friday,0,3,0,0,29.7,0.0,140,90,75,15,0
2024-03-29,Parotta,Friday,0,3,0,0,29.7,0.0,40,87,70,17,0
2024-03-29,Veg Noodles,Friday,0,3,0,0,29.7,0.0,120,43,29,14,0
2024-03-30,Biryani,Saturday,1,3,0,0,28.5,0.0,220,158,122,36,0
2024-03-30,Chicken Curry,Saturday,1,3,0,0,28.5,0.0,190,47,42,5,0
2024-03-30,Dosa,Saturday,1,3,0,0,28.5,0.0,70,101,71,30,0
2024-03-30,Filter Coffee,Saturday,1,3,0,0,28.5,0.0,30,107,92,15,0
2024-03-30,Fried Rice,Saturday,1,3,0,0,28.5,0.0,160,66,50,16,0
2024-03-30,Idli,Saturday,1,3,0,0,28.5,0.0,50,110,75,35,0
2024-03-30,Lassi,Saturday,1,3,0,0,28.5,0.0,60,53,42,11,0
2024-03-30,Meals,Saturday,1,3,0,0,28.5,0.0,140,90,83,7,0
2024-03-30,Parotta,Saturday,1,3,0,0,28.5,0.0,40,95,66,29,0
2024-03-30,Veg Noodles,Saturday,1,3,0,0,28.5,0.0,120,39,32,7,0
2024-03-31,Biryani,Sunday,1,3,0,0,27.8,0.0,220,149,124,25,0
2024-03-31,Chicken Curry,Sunday,1,3,0,0,27.8,0.0,190,57,49,8,0
2024-03-31,Dosa,Sunday,1,3,0,0,27.8,0.0,70,105,81,24,0
2024-03-31,Filter Coffee,Sunday,1,3,0,0,27.8,0.0,30,111,86,25,0
2024-03-31,Fried Rice,Sunday,1,3,0,0,27.8,0.0,160,72,53,19,0
2024-03-31,Idli,Sunday,1,3,0,0,27.8,0.0,50,108,83,25,0
2024-03-31,Lassi,Sunday,1,3,0,0,27.8,0.0,60,58,48,10,0
2024-03-31,Meals,Sunday,1,3,0,0,27.8,0.0,140,104,69,35,0
2024-03-31,Parotta,Sunday,1,3,0,0,27.8,0.0,40,101,64,37,0
2024-03-31,Veg Noodles,Sunday,1,3,0,0,27.8,0.0,120,50,34,16,0
2024-04-01,Biryani,Monday,0,4,0,0,29.7,0.0,220,116,103,13,0
2024-04-01,Chicken Curry,Monday,0,4,0,0,29.7,0.0,190,41,40,1,0
2024-04-01,Dosa,Monday,0,4,0,0,29.7,0.0,70,86,62,24,0
2024-04-01,Filter Coffee,Monday,0,4,0,0,29.7,0.0,30,104,91,13,0
2024-04-01,Fried Rice,Monday,0,4,0,0,29.7,0.0,160,67,44,23,0
2024-04-01,Idli,Monday,0,4,0,0,29.7,0.0,50,105,89,16,0
2024-04-01,Lassi,Monday,0,4,0,0,29.7,0.0,60,48,48,0,0
2024-04-01,Meals,Monday,0,4,0,0,29.7,0.0,140,102,72,30,0
2024-04-01,Parotta,Monday,0,4,0,0,29.7,0.0,40,87,66,21,0
2024-04-01,Veg Noodles,Monday,0,4,0,0,29.7,0.0,120,39,30,9,0
2024-04-02,Biryani,Tuesday,0,4,0,0,29.0,0.0,220,139,103,36,0
2024-04-02,Chicken Curry,Tuesday,0,4,0,0,29.0,0.0,190,46,42,4,0
2024-04-02,Dosa,Tuesday,0,4,0,0,29.0,0.0,70,86,79,7,0
2024-04-02,Filter Coffee,Tuesday,0,4,0,0,29.0,0.0,30,133,95,38,0
2024-04-02,Fried Rice,Tuesday,0,4,0,0,29.0,0.0,160,62,45,17,0
2024-04-02,Idli,Tuesday,0,4,0,0,29.0,0.0,50,118,88,30,0
2024-04-02,Lassi,Tuesday,0,4,0,0,29.0,0.0,60,49,38,11,0
2024-04-02,Meals,Tuesday,0,4,0,0,29.0,0.0,140,91,71,20,0
2024-04-02,Parotta,Tuesday,0,4,0,0,29.0,0.0,40,87,60,27,0
2024-04-02,Veg Noodles,Tuesday,0,4,0,0,29.0,0.0,120,40,28,12,0
2024-04-03,Biryani,Wednesday,0,4,0,0,30.4,0.0,220,122,92,30,0
2024-04-03,Chicken Curry,Wednesday,0,4,0,0,30.4,0.0,190,49,36,13,0
2024-04-03,Dosa,Wednesday,0,4,0,0,30.4,0.0,70,88,74,14,0
2024-04-03,Filter Coffee,Wednesday,0,4,0,0,30.4,0.0,30,123,92,31,0
2024-04-03,Fried Rice,Wednesday,0,4,0,0,30.4,0.0,160,64,45,19,0
2024-04-03,Idli,Wednesday,0,4,0,0,30.4,0.0,50,94,85,9,0
2024-04-03,Lassi,Wednesday,0,4,0,0,30.4,0.0,60,57,44,13,0
2024-04-03,Meals,Wednesday,0,4,0,0,30.4,0.0,140,81,74,7,0
2024-04-03,Parotta,Wednesday,0,4,0,0,30.4,0.0,40,82,65,17,0
2024-04-03,Veg Noodles,Wednesday,0,4,0,0,30.4,0.0,120,41,33,8,0
2024-04-04,Biryani,Thursday,0,4,0,0,28.8,0.0,220,137,99,38,0
2024-04-04,Chicken Curry,Thursday,0,4,0,0,28.8,0.0,190,47,38,9,0
2024-04-04,Dosa,Thursday,0,4,0,0,28.8,0.0,70,87,66,21,0
2024-04-04,Filter Coffee,Thursday,0,4,0,0,28.8,0.0,30,123,99,24,0
2024-04-04,Fried Rice,Thursday,0,4,0,0,28.8,0.0,160,57,54,3,0
2024-04-04,Idli,Thursday,0,4,0,0,28.8,0.0,50,100,85,15,0
2024-04-04,Lassi,Thursday,0,4,0,0,28.8,0.0,60,51,41,10,0
2024-04-04,Meals,Thursday,0,4,0,0,28.8,0.0,140,96,80,16,0
2024-04-04,Parotta,Thursday,0,4,0,0,28.8,0.0,40,76,67,9,0
2024-04-04,Veg Noodles,Thursday,0,4,0,0,28.8,0.0,120,40,32,8,0
2024-04-05,Biryani,Friday,0,4,0,0,27.2,0.0,220,149,108,41,0
2024-04-05,Chicken Curry,Friday,0,4,0,0,27.2,0.0,190,48,34,14,0
2024-04-05,Dosa,Friday,0,4,0,0,27.2,0.0,70,89,79,10,0
2024-04-05,Filter Coffee,Friday,0,4,0,0,27.2,0.0,30,119,115,4,0
2024-04-05,Fried Rice,Friday,0,4,0,0,27.2,0.0,160,62,47,15,0
2024-04-05,Idli,Friday,0,4,0,0,27.2,0.0,50,102,84,18,0
2024-04-05,Lassi,Friday,0,4,0,0,27.2,0.0,60,58,40,18,0
2024-04-05,Meals,Friday,0,4,0,0,27.2,0.0,140,92,66,26,0
2024-04-05,Parotta,Friday,0,4,0,0,27.2,0.0,40,90,66,24,0
2024-04-05,Veg Noodles,Friday,0,4,0,0,27.2,0.0,120,42,29,13,0
2024-04-06,Biryani,Saturday,1,4,0,0,27.1,0.0,220,138,127,11,0
2024-04-06,Chicken Curry,Saturday,1,4,0,0,27.1,0.0,190,59,43,16,0
2024-04-06,Dosa,Saturday,1,4,0,0,27.1,0.0,70,93,67,26,0
2024-04-06,Filter Coffee,Saturday,1,4,0,0,27.1,0.0,30,129,84,45,0
2024-04-06,Fried Rice,Saturday,1,4,0,0,27.1,0.0,160,74,54,20,0
2024-04-06,Idli,Saturday,1,4,0,0,27.1,0.0,50,103,82,21,0
2024-04-06,Lassi,Saturday,1,4,0,0,27.1,0.0,60,57,41,16,0
2024-04-06,Meals,Saturday,1,4,0,0,27.1,0.0,140,100,79,21,0
2024-04-06,Parotta,Saturday,1,4,0,0,27.1,0.0,40,79,79,0,1
2024-04-06,Veg Noodles,Saturday,1,4,0,0,27.1,0.0,120,46,34,12,0
2024-04-07,Biryani,Sunday,1,4,0,0,30.8,9.0,220,181,134,47,0
2024-04-07,Chicken Curry,Sunday,1,4,0,0,30.8,9.0,190,51,41,10,0
2024-04-07,Dosa,Sunday,1,4,0,0,30.8,9.0,70,103,76,27,0
2024-04-07,Filter Coffee,Sunday,1,4,0,0,30.8,9.0,30,108,91,17,0
2024-04-07,Fried Rice,Sunday,1,4,0,0,30.8,9.0,160,69,52,17,0
2024-04-07,Idli,Sunday,1,4,0,0,30.8,9.0,50,100,81,19,0
2024-04-07,Lassi,Sunday,1,4,0,0,30.8,9.0,60,53,45,8,0
2024-04-07,Meals,Sunday,1,4,0,0,30.8,9.0,140,93,83,10,0
2024-04-07,Parotta,Sunday,1,4,0,0,30.8,9.0,40,84,63,21,0
2024-04-07,Veg Noodles,Sunday,1,4,0,0,30.8,9.0,120,49,31,18,0
2024-04-08,Biryani,Monday,0,4,0,0,31.0,0.0,220,124,98,26,0
2024-04-08,Chicken Curry,Monday,0,4,0,0,31.0,0.0,190,50,36,14,0
2024-04-08,Dosa,Monday,0,4,0,0,31.0,0.0,70,88,60,28,0
2024-04-08,Filter Coffee,Monday,0,4,0,0,31.0,0.0,30,127,103,24,0
2024-04-08,Fried Rice,Monday,0,4,0,0,31.0,0.0,160,64,44,20,0
2024-04-08,Idli,Monday,0,4,0,0,31.0,0.0,50,107,73,34,0
2024-04-08,Lassi,Monday,0,4,0,0,31.0,0.0,60,51,32,19,0
2024-04-08,Meals,Monday,0,4,0,0,31.0,0.0,140,81,71,10,0
2024-04-08,Parotta,Monday,0,4,0,0,31.0,0.0,40,78,58,20,0
2024-04-08,Veg Noodles,Monday,0,4,0,0,31.0,0.0,120,38,34,4,0
2024-04-09,Biryani,Tuesday,0,4,0,0,28.8,0.0,220,128,107,21,0
2024-04-09,Chicken Curry,Tuesday,0,4,0,0,28.8,0.0,190,50,46,4,0
2024-04-09,Dosa,Tuesday,0,4,0,0,28.8,0.0,70,79,78,1,0
2024-04-09,Filter Coffee,Tuesday,0,4,0,0,28.8,0.0,30,128,90,38,0
2024-04-09,Fried Rice,Tuesday,0,4,0,0,28.8,0.0,160,60,41,19,0
2024-04-09,Idli,Tuesday,0,4,0,0,28.8,0.0,50,116,78,38,0
2024-04-09,Lassi,Tuesday,0,4,0,0,28.8,0.0,60,48,45,3,0
2024-04-09,Meals,Tuesday,0,4,0,0,28.8,0.0,140,89,71,18,0
2024-04-09,Parotta,Tuesday,0,4,0,0,28.8,0.0,40,75,61,14,0
2024-04-09,Veg Noodles,Tuesday,0,4,0,0,28.8,0.0,120,44,35,9,0
2024-04-10,Biryani,Wednesday,0,4,0,0,28.6,0.0,220,118,102,16,0
2024-04-10,Chicken Curry,Wednesday,0,4,0,0,28.6,0.0,190,45,37,8,0
2024-04-10,Dosa,Wednesday,0,4,0,0,28.6,0.0,70,94,59,35,0
2024-04-10,Filter Coffee,Wednesday,0,4,0,0,28.6,0.0,30,105,101,4,0
2024-04-10,Fried Rice,Wednesday,0,4,0,0,28.6,0.0,160,55,41,14,0
2024-04-10,Idli,Wednesday,0,4,0,0,28.6,0.0,50,100,76,24,0
2024-04-10,Lassi,Wednesday,0,4,0,0,28.6,0.0,60,55,37,18,0
2024-04-10,Meals,Wednesday,0,4,0,0,28.6,0.0,140,97,75,22,0
2024-04-10,Parotta,Wednesday,0,4,0,0,28.6,0.0,40,81,74,7,0
2024-04-10,Veg Noodles,Wednesday,0,4,0,0,28.6,0.0,120,38,31,7,0
2024-04-11,Biryani,Thursday,0,4,0,0,30.9,0.0,220,143,81,62,0
2024-04-11,Chicken Curry,Thursday,0,4,0,0,30.9,0.0,190,42,34,8,0
2024-04-11,Dosa,Thursday,0,4,0,0,30.9,0.0,70,80,59,21,0
2024-04-11,Filter Coffee,Thursday,0,4,0,0,30.9,0.0,30,108,96,12,0
2024-04-11,Fried Rice,Thursday,0,4,0,0,30.9,0.0,160,60,42,18,0
2024-04-11,Idli,Thursday,0,4,0,0,30.9,0.0,50,114,90,24,0
2024-04-11,Lassi,Thursday,0,4,0,0,30.9,0.0,60,58,41,17,0
2024-04-11,Meals,Thursday,0,4,0,0,30.9,0.0,140,90,74,16,0
2024-04-11,Parotta,Thursday,0,4,0,0,30.9,0.0,40,87,71,16,0
2024-04-11,Veg Noodles,Thursday,0,4,0,0,30.9,0.0,120,37,29,8,0
2024-04-12,Biryani,Friday,0,4,0,0,27.9,2.1,220,143,106,37,0
2024-04-12,Chicken Curry,Friday,0,4,0,0,27.9,2.1,190,44,40,4,0
2024-04-12,Dosa,Friday,0,4,0,0,27.9,2.1,70,80,66,14,0
2024-04-12,Filter Coffee,Friday,0,4,0,0,27.9,2.1,30,120,106,14,0
2024-04-12,Fried Rice,Friday,0,4,0,0,27.9,2.1,160,58,49,9,0
2024-04-12,Idli,Friday,0,4,0,0,27.9,2.1,50,105,94,11,0
2024-04-12,Lassi,Friday,0,4,0,0,27.9,2.1,60,58,39,19,0
2024-04-12,Meals,Friday,0,4,0,0,27.9,2.1,140,87,77,10,0
2024-04-12,Parotta,Friday,0,4,0,0,27.9,2.1,40,82,72,10,0
2024-04-12,Veg Noodles,Friday,0,4,0,0,27.9,2.1,120,39,31,8,0
2024-04-13,Biryani,Saturday,1,4,0,0,28.2,0.0,220,155,133,22,0
2024-04-13,Chicken Curry,Saturday,1,4,0,0,28.2,0.0,190,58,40,18,0
2024-04-13,Dosa,Saturday,1,4,0,0,28.2,0.0,70,102,79,23,0
2024-04-13,Filter Coffee,Saturday,1,4,0,0,28.2,0.0,30,107,107,0,1
2024-04-13,Fried Rice,Saturday,1,4,0,0,28.2,0.0,160,58,57,1,0
2024-04-13,Idli,Saturday,1,4,0,0,28.2,0.0,50,101,67,34,0
2024-04-13,Lassi,Saturday,1,4,0,0,28.2,0.0,60,61,40,21,0
2024-04-13,Meals,Saturday,1,4,0,0,28.2,0.0,140,95,79,16,0
2024-04-13,Parotta,Saturday,1,4,0,0,28.2,0.0,40,88,64,24,0
2024-04-13,Veg Noodles,Saturday,1,4,0,0,28.2,0.0,120,42,33,9,0
2024-04-14,Biryani,Sunday,1,4,0,0,30.2,0.0,220,189,116,73,0
2024-04-14,Chicken Curry,Sunday,1,4,0,0,30.2,0.0,190,53,41,12,0
2024-04-14,Dosa,Sunday,1,4,0,0,30.2,0.0,70,88,80,8,0
2024-04-14,Filter Coffee,Sunday,1,4,0,0,30.2,0.0,30,112,95,17,0
2024-04-14,Fried Rice,Sunday,1,4,0,0,30.2,0.0,160,66,48,18,0
2024-04-14,Idli,Sunday,1,4,0,0,30.2,0.0,50,94,87,7,0
2024-04-14,Lassi,Sunday,1,4,0,0,30.2,0.0,60,65,48,17,0
2024-04-14,Meals,Sunday,1,4,0,0,30.2,0.0,140,104,71,33,0
2024-04-14,Parotta,Sunday,1,4,0,0,30.2,0.0,40,90,68,22,0
2024-04-14,Veg Noodles,Sunday,1,4,0,0,30.2,0.0,120,44,35,9,0
2024-04-15,Biryani,Monday,0,4,0,0,29.0,0.0,220,126,104,22,0
2024-04-15,Chicken Curry,Monday,0,4,0,0,29.0,0.0,190,50,43,7,0
2024-04-15,Dosa,Monday,0,4,0,0,29.0,0.0,70,77,68,9,0
2024-04-15,Filter Coffee,Monday,0,4,0,0,29.0,0.0,30,116,82,34,0
2024-04-15,Fried Rice,Monday,0,4,0,0,29.0,0.0,160,55,45,10,0
2024-04-15,Idli,Monday,0,4,0,0,29.0,0.0,50,100,83,17,0
2024-04-15,Lassi,Monday,0,4,0,0,29.0,0.0,60,56,40,16,0
2024-04-15,Meals,Monday,0,4,0,0,29.0,0.0,140,84,78,6,0
2024-04-15,Parotta,Monday,0,4,0,0,29.0,0.0,40,83,58,25,0
2024-04-15,Veg Noodles,Monday,0,4,0,0,29.0,0.0,120,43,35,8,0
2024-04-16,Biryani,Tuesday,0,4,0,0,29.5,0.0,220,145,117,28,0
2024-04-16,Chicken Curry,Tuesday,0,4,0,0,29.5,0.0,190,46,39,7,0
2024-04-16,Dosa,Tuesday,0,4,0,0,29.5,0.0,70,87,73,14,0
2024-04-16,Filter Coffee,Tuesday,0,4,0,0,29.5,0.0,30,109,88,21,0
2024-04-16,Fried Rice,Tuesday,0,4,0,0,29.5,0.0,160,57,42,15,0
2024-04-16,Idli,Tuesday,0,4,0,0,29.5,0.0,50,103,89,14,0
2024-04-16,Lassi,Tuesday,0,4,0,0,29.5,0.0,60,54,38,16,0
2024-04-16,Meals,Tuesday,0,4,0,0,29.5,0.0,140,97,79,18,0
2024-04-16,Parotta,Tuesday,0,4,0,0,29.5,0.0,40,71,58,13,0
2024-04-16,Veg Noodles,Tuesday,0,4,0,0,29.5,0.0,120,40,33,7,0
2024-04-17,Biryani,Wednesday,0,4,0,0,29.4,0.0,220,139,97,42,0
2024-04-17,Chicken Curry,Wednesday,0,4,0,0,29.4,0.0,190,46,37,9,0
2024-04-17,Dosa,Wednesday,0,4,0,0,29.4,0.0,70,93,66,27,0
2024-04-17,Filter Coffee,Wednesday,0,4,0,0,29.4,0.0,30,125,111,14,0
2024-04-17,Fried Rice,Wednesday,0,4,0,0,29.4,0.0,160,65,45,20,0
2024-04-17,Idli,Wednesday,0,4,0,0,29.4,0.0,50,112,86,26,0
2024-04-17,Lassi,Wednesday,0,4,0,0,29.4,0.0,60,56,41,15,0
2024-04-17,Meals,Wednesday,0,4,0,0,29.4,0.0,140,96,73,23,0
2024-04-17,Parotta,Wednesday,0,4,0,0,29.4,0.0,40,70,70,0,0
2024-04-17,Veg Noodles,Wednesday,0,4,0,0,29.4,0.0,120,44,33,11,0
2024-04-18,Biryani,Thursday,0,4,0,0,30.1,0.0,220,146,103,43,0
2024-04-18,Chicken Curry,Thursday,0,4,0,0,30.1,0.0,190,48,35,13,0
2024-04-18,Dosa,Thursday,0,4,0,0,30.1,0.0,70,76,69,7,0
2024-04-18,Filter Coffee,Thursday,0,4,0,0,30.1,0.0,30,119,83,36,0
2024-04-18,Fried Rice,Thursday,0,4,0,0,30.1,0.0,160,58,50,8,0
2024-04-18,Idli,Thursday,0,4,0,0,30.1,0.0,50,105,92,13,0
2024-04-18,Lassi,Thursday,0,4,0,0,30.1,0.0,60,52,41,11,0
2024-04-18,Meals,Thursday,0,4,0,0,30.1,0.0,140,89,64,25,0
2024-04-18,Parotta,Thursday,0,4,0,0,30.1,0.0,40,82,61,21,0
2024-04-18,Veg Noodles,Thursday,0,4,0,0,30.1,0.0,120,36,31,5,0
2024-04-19,Biryani,Friday,0,4,0,0,31.5,0.0,220,155,98,57,0
2024-04-19,Chicken Curry,Friday,0,4,0,0,31.5,0.0,190,45,37,8,0
2024-04-19,Dosa,Friday,0,4,0,0,31.5,0.0,70,88,78,10,0
2024-04-19,Filter Coffee,Friday,0,4,0,0,31.5,0.0,30,123,94,29,0
2024-04-19,Fried Rice,Friday,0,4,0,0,31.5,0.0,160,67,46,21,0
2024-04-19,Idli,Friday,0,4,0,0,31.5,0.0,50,95,82,13,0
2024-04-19,Lassi,Friday,0,4,0,0,31.5,0.0,60,49,48,1,0
2024-04-19,Meals,Friday,0,4,0,0,31.5,0.0,140,105,72,33,0
2024-04-19,Parotta,Friday,0,4,0,0,31.5,0.0,40,83,63,20,0
2024-04-19,Veg Noodles,Friday,0,4,0,0,31.5,0.0,120,42,29,13,0
2024-04-20,Biryani,Saturday,1,4,0,0,30.0,0.0,220,174,138,36,0
2024-04-20,Chicken Curry,Saturday,1,4,0,0,30.0,0.0,190,52,47,5,0
2024-04-20,Dosa,Saturday,1,4,0,0,30.0,0.0,70,82,70,12,0
2024-04-20,Filter Coffee,Saturday,1,4,0,0,30.0,0.0,30,118,76,42,0
2024-04-20,Fried Rice,Saturday,1,4,0,0,30.0,0.0,160,67,52,15,0
2024-04-20,Idli,Saturday,1,4,0,0,30.0,0.0,50,108,71,37,0
2024-04-20,Lassi,Saturday,1,4,0,0,30.0,0.0,60,60,40,20,0
2024-04-20,Meals,Saturday,1,4,0,0,30.0,0.0,140,105,76,29,0
2024-04-20,Parotta,Saturday,1,4,0,0,30.0,0.0,40,85,72,13,0
2024-04-20,Veg Noodles,Saturday,1,4,0,0,30.0,0.0,120,39,32,7,0
2024-04-21,Biryani,Sunday,1,4,0,0,30.7,0.0,220,154,131,23,0
2024-04-21,Chicken Curry,Sunday,1,4,0,0,30.7,0.0,190,63,46,17,0
2024-04-21,Dosa,Sunday,1,4,0,0,30.7,0.0,70,93,69,24,0
2024-04-21,Filter Coffee,Sunday,1,4,0,0,30.7,0.0,30,116,82,34,0
2024-04-21,Fried Rice,Sunday,1,4,0,0,30.7,0.0,160,62,62,0,0
2024-04-21,Idli,Sunday,1,4,0,0,30.7,0.0,50,103,76,27,0
2024-04-21,Lassi,Sunday,1,4,0,0,30.7,0.0,60,63,45,18,0
2024-04-21,Meals,Sunday,1,4,0,0,30.7,0.0,140,94,70,24,0
2024-04-21,Parotta,Sunday,1,4,0,0,30.7,0.0,40,88,62,26,0
2024-04-21,Veg Noodles,Sunday,1,4,0,0,30.7,0.0,120,45,36,9,0
2024-04-22,Biryani,Monday,0,4,0,0,27.5,0.0,220,142,105,37,0
2024-04-22,Chicken Curry,Monday,0,4,0,0,27.5,0.0,190,43,28,15,0
2024-04-22,Dosa,Monday,0,4,0,0,27.5,0.0,70,82,70,12,0
2024-04-22,Filter Coffee,Monday,0,4,0,0,27.5,0.0,30,119,103,16,0
2024-04-22,Fried Rice,Monday,0,4,0,0,27.5,0.0,160,55,49,6,0
2024-04-22,Idli,Monday,0,4,0,0,27.5,0.0,50,117,87,30,0
2024-04-22,Lassi,Monday,0,4,0,0,27.5,0.0,60,49,40,9,0
2024-04-22,Meals,Monday,0,4,0,0,27.5,0.0,140,82,70,12,0
2024-04-22,Parotta,Monday,0,4,0,0,27.5,0.0,40,70,62,8,0
2024-04-22,Veg Noodles,Monday,0,4,0,0,27.5,0.0,120,38,28,10,0
2024-04-23,Biryani,Tuesday,0,4,0,0,30.0,0.0,220,142,115,27,0
2024-04-23,Chicken Curry,Tuesday,0,4,0,0,30.0,0.0,190,51,44,7,0
2024-04-23,Dosa,Tuesday,0,4,0,0,30.0,0.0,70,78,71,7,0
2024-04-23,Filter Coffee,Tuesday,0,4,0,0,30.0,0.0,30,131,93,38,0
2024-04-23,Fried Rice,Tuesday,0,4,0,0,30.0,0.0,160,66,44,22,0
2024-04-23,Idli,Tuesday,0,4,0,0,30.0,0.0,50,106,81,25,0
2024-04-23,Lassi,Tuesday,0,4,0,0,30.0,0.0,60,59,39,20,0
2024-04-23,Meals,Tuesday,0,4,0,0,30.0,0.0,140,88,64,24,0
2024-04-23,Parotta,Tuesday,0,4,0,0,30.0,0.0,40,83,57,26,0
2024-04-23,Veg Noodles,Tuesday,0,4,0,0,30.0,0.0,120,41,32,9,0
2024-04-24,Biryani,Wednesday,0,4,0,0,29.1,50.5,220,137,98,39,0
2024-04-24,Chicken Curry,Wednesday,0,4,0,0,29.1,50.5,190,52,39,13,0
2024-04-24,Dosa,Wednesday,0,4,0,0,29.1,50.5,70,95,71,24,0
2024-04-24,Filter Coffee,Wednesday,0,4,0,0,29.1,50.5,30,116,109,7,0
2024-04-24,Fried Rice,Wednesday,0,4,0,0,29.1,50.5,160,61,45,16,0
2024-04-24,Idli,Wednesday,0,4,0,0,29.1,50.5,50,110,96,14,0
2024-04-24,Lassi,Wednesday,0,4,0,0,29.1,50.5,60,47,32,15,0
2024-04-24,Meals,Wednesday,0,4,0,0,29.1,50.5,140,86,76,10,0
2024-04-24,Parotta,Wednesday,0,4,0,0,29.1,50.5,40,78,67,11,0
2024-04-24,Veg Noodles,Wednesday,0,4,0,0,29.1,50.5,120,42,31,11,0
2024-04-25,Biryani,Thursday,0,4,0,0,28.8,0.0,220,125,97,28,0
2024-04-25,Chicken Curry,Thursday,0,4,0,0,28.8,0.0,190,41,37,4,0
2024-04-25,Dosa,Thursday,0,4,0,0,28.8,0.0,70,89,73,16,0
2024-04-25,Filter Coffee,Thursday,0,4,0,0,28.8,0.0,30,123,89,34,0
2024-04-25,Fried Rice,Thursday,0,4,0,0,28.8,0.0,160,66,44,22,0
2024-04-25,Idli,Thursday,0,4,0,0,28.8,0.0,50,105,82,23,0
2024-04-25,Lassi,Thursday,0,4,0,0,28.8,0.0,60,56,38,18,0
2024-04-25,Meals,Thursday,0,4,0,0,28.8,0.0,140,94,73,21,0
2024-04-25,Parotta,Thursday,0,4,0,0,28.8,0.0,40,78,59,19,0
2024-04-25,Veg Noodles,Thursday,0,4,0,0,28.8,0.0,120,37,32,5,0
2024-04-26,Biryani,Friday,0,4,0,0,29.2,0.0,220,157,105,52,0
2024-04-26,Chicken Curry,Friday,0,4,0,0,29.2,0.0,190,49,42,7,0
2024-04-26,Dosa,Friday,0,4,0,0,29.2,0.0,70,95,68,27,0
2024-04-26,Filter Coffee,Friday,0,4,0,0,29.2,0.0,30,129,80,49,0
2024-04-26,Fried Rice,Friday,0,4,0,0,29.2,0.0,160,59,50,9,0
2024-04-26,Idli,Friday,0,4,0,0,29.2,0.0,50,109,78,31,0
2024-04-26,Lassi,Friday,0,4,0,0,29.2,0.0,60,61,41,20,0
2024-04-26,Meals,Friday,0,4,0,0,29.2,0.0,140,104,64,40,0
2024-04-26,Parotta,Friday,0,4,0,0,29.2,0.0,40,90,61,29,0
2024-04-26,Veg Noodles,Friday,0,4,0,0,29.2,0.0,120,38,33,5,0
2024-04-27,Biryani,Saturday,1,4,0,0,30.0,0.0,220,144,126,18,0
2024-04-27,Chicken Curry,Saturday,1,4,0,0,30.0,0.0,190,49,43,6,0
2024-04-27,Dosa,Saturday,1,4,0,0,30.0,0.0,70,101,72,29,0
2024-04-27,Filter Coffee,Saturday,1,4,0,0,30.0,0.0,30,122,98,24,0
2024-04-27,Fried Rice,Saturday,1,4,0,0,30.0,0.0,160,70,54,16,0
2024-04-27,Idli,Saturday,1,4,0,0,30.0,0.0,50,100,73,27,0
2024-04-27,Lassi,Saturday,1,4,0,0,30.0,0.0,60,54,44,10,0
2024-04-27,Meals,Saturday,1,4,0,0,30.0,0.0,140,105,77,28,0
2024-04-27,Parotta,Saturday,1,4,0,0,30.0,0.0,40,92,69,23,0
2024-04-27,Veg Noodles,Saturday,1,4,0,0,30.0,0.0,120,43,29,14,0
2024-04-28,Biryani,Sunday,1,4,0,0,31.5,0.0,220,170,125,45,0
2024-04-28,Chicken Curry,Sunday,1,4,0,0,31.5,0.0,190,59,47,12,0
2024-04-28,Dosa,Sunday,1,4,0,0,31.5,0.0,70,105,76,29,0
2024-04-28,Filter Coffee,Sunday,1,4,0,0,31.5,0.0,30,111,89,22,0
2024-04-28,Fried Rice,Sunday,1,4,0,0,31.5,0.0,160,76,49,27,0
2024-04-28,Idli,Sunday,1,4,0,0,31.5,0.0,50,90,74,16,0
2024-04-28,Lassi,Sunday,1,4,0,0,31.5,0.0,60,66,48,18,0
2024-04-28,Meals,Sunday,1,4,0,0,31.5,0.0,140,94,76,18,0
2024-04-28,Parotta,Sunday,1,4,0,0,31.5,0.0,40,85,73,12,0
2024-04-28,Veg Noodles,Sunday,1,4,0,0,31.5,0.0,120,43,40,3,0
2024-04-29,Biryani,Monday,0,4,0,0,28.9,0.0,220,133,88,45,0
2024-04-29,Chicken Curry,Monday,0,4,0,0,28.9,0.0,190,52,35,17,0
2024-04-29,Dosa,Monday,0,4,0,0,28.9,0.0,70,91,69,22,0
2024-04-29,Filter Coffee,Monday,0,4,0,0,28.9,0.0,30,108,84,24,0
2024-04-29,Fried Rice,Monday,0,4,0,0,28.9,0.0,160,66,47,19,0
2024-04-29,Idli,Monday,0,4,0,0,28.9,0.0,50,118,84,34,0
2024-04-29,Lassi,Monday,0,4,0,0,28.9,0.0,60,57,37,20,0
2024-04-29,Meals,Monday,0,4,0,0,28.9,0.0,140,91,75,16,0
2024-04-29,Parotta,Monday,0,4,0,0,28.9,0.0,40,82,61,21,0
2024-04-29,Veg Noodles,Monday,0,4,0,0,28.9,0.0,120,41,27,14,0
2024-04-30,Biryani,Tuesday,0,4,0,0,30.6,0.0,220,121,102,19,0
2024-04-30,Chicken Curry,Tuesday,0,4,0,0,30.6,0.0,190,51,33,18,0
2024-04-30,Dosa,Tuesday,0,4,0,0,30.6,0.0,70,82,76,6,0
2024-04-30,Filter Coffee,Tuesday,0,4,0,0,30.6,0.0,30,122,92,30,0
2024-04-30,Fried Rice,Tuesday,0,4,0,0,30.6,0.0,160,52,46,6,0
2024-04-30,Idli,Tuesday,0,4,0,0,30.6,0.0,50,112,70,42,0
2024-04-30,Lassi,Tuesday,0,4,0,0,30.6,0.0,60,56,45,11,0
2024-04-30,Meals,Tuesday,0,4,0,0,30.6,0.0,140,82,70,12,0
2024-04-30,Parotta,Tuesday,0,4,0,0,30.6,0.0,40,72,64,8,0
2024-04-30,Veg Noodles,Tuesday,0,4,0,0,30.6,0.0,120,40,31,9,0
2024-05-01,Biryani,Wednesday,0,5,0,0,30.1,0.0,220,139,92,47,0
2024-05-01,Chicken Curry,Wednesday,0,5,0,0,30.1,0.0,190,51,37,14,0
2024-05-01,Dosa,Wednesday,0,5,0,0,30.1,0.0,70,93,69,24,0
2024-05-01,Filter Coffee,Wednesday,0,5,0,0,30.1,0.0,30,126,97,29,0
2024-05-01,Fried Rice,Wednesday,0,5,0,0,30.1,0.0,160,66,48,18,0
2024-05-01,Idli,Wednesday,0,5,0,0,30.1,0.0,50,109,78,31,0
2024-05-01,Lassi,Wednesday,0,5,0,0,30.1,0.0,60,59,46,13,0
2024-05-01,Meals,Wednesday,0,5,0,0,30.1,0.0,140,94,68,26,0
2024-05-01,Parotta,Wednesday,0,5,0,0,30.1,0.0,40,73,58,15,0
2024-05-01,Veg Noodles,Wednesday,0,5,0,0,30.1,0.0,120,43,33,10,0
2024-05-02,Biryani,Thursday,0,5,0,0,30.3,0.0,220,119,117,2,0
2024-05-02,Chicken Curry,Thursday,0,5,0,0,30.3,0.0,190,43,40,3,0
2024-05-02,Dosa,Thursday,0,5,0,0,30.3,0.0,70,86,65,21,0
2024-05-02,Filter Coffee,Thursday,0,5,0,0,30.3,0.0,30,127,91,36,0
2024-05-02,Fried Rice,Thursday,0,5,0,0,30.3,0.0,160,58,50,8,0
2024-05-02,Idli,Thursday,0,5,0,0,30.3,0.0,50,105,70,35,0
2024-05-02,Lassi,Thursday,0,5,0,0,30.3,0.0,60,55,36,19,0
2024-05-02,Meals,Thursday,0,5,0,0,30.3,0.0,140,83,68,15,0
2024-05-02,Parotta,Thursday,0,5,0,0,30.3,0.0,40,84,65,19,0
2024-05-02,Veg Noodles,Thursday,0,5,0,0,30.3,0.0,120,44,32,12,0
2024-05-03,Biryani,Friday,0,5,0,0,32.0,0.0,220,148,110,38,0
2024-05-03,Chicken Curry,Friday,0,5,0,0,32.0,0.0,190,49,36,13,0
2024-05-03,Dosa,Friday,0,5,0,0,32.0,0.0,70,83,71,12,0
2024-05-03,Filter Coffee,Friday,0,5,0,0,32.0,0.0,30,125,91,34,0
2024-05-03,Fried Rice,Friday,0,5,0,0,32.0,0.0,160,67,50,17,0
2024-05-03,Idli,Friday,0,5,0,0,32.0,0.0,50,110,77,33,0
2024-05-03,Lassi,Friday,0,5,0,0,32.0,0.0,60,54,40,14,0
2024-05-03,Meals,Friday,0,5,0,0,32.0,0.0,140,104,70,34,0
2024-05-03,Parotta,Friday,0,5,0,0,32.0,0.0,40,75,63,12,0
2024-05-03,Veg Noodles,Friday,0,5,0,0,32.0,0.0,120,40,29,11,0
2024-05-04,Biryani,Saturday,1,5,0,0,31.5,20.7,220,169,107,62,0
2024-05-04,Chicken Curry,Saturday,1,5,0,0,31.5,20.7,190,49,40,9,0
2024-05-04,Dosa,Saturday,1,5,0,0,31.5,20.7,70,89,79,10,0
2024-05-04,Filter Coffee,Saturday,1,5,0,0,31.5,20.7,30,104,99,5,0
2024-05-04,Fried Rice,Saturday,1,5,0,0,31.5,20.7,160,67,49,18,0
2024-05-04,Idli,Saturday,1,5,0,0,31.5,20.7,50,92,90,2,0
2024-05-04,Lassi,Saturday,1,5,0,0,31.5,20.7,60,60,48,12,0
2024-05-04,Meals,Saturday,1,5,0,0,31.5,20.7,140,105,75,30,0
2024-05-04,Parotta,Saturday,1,5,0,0,31.5,20.7,40,82,68,14,0
2024-05-04,Veg Noodles,Saturday,1,5,0,0,31.5,20.7,120,48,30,18,0
2024-05-05,Biryani,Sunday,1,5,0,0,32.6,0.0,220,164,124,40,0
2024-05-05,Chicken Curry,Sunday,1,5,0,0,32.6,0.0,190,63,49,14,0
2024-05-05,Dosa,Sunday,1,5,0,0,32.6,0.0,70,90,78,12,0
2024-05-05,Filter Coffee,Sunday,1,5,0,0,32.6,0.0,30,127,84,43,0
2024-05-05,Fried Rice,Sunday,1,5,0,0,32.6,0.0,160,72,59,13,0
2024-05-05,Idli,Sunday,1,5,0,0,32.6,0.0,50,95,70,25,0
2024-05-05,Lassi,Sunday,1,5,0,0,32.6,0.0,60,58,57,1,0
2024-05-05,Meals,Sunday,1,5,0,0,32.6,0.0,140,92,77,15,0
2024-05-05,Parotta,Sunday,1,5,0,0,32.6,0.0,40,101,67,34,0
2024-05-05,Veg Noodles,Sunday,1,5,0,0,32.6,0.0,120,49,36,13,0
2024-05-06,Biryani,Monday,0,5,0,0,30.8,0.0,220,139,88,51,0
2024-05-06,Chicken Curry,Monday,0,5,0,0,30.8,0.0,190,43,35,8,0
2024-05-06,Dosa,Monday,0,5,0,0,30.8,0.0,70,85,71,14,0
2024-05-06,Filter Coffee,Monday,0,5,0,0,30.8,0.0,30,122,92,30,0
2024-05-06,Fried Rice,Monday,0,5,0,0,30.8,0.0,160,57,43,14,0
2024-05-06,Idli,Monday,0,5,0,0,30.8,0.0,50,96,87,9,0
2024-05-06,Lassi,Monday,0,5,0,0,30.8,0.0,60,51,36,15,0
2024-05-06,Meals,Monday,0,5,0,0,30.8,0.0,140,97,71,26,0
2024-05-06,Parotta,Monday,0,5,0,0,30.8,0.0,40,84,61,23,0
2024-05-06,Veg Noodles,Monday,0,5,0,0,30.8,0.0,120,36,32,4,0
2024-05-07,Biryani,Tuesday,0,5,0,0,30.3,0.0,220,121,94,27,0
2024-05-07,Chicken Curry,Tuesday,0,5,0,0,30.3,0.0,190,42,35,7,0
2024-05-07,Dosa,Tuesday,0,5,0,0,30.3,0.0,70,92,60,32,0
2024-05-07,Filter Coffee,Tuesday,0,5,0,0,30.3,0.0,30,133,98,35,0
2024-05-07,Fried Rice,Tuesday,0,5,0,0,30.3,0.0,160,64,42,22,0
2024-05-07,Idli,Tuesday,0,5,0,0,30.3,0.0,50,96,96,0,1
2024-05-07,Lassi,Tuesday,0,5,0,0,30.3,0.0,60,47,44,3,0
2024-05-07,Meals,Tuesday,0,5,0,0,30.3,0.0,140,94,70,24,0
2024-05-07,Parotta,Tuesday,0,5,0,0,30.3,0.0,40,88,72,16,0
2024-05-07,Veg Noodles,Tuesday,0,5,0,0,30.3,0.0,120,43,28,15,0
2024-05-08,Biryani,Wednesday,0,5,0,0,30.9,0.0,220,144,112,32,0
2024-05-08,Chicken Curry,Wednesday,0,5,0,0,30.9,0.0,190,41,35,6,0
2024-05-08,Dosa,Wednesday,0,5,0,0,30.9,0.0,70,86,55,31,0
2024-05-08,Filter Coffee,Wednesday,0,5,0,0,30.9,0.0,30,127,100,27,0
2024-05-08,Fried Rice,Wednesday,0,5,0,0,30.9,0.0,160,56,36,20,0
2024-05-08,Idli,Wednesday,0,5,0,0,30.9,0.0,50,93,93,0,0
2024-05-08,Lassi,Wednesday,0,5,0,0,30.9,0.0,60,51,48,3,0
2024-05-08,Meals,Wednesday,0,5,0,0,30.9,0.0,140,100,70,30,0
2024-05-08,Parotta,Wednesday,0,5,0,0,30.9,0.0,40,87,62,25,0
2024-05-08,Veg Noodles,Wednesday,0,5,0,0,30.9,0.0,120,40,32,8,0
2024-05-09,Biryani,Thursday,0,5,0,0,31.5,0.0,220,147,123,24,0
2024-05-09,Chicken Curry,Thursday,0,5,0,0,31.5,0.0,190,43,36,7,0
2024-05-09,Dosa,Thursday,0,5,0,0,31.5,0.0,70,81,74,7,0
2024-05-09,Filter Coffee,Thursday,0,5,0,0,31.5,0.0,30,117,97,20,0
2024-05-09,Fried Rice,Thursday,0,5,0,0,31.5,0.0,160,59,46,13,0
2024-05-09,Idli,Thursday,0,5,0,0,31.5,0.0,50,113,83,30,0
2024-05-09,Lassi,Thursday,0,5,0,0,31.5,0.0,60,57,40,17,0
2024-05-09,Meals,Thursday,0,5,0,0,31.5,0.0,140,92,88,4,0
2024-05-09,Parotta,Thursday,0,5,0,0,31.5,0.0,40,76,56,20,0
2024-05-09,Veg Noodles,Thursday,0,5,0,0,31.5,0.0,120,42,27,15,0
2024-05-10,Biryani,Friday,0,5,0,0,31.5,0.0,220,129,116,13,0
2024-05-10,Chicken Curry,Friday,0,5,0,0,31.5,0.0,190,45,33,12,0
2024-05-10,Dosa,Friday,0,5,0,0,31.5,0.0,70,79,71,8,0
2024-05-10,Filter Coffee,Friday,0,5,0,0,31.5,0.0,30,124,86,38,0
2024-05-10,Fried Rice,Friday,0,5,0,0,31.5,0.0,160,63,45,18,0
2024-05-10,Idli,Friday,0,5,0,0,31.5,0.0,50,97,87,10,0
2024-05-10,Lassi,Friday,0,5,0,0,31.5,0.0,60,61,50,11,0
2024-05-10,Meals,Friday,0,5,0,0,31.5,0.0,140,87,69,18,0
2024-05-10,Parotta,Friday,0,5,0,0,31.5,0.0,40,85,69,16,0
2024-05-10,Veg Noodles,Friday,0,5,0,0,31.5,0.0,120,43,34,9,0
2024-05-11,Biryani,Saturday,1,5,0,0,30.1,0.0,220,163,121,42,0
2024-05-11,Chicken Curry,Saturday,1,5,0,0,30.1,0.0,190,47,40,7,0
2024-05-11,Dosa,Saturday,1,5,0,0,30.1,0.0,70,100,71,29,0
2024-05-11,Filter Coffee,Saturday,1,5,0,0,30.1,0.0,30,123,98,25,0
2024-05-11,Fried Rice,Saturday,1,5,0,0,30.1,0.0,160,71,54,17,0
2024-05-11,Idli,Saturday,1,5,0,0,30.1,0.0,50,110,71,39,0
2024-05-11,Lassi,Saturday,1,5,0,0,30.1,0.0,60,64,44,20,0
2024-05-11,Meals,Saturday,1,5,0,0,30.1,0.0,140,100,72,28,0
2024-05-11,Parotta,Saturday,1,5,0,0,30.1,0.0,40,84,65,19,0
2024-05-11,Veg Noodles,Saturday,1,5,0,0,30.1,0.0,120,48,32,16,0
2024-05-12,Biryani,Sunday,1,5,0,0,31.5,0.0,220,171,127,44,0
2024-05-12,Chicken Curry,Sunday,1,5,0,0,31.5,0.0,190,62,45,17,0
2024-05-12,Dosa,Sunday,1,5,0,0,31.5,0.0,70,93,78,15,0
2024-05-12,Filter Coffee,Sunday,1,5,0,0,31.5,0.0,30,114,94,20,0
2024-05-12,Fried Rice,Sunday,1,5,0,0,31.5,0.0,160,71,47,24,0
2024-05-12,Idli,Sunday,1,5,0,0,31.5,0.0,50,109,68,41,0
2024-05-12,Lassi,Sunday,1,5,0,0,31.5,0.0,60,55,50,5,0
2024-05-12,Meals,Sunday,1,5,0,0,31.5,0.0,140,88,88,0,1
2024-05-12,Parotta,Sunday,1,5,0,0,31.5,0.0,40,96,73,23,0
2024-05-12,Veg Noodles,Sunday,1,5,0,0,31.5,0.0,120,49,36,13,0
2024-05-13,Biryani,Monday,0,5,0,0,31.8,0.0,220,133,95,38,0
2024-05-13,Chicken Curry,Monday,0,5,0,0,31.8,0.0,190,50,37,13,0
2024-05-13,Dosa,Monday,0,5,0,0,31.8,0.0,70,85,78,7,0
2024-05-13,Filter Coffee,Monday,0,5,0,0,31.8,0.0,30,120,86,34,0
2024-05-13,Fried Rice,Monday,0,5,0,0,31.8,0.0,160,62,44,18,0
2024-05-13,Idli,Monday,0,5,0,0,31.8,0.0,50,97,82,15,0
2024-05-13,Lassi,Monday,0,5,0,0,31.8,0.0,60,54,41,13,0
2024-05-13,Meals,Monday,0,5,0,0,31.8,0.0,140,95,75,20,0
2024-05-13,Parotta,Monday,0,5,0,0,31.8,0.0,40,76,59,17,0
2024-05-13,Veg Noodles,Monday,0,5,0,0,31.8,0.0,120,43,31,12,0
2024-05-14,Biryani,Tuesday,0,5,0,0,34.6,19.3,220,139,114,25,0
2024-05-14,Chicken Curry,Tuesday,0,5,0,0,34.6,19.3,190,44,40,4,0
2024-05-14,Dosa,Tuesday,0,5,0,0,34.6,19.3,70,92,76,16,0
2024-05-14,Filter Coffee,Tuesday,0,5,0,0,34.6,19.3,30,110,90,20,0
2024-05-14,Fried Rice,Tuesday,0,5,0,0,34.6,19.3,160,59,46,13,0
2024-05-14,Idli,Tuesday,0,5,0,0,34.6,19.3,50,111,88,23,0
2024-05-14,Lassi,Tuesday,0,5,0,0,34.6,19.3,60,54,48,6,0
2024-05-14,Meals,Tuesday,0,5,0,0,34.6,19.3,140,86,64,22,0
2024-05-14,Parotta,Tuesday,0,5,0,0,34.6,19.3,40,70,70,0,1
2024-05-14,Veg Noodles,Tuesday,0,5,0,0,34.6,19.3,120,38,33,5,0
2024-05-15,Biryani,Wednesday,0,5,0,0,33.9,0.0,220,132,100,32,0
2024-05-15,Chicken Curry,Wednesday,0,5,0,0,33.9,0.0,190,50,41,9,0
2024-05-15,Dosa,Wednesday,0,5,0,0,33.9,0.0,70,94,72,22,0
2024-05-15,Filter Coffee,Wednesday,0,5,0,0,33.9,0.0,30,107,93,14,0
2024-05-15,Fried Rice,Wednesday,0,5,0,0,33.9,0.0,160,62,42,20,0
2024-05-15,Idli,Wednesday,0,5,0,0,33.9,0.0,50,105,89,16,0
2024-05-15,Lassi,Wednesday,0,5,0,0,33.9,0.0,60,49,49,0,0
2024-05-15,Meals,Wednesday,0,5,0,0,33.9,0.0,140,97,77,20,0
2024-05-15,Parotta,Wednesday,0,5,0,0,33.9,0.0,40,71,59,12,0
2024-05-15,Veg Noodles,Wednesday,0,5,0,0,33.9,0.0,120,44,31,13,0
2024-05-16,Biryani,Thursday,0,5,0,0,30.7,15.2,220,136,118,18,0
2024-05-16,Chicken Curry,Thursday,0,5,0,0,30.7,15.2,190,45,41,4,0
2024-05-16,Dosa,Thursday,0,5,0,0,30.7,15.2,70,86,63,23,0
2024-05-16,Filter Coffee,Thursday,0,5,0,0,30.7,15.2,30,126,109,17,0
2024-05-16,Fried Rice,Thursday,0,5,0,0,30.7,15.2,160,62,47,15,0
2024-05-16,Idli,Thursday,0,5,0,0,30.7,15.2,50,117,81,36,0
2024-05-16,Lassi,Thursday,0,5,0,0,30.7,15.2,60,54,46,8,0
2024-05-16,Meals,Thursday,0,5,0,0,30.7,15.2,140,100,67,33,0
2024-05-16,Parotta,Thursday,0,5,0,0,30.7,15.2,40,85,71,14,0
2024-05-16,Veg Noodles,Thursday,0,5,0,0,30.7,15.2,120,41,29,12,0
2024-05-17,Biryani,Friday,0,5,0,0,31.4,15.8,220,132,119,13,0
2024-05-17,Chicken Curry,Friday,0,5,0,0,31.4,15.8,190,52,42,10,0
2024-05-17,Dosa,Friday,0,5,0,0,31.4,15.8,70,91,66,25,0
2024-05-17,Filter Coffee,Friday,0,5,0,0,31.4,15.8,30,116,84,32,0
2024-05-17,Fried Rice,Friday,0,5,0,0,31.4,15.8,160,66,46,20,0
2024-05-17,Idli,Friday,0,5,0,0,31.4,15.8,50,104,85,19,0
2024-05-17,Lassi,Friday,0,5,0,0,31.4,15.8,60,53,48,5,0
2024-05-17,Meals,Friday,0,5,0,0,31.4,15.8,140,85,79,6,0
2024-05-17,Parotta,Friday,0,5,0,0,31.4,15.8,40,74,61,13,0
2024-05-17,Veg Noodles,Friday,0,5,0,0,31.4,15.8,120,44,32,12,0
2024-05-18,Biryani,Saturday,1,5,0,1,30.0,0.0,220,151,119,32,0
2024-05-18,Chicken Curry,Saturday,1,5,0,1,30.0,0.0,190,51,46,5,0
2024-05-18,Dosa,Saturday,1,5,0,1,30.0,0.0,70,86,66,20,0
2024-05-18,Filter Coffee,Saturday,1,5,0,1,30.0,0.0,30,127,119,8,0
2024-05-18,Fried Rice,Saturday,1,5,0,1,30.0,0.0,160,72,58,14,0
2024-05-18,Idli,Saturday,1,5,0,1,30.0,0.0,50,99,90,9,0
2024-05-18,Lassi,Saturday,1,5,0,1,30.0,0.0,60,64,50,14,0
2024-05-18,Meals,Saturday,1,5,0,1,30.0,0.0,140,94,83,11,0
2024-05-18,Parotta,Saturday,1,5,0,1,30.0,0.0,40,89,74,15,0
2024-05-18,Veg Noodles,Saturday,1,5,0,1,30.0,0.0,120,47,45,2,0
2024-05-19,Biryani,Sunday,1,5,0,0,31.2,0.0,220,186,125,61,0
2024-05-19,Chicken Curry,Sunday,1,5,0,0,31.2,0.0,190,58,42,16,0
2024-05-19,Dosa,Sunday,1,5,0,0,31.2,0.0,70,105,78,27,0
2024-05-19,Filter Coffee,Sunday,1,5,0,0,31.2,0.0,30,119,100,19,0
2024-05-19,Fried Rice,Sunday,1,5,0,0,31.2,0.0,160,72,58,14,0
2024-05-19,Idli,Sunday,1,5,0,0,31.2,0.0,50,94,76,18,0
2024-05-19,Lassi,Sunday,1,5,0,0,31.2,0.0,60,56,56,0,1
2024-05-19,Meals,Sunday,1,5,0,0,31.2,0.0,140,105,74,31,0
2024-05-19,Parotta,Sunday,1,5,0,0,31.2,0.0,40,100,80,20,0
2024-05-19,Veg Noodles,Sunday,1,5,0,0,31.2,0.0,120,42,38,4,0
2024-05-20,Biryani,Monday,0,5,0,0,32.3,0.0,220,120,97,23,0
2024-05-20,Chicken Curry,Monday,0,5,0,0,32.3,0.0,190,45,36,9,0
2024-05-20,Dosa,Monday,0,5,0,0,32.3,0.0,70,88,73,15,0
2024-05-20,Filter Coffee,Monday,0,5,0,0,32.3,0.0,30,128,91,37,0
2024-05-20,Fried Rice,Monday,0,5,0,0,32.3,0.0,160,55,50,5,0
2024-05-20,Idli,Monday,0,5,0,0,32.3,0.0,50,117,82,35,0
2024-05-20,Lassi,Monday,0,5,0,0,32.3,0.0,60,57,49,8,0
2024-05-20,Meals,Monday,0,5,0,0,32.3,0.0,140,85,82,3,0
2024-05-20,Parotta,Monday,0,5,0,0,32.3,0.0,40,84,63,21,0
2024-05-20,Veg Noodles,Monday,0,5,0,0,32.3,0.0,120,38,31,7,0
2024-05-21,Biryani,Tuesday,0,5,0,0,33.4,0.0,220,136,101,35,0
2024-05-21,Chicken Curry,Tuesday,0,5,0,0,33.4,0.0,190,43,38,5,0
2024-05-21,Dosa,Tuesday,0,5,0,0,33.4,0.0,70,91,73,18,0
2024-05-21,Filter Coffee,Tuesday,0,5,0,0,33.4,0.0,30,126,87,39,0
2024-05-21,Fried Rice,Tuesday,0,5,0,0,33.4,0.0,160,62,46,16,0
2024-05-21,Idli,Tuesday,0,5,0,0,33.4,0.0,50,99,77,22,0
2024-05-21,Lassi,Tuesday,0,5,0,0,33.4,0.0,60,58,48,10,0
2024-05-21,Meals,Tuesday,0,5,0,0,33.4,0.0,140,94,75,19,0
2024-05-21,Parotta,Tuesday,0,5,0,0,33.4,0.0,40,78,74,4,0
2024-05-21,Veg Noodles,Tuesday,0,5,0,0,33.4,0.0,120,43,29,14,0
2024-05-22,Biryani,Wednesday,0,5,0,0,31.2,0.0,220,122,102,20,0
2024-05-22,Chicken Curry,Wednesday,0,5,0,0,31.2,0.0,190,47,39,8,0
2024-05-22,Dosa,Wednesday,0,5,0,0,31.2,0.0,70,78,71,7,0
2024-05-22,Filter Coffee,Wednesday,0,5,0,0,31.2,0.0,30,127,94,33,0
2024-05-22,Fried Rice,Wednesday,0,5,0,0,31.2,0.0,160,53,43,10,0
2024-05-22,Idli,Wednesday,0,5,0,0,31.2,0.0,50,115,84,31,0
2024-05-22,Lassi,Wednesday,0,5,0,0,31.2,0.0,60,56,40,16,0
2024-05-22,Meals,Wednesday,0,5,0,0,31.2,0.0,140,97,78,19,0
2024-05-22,Parotta,Wednesday,0,5,0,0,31.2,0.0,40,74,61,13,0
2024-05-22,Veg Noodles,Wednesday,0,5,0,0,31.2,0.0,120,44,29,15,0
2024-05-23,Biryani,Thursday,0,5,0,0,31.3,0.0,220,144,131,13,0
2024-05-23,Chicken Curry,Thursday,0,5,0,0,31.3,0.0,190,49,38,11,0
2024-05-23,Dosa,Thursday,0,5,0,0,31.3,0.0,70,89,66,23,0
2024-05-23,Filter Coffee,Thursday,0,5,0,0,31.3,0.0,30,117,87,30,0
2024-05-23,Fried Rice,Thursday,0,5,0,0,31.3,0.0,160,56,45,11,0
2024-05-23,Idli,Thursday,0,5,0,0,31.3,0.0,50,98,84,14,0
2024-05-23,Lassi,Thursday,0,5,0,0,31.3,0.0,60,49,38,11,0
2024-05-23,Meals,Thursday,0,5,0,0,31.3,0.0,140,89,75,14,0
2024-05-23,Parotta,Thursday,0,5,0,0,31.3,0.0,40,88,63,25,0
2024-05-23,Veg Noodles,Thursday,0,5,0,0,31.3,0.0,120,42,33,9,0
2024-05-24,Biryani,Friday,0,5,0,0,29.6,0.0,220,144,101,43,0
2024-05-24,Chicken Curry,Friday,0,5,0,0,29.6,0.0,190,52,38,14,0
2024-05-24,Dosa,Friday,0,5,0,0,29.6,0.0,70,85,66,19,0
2024-05-24,Filter Coffee,Friday,0,5,0,0,29.6,0.0,30,133,92,41,0
2024-05-24,Fried Rice,Friday,0,5,0,0,29.6,0.0,160,67,51,16,0
2024-05-24,Idli,Friday,0,5,0,0,29.6,0.0,50,108,79,29,0
2024-05-24,Lassi,Friday,0,5,0,0,29.6,0.0,60,51,38,13,0
2024-05-24,Meals,Friday,0,5,0,0,29.6,0.0,140,102,71,31,0
2024-05-24,Parotta,Friday,0,5,0,0,29.6,0.0,40,84,75,9,0
2024-05-24,Veg Noodles,Friday,0,5,0,0,29.6,0.0,120,41,30,11,0
2024-05-25,Biryani,Saturday,1,5,0,0,32.0,0.0,220,152,123,29,0
2024-05-25,Chicken Curry,Saturday,1,5,0,0,32.0,0.0,190,51,44,7,0
2024-05-25,Dosa,Saturday,1,5,0,0,32.0,0.0,70,91,67,24,0
2024-05-25,Filter Coffee,Saturday,1,5,0,0,32.0,0.0,30,117,80,37,0
2024-05-25,Fried Rice,Saturday,1,5,0,0,32.0,0.0,160,66,48,18,0
2024-05-25,Idli,Saturday,1,5,0,0,32.0,0.0,50,101,83,18,0
2024-05-25,Lassi,Saturday,1,5,0,0,32.0,0.0,60,64,44,20,0
2024-05-25,Meals,Saturday,1,5,0,0,32.0,0.0,140,97,79,18,0
2024-05-25,Parotta,Saturday,1,5,0,0,32.0,0.0,40,85,60,25,0
2024-05-25,Veg Noodles,Saturday,1,5,0,0,32.0,0.0,120,41,34,7,0
2024-05-26,Biryani,Sunday,1,5,0,1,31.0,0.0,220,160,156,4,0
2024-05-26,Chicken Curry,Sunday,1,5,0,1,31.0,0.0,190,58,55,3,0
2024-05-26,Dosa,Sunday,1,5,0,1,31.0,0.0,70,100,82,18,0
2024-05-26,Filter Coffee,Sunday,1,5,0,1,31.0,0.0,30,128,89,39,0
2024-05-26,Fried Rice,Sunday,1,5,0,1,31.0,0.0,160,71,61,10,0
2024-05-26,Idli,Sunday,1,5,0,1,31.0,0.0,50,90,90,0,1
2024-05-26,Lassi,Sunday,1,5,0,1,31.0,0.0,60,54,54,0,1
2024-05-26,Meals,Sunday,1,5,0,1,31.0,0.0,140,102,95,7,0
2024-05-26,Parotta,Sunday,1,5,0,1,31.0,0.0,40,102,70,32,0
2024-05-26,Veg Noodles,Sunday,1,5,0,1,31.0,0.0,120,46,45,1,0
2024-05-27,Biryani,Monday,0,5,0,0,31.7,0.0,220,131,103,28,0
2024-05-27,Chicken Curry,Monday,0,5,0,0,31.7,0.0,190,49,39,10,0
2024-05-27,Dosa,Monday,0,5,0,0,31.7,0.0,70,93,62,31,0
2024-05-27,Filter Coffee,Monday,0,5,0,0,31.7,0.0,30,119,110,9,0
2024-05-27,Fried Rice,Monday,0,5,0,0,31.7,0.0,160,67,45,22,0
2024-05-27,Idli,Monday,0,5,0,0,31.7,0.0,50,96,87,9,0
2024-05-27,Lassi,Monday,0,5,0,0,31.7,0.0,60,48,45,3,0
2024-05-27,Meals,Monday,0,5,0,0,31.7,0.0,140,85,73,12,0
2024-05-27,Parotta,Monday,0,5,0,0,31.7,0.0,40,74,58,16,0
2024-05-27,Veg Noodles,Monday,0,5,0,0,31.7,0.0,120,39,31,8,0
2024-05-28,Biryani,Tuesday,0,5,0,0,31.3,0.0,220,148,104,44,0
2024-05-28,Chicken Curry,Tuesday,0,5,0,0,31.3,0.0,190,41,36,5,0
2024-05-28,Dosa,Tuesday,0,5,0,0,31.3,0.0,70,83,77,6,0
2024-05-28,Filter Coffee,Tuesday,0,5,0,0,31.3,0.0,30,112,92,20,0
2024-05-28,Fried Rice,Tuesday,0,5,0,0,31.3,0.0,160,56,46,10,0
2024-05-28,Idli,Tuesday,0,5,0,0,31.3,0.0,50,100,76,24,0
2024-05-28,Lassi,Tuesday,0,5,0,0,31.3,0.0,60,59,41,18,0
2024-05-28,Meals,Tuesday,0,5,0,0,31.3,0.0,140,82,82,0,1
2024-05-28,Parotta,Tuesday,0,5,0,0,31.3,0.0,40,78,66,12,0
2024-05-28,Veg Noodles,Tuesday,0,5,0,0,31.3,0.0,120,44,28,16,0
2024-05-29,Biryani,Wednesday,0,5,0,0,32.3,0.0,220,133,94,39,0
2024-05-29,Chicken Curry,Wednesday,0,5,0,0,32.3,0.0,190,42,34,8,0
2024-05-29,Dosa,Wednesday,0,5,0,0,32.3,0.0,70,94,60,34,0
2024-05-29,Filter Coffee,Wednesday,0,5,0,0,32.3,0.0,30,123,92,31,0
2024-05-29,Fried Rice,Wednesday,0,5,0,0,32.3,0.0,160,53,43,10,0
2024-05-29,Idli,Wednesday,0,5,0,0,32.3,0.0,50,113,83,30,0
2024-05-29,Lassi,Wednesday,0,5,0,0,32.3,0.0,60,57,44,13,0
2024-05-29,Meals,Wednesday,0,5,0,0,32.3,0.0,140,83,77,6,0
2024-05-29,Parotta,Wednesday,0,5,0,0,32.3,0.0,40,72,54,18,0
2024-05-29,Veg Noodles,Wednesday,0,5,0,0,32.3,0.0,120,40,37,3,0
2024-05-30,Biryani,Thursday,0,5,0,0,30.4,6.7,220,132,103,29,0
2024-05-30,Chicken Curry,Thursday,0,5,0,0,30.4,6.7,190,45,34,11,0
2024-05-30,Dosa,Thursday,0,5,0,0,30.4,6.7,70,80,67,13,0
2024-05-30,Filter Coffee,Thursday,0,5,0,0,30.4,6.7,30,119,95,24,0
2024-05-30,Fried Rice,Thursday,0,5,0,0,30.4,6.7,160,54,40,14,0
2024-05-30,Idli,Thursday,0,5,0,0,30.4,6.7,50,112,78,34,0
2024-05-30,Lassi,Thursday,0,5,0,0,30.4,6.7,60,56,40,16,0
2024-05-30,Meals,Thursday,0,5,0,0,30.4,6.7,140,102,74,28,0
2024-05-30,Parotta,Thursday,0,5,0,0,30.4,6.7,40,72,66,6,0
2024-05-30,Veg Noodles,Thursday,0,5,0,0,30.4,6.7,120,39,36,3,0
2024-05-31,Biryani,Friday,0,5,0,0,30.8,0.0,220,150,115,35,0
2024-05-31,Chicken Curry,Friday,0,5,0,0,30.8,0.0,190,46,36,10,0
2024-05-31,Dosa,Friday,0,5,0,0,30.8,0.0,70,90,59,31,0
2024-05-31,Filter Coffee,Friday,0,5,0,0,30.8,0.0,30,113,86,27,0
2024-05-31,Fried Rice,Friday,0,5,0,0,30.8,0.0,160,58,51,7,0
2024-05-31,Idli,Friday,0,5,0,0,30.8,0.0,50,97,82,15,0
2024-05-31,Lassi,Friday,0,5,0,0,30.8,0.0,60,50,47,3,0
2024-05-31,Meals,Friday,0,5,0,0,30.8,0.0,140,103,75,28,0
2024-05-31,Parotta,Friday,0,5,0,0,30.8,0.0,40,80,67,13,0
2024-05-31,Veg Noodles,Friday,0,5,0,0,30.8,0.0,120,41,33,8,0
2024-06-01,Biryani,Saturday,1,6,0,0,35.1,0.0,220,151,122,29,0
2024-06-01,Chicken Curry,Saturday,1,6,0,0,35.1,0.0,190,52,42,10,0
2024-06-01,Dosa,Saturday,1,6,0,0,35.1,0.0,70,84,73,11,0
2024-06-01,Filter Coffee,Saturday,1,6,0,0,35.1,0.0,30,116,84,32,0
2024-06-01,Fried Rice,Saturday,1,6,0,0,35.1,0.0,160,71,55,16,0
2024-06-01,Idli,Saturday,1,6,0,0,35.1,0.0,50,101,73,28,0
2024-06-01,Lassi,Saturday,1,6,0,0,35.1,0.0,60,57,48,9,0
2024-06-01,Meals,Saturday,1,6,0,0,35.1,0.0,140,104,76,28,0
2024-06-01,Parotta,Saturday,1,6,0,0,35.1,0.0,40,92,79,13,0
2024-06-01,Veg Noodles,Saturday,1,6,0,0,35.1,0.0,120,48,37,11,0
2024-06-02,Biryani,Sunday,1,6,0,1,31.1,0.0,220,168,155,13,0
2024-06-02,Chicken Curry,Sunday,1,6,0,1,31.1,0.0,190,52,52,0,0
2024-06-02,Dosa,Sunday,1,6,0,1,31.1,0.0,70,90,83,7,0
2024-06-02,Filter Coffee,Sunday,1,6,0,1,31.1,0.0,30,109,104,5,0
2024-06-02,Fried Rice,Sunday,1,6,0,1,31.1,0.0,160,76,54,22,0
2024-06-02,Idli,Sunday,1,6,0,1,31.1,0.0,50,89,89,0,1
2024-06-02,Lassi,Sunday,1,6,0,1,31.1,0.0,60,65,56,9,0
2024-06-02,Meals,Sunday,1,6,0,1,31.1,0.0,140,92,78,14,0
2024-06-02,Parotta,Sunday,1,6,0,1,31.1,0.0,40,88,87,1,0
2024-06-02,Veg Noodles,Sunday,1,6,0,1,31.1,0.0,120,47,39,8,0
2024-06-03,Biryani,Monday,0,6,0,0,31.3,0.0,220,127,115,12,0
2024-06-03,Chicken Curry,Monday,0,6,0,0,31.3,0.0,190,48,32,16,0
2024-06-03,Dosa,Monday,0,6,0,0,31.3,0.0,70,95,65,30,0
2024-06-03,Filter Coffee,Monday,0,6,0,0,31.3,0.0,30,134,90,44,0
2024-06-03,Fried Rice,Monday,0,6,0,0,31.3,0.0,160,61,48,13,0
2024-06-03,Idli,Monday,0,6,0,0,31.3,0.0,50,112,88,24,0
2024-06-03,Lassi,Monday,0,6,0,0,31.3,0.0,60,51,44,7,0
2024-06-03,Meals,Monday,0,6,0,0,31.3,0.0,140,94,72,22,0
2024-06-03,Parotta,Monday,0,6,0,0,31.3,0.0,40,83,64,19,0
2024-06-03,Veg Noodles,Monday,0,6,0,0,31.3,0.0,120,37,33,4,0
2024-06-04,Biryani,Tuesday,0,6,0,0,34.9,0.0,220,121,109,12,0
2024-06-04,Chicken Curry,Tuesday,0,6,0,0,34.9,0.0,190,48,34,14,0
2024-06-04,Dosa,Tuesday,0,6,0,0,34.9,0.0,70,76,62,14,0
2024-06-04,Filter Coffee,Tuesday,0,6,0,0,34.9,0.0,30,124,81,43,0
2024-06-04,Fried Rice,Tuesday,0,6,0,0,34.9,0.0,160,56,50,6,0
2024-06-04,Idli,Tuesday,0,6,0,0,34.9,0.0,50,114,90,24,0
2024-06-04,Lassi,Tuesday,0,6,0,0,34.9,0.0,60,49,44,5,0
2024-06-04,Meals,Tuesday,0,6,0,0,34.9,0.0,140,100,73,27,0
2024-06-04,Parotta,Tuesday,0,6,0,0,34.9,0.0,40,86,69,17,0
2024-06-04,Veg Noodles,Tuesday,0,6,0,0,34.9,0.0,120,40,29,11,0
2024-06-05,Biryani,Wednesday,0,6,0,0,36.2,0.0,220,140,101,39,0
2024-06-05,Chicken Curry,Wednesday,0,6,0,0,36.2,0.0,190,50,36,14,0
2024-06-05,Dosa,Wednesday,0,6,0,0,36.2,0.0,70,95,67,28,0
2024-06-05,Filter Coffee,Wednesday,0,6,0,0,36.2,0.0,30,110,88,22,0
2024-06-05,Fried Rice,Wednesday,0,6,0,0,36.2,0.0,160,60,48,12,0
2024-06-05,Idli,Wednesday,0,6,0,0,36.2,0.0,50,117,89,28,0
2024-06-05,Lassi,Wednesday,0,6,0,0,36.2,0.0,60,47,47,0,1
2024-06-05,Meals,Wednesday,0,6,0,0,36.2,0.0,140,97,69,28,0
2024-06-05,Parotta,Wednesday,0,6,0,0,36.2,0.0,40,87,64,23,0
2024-06-05,Veg Noodles,Wednesday,0,6,0,0,36.2,0.0,120,40,27,13,0
2024-06-06,Biryani,Thursday,0,6,0,0,31.4,0.0,220,145,94,51,0
2024-06-06,Chicken Curry,Thursday,0,6,0,0,31.4,0.0,190,48,34,14,0
2024-06-06,Dosa,Thursday,0,6,0,0,31.4,0.0,70,83,64,19,0
2024-06-06,Filter Coffee,Thursday,0,6,0,0,31.4,0.0,30,127,93,34,0
2024-06-06,Fried Rice,Thursday,0,6,0,0,31.4,0.0,160,53,45,8,0
2024-06-06,Idli,Thursday,0,6,0,0,31.4,0.0,50,116,81,35,0
2024-06-06,Lassi,Thursday,0,6,0,0,31.4,0.0,60,55,42,13,0
2024-06-06,Meals,Thursday,0,6,0,0,31.4,0.0,140,84,74,10,0
2024-06-06,Parotta,Thursday,0,6,0,0,31.4,0.0,40,71,60,11,0
2024-06-06,Veg Noodles,Thursday,0,6,0,0,31.4,0.0,120,38,38,0,0
2024-06-07,Biryani,Friday,0,6,0,0,32.4,0.0,220,156,104,52,0
2024-06-07,Chicken Curry,Friday,0,6,0,0,32.4,0.0,190,48,39,9,0
2024-06-07,Dosa,Friday,0,6,0,0,32.4,0.0,70,93,68,25,0
2024-06-07,Filter Coffee,Friday,0,6,0,0,32.4,0.0,30,123,93,30,0
2024-06-07,Fried Rice,Friday,0,6,0,0,32.4,0.0,160,65,45,20,0
2024-06-07,Idli,Friday,0,6,0,0,32.4,0.0,50,101,78,23,0
2024-06-07,Lassi,Friday,0,6,0,0,32.4,0.0,60,52,42,10,0
2024-06-07,Meals,Friday,0,6,0,0,32.4,0.0,140,104,73,31,0
2024-06-07,Parotta,Friday,0,6,0,0,32.4,0.0,40,88,59,29,0
2024-06-07,Veg Noodles,Friday,0,6,0,0,32.4,0.0,120,44,29,15,0
2024-06-08,Biryani,Saturday,1,6,0,1,33.3,19.1,220,171,127,44,0
2024-06-08,Chicken Curry,Saturday,1,6,0,1,33.3,19.1,190,59,46,13,0
2024-06-08,Dosa,Saturday,1,6,0,1,33.3,19.1,70,83,83,0,1
2024-06-08,Filter Coffee,Saturday,1,6,0,1,33.3,19.1,30,126,114,12,0
2024-06-08,Fried Rice,Saturday,1,6,0,1,33.3,19.1,160,69,57,12,0
2024-06-08,Idli,Saturday,1,6,0,1,33.3,19.1,50,96,96,0,1
2024-06-08,Lassi,Saturday,1,6,0,1,33.3,19.1,60,63,56,7,0
2024-06-08,Meals,Saturday,1,6,0,1,33.3,19.1,140,89,89,0,0
2024-06-08,Parotta,Saturday,1,6,0,1,33.3,19.1,40,80,75,5,0
2024-06-08,Veg Noodles,Saturday,1,6,0,1,33.3,19.1,120,41,38,3,0
2024-06-09,Biryani,Sunday,1,6,0,0,35.0,3.9,220,169,132,37,0
2024-06-09,Chicken Curry,Sunday,1,6,0,0,35.0,3.9,190,61,42,19,0
2024-06-09,Dosa,Sunday,1,6,0,0,35.0,3.9,70,99,75,24,0
2024-06-09,Filter Coffee,Sunday,1,6,0,0,35.0,3.9,30,122,87,35,0
2024-06-09,Fried Rice,Sunday,1,6,0,0,35.0,3.9,160,63,56,7,0
2024-06-09,Idli,Sunday,1,6,0,0,35.0,3.9,50,109,76,33,0
2024-06-09,Lassi,Sunday,1,6,0,0,35.0,3.9,60,57,54,3,0
2024-06-09,Meals,Sunday,1,6,0,0,35.0,3.9,140,91,81,10,0
2024-06-09,Parotta,Sunday,1,6,0,0,35.0,3.9,40,97,72,25,0
2024-06-09,Veg Noodles,Sunday,1,6,0,0,35.0,3.9,120,46,36,10,0
2024-06-10,Biryani,Monday,0,6,0,0,31.8,0.0,220,126,99,27,0
2024-06-10,Chicken Curry,Monday,0,6,0,0,31.8,0.0,190,47,36,11,0
2024-06-10,Dosa,Monday,0,6,0,0,31.8,0.0,70,95,70,25,0
2024-06-10,Filter Coffee,Monday,0,6,0,0,31.8,0.0,30,107,90,17,0
2024-06-10,Fried Rice,Monday,0,6,0,0,31.8,0.0,160,65,47,18,0
2024-06-10,Idli,Monday,0,6,0,0,31.8,0.0,50,97,74,23,0
2024-06-10,Lassi,Monday,0,6,0,0,31.8,0.0,60,49,45,4,0
2024-06-10,Meals,Monday,0,6,0,0,31.8,0.0,140,102,73,29,0
2024-06-10,Parotta,Monday,0,6,0,0,31.8,0.0,40,77,63,14,0
2024-06-10,Veg Noodles,Monday,0,6,0,0,31.8,0.0,120,39,32,7,0
2024-06-11,Biryani,Tuesday,0,6,0,0,32.7,15.7,220,138,92,46,0
2024-06-11,Chicken Curry,Tuesday,0,6,0,0,32.7,15.7,190,43,38,5,0
2024-06-11,Dosa,Tuesday,0,6,0,0,32.7,15.7,70,88,66,22,0
2024-06-11,Filter Coffee,Tuesday,0,6,0,0,32.7,15.7,30,111,108,3,0
2024-06-11,Fried Rice,Tuesday,0,6,0,0,32.7,15.7,160,64,45,19,0
2024-06-11,Idli,Tuesday,0,6,0,0,32.7,15.7,50,95,92,3,0
2024-06-11,Lassi,Tuesday,0,6,0,0,32.7,15.7,60,59,39,20,0
2024-06-11,Meals,Tuesday,0,6,0,0,32.7,15.7,140,93,65,28,0
2024-06-11,Parotta,Tuesday,0,6,0,0,32.7,15.7,40,84,54,30,0
2024-06-11,Veg Noodles,Tuesday,0,6,0,0,32.7,15.7,120,40,30,10,0
2024-06-12,Biryani,Wednesday,0,6,0,0,33.9,0.0,220,148,93,55,0
2024-06-12,Chicken Curry,Wednesday,0,6,0,0,33.9,0.0,190,48,34,14,0
2024-06-12,Dosa,Wednesday,0,6,0,0,33.9,0.0,70,83,63,20,0
2024-06-12,Filter Coffee,Wednesday,0,6,0,0,33.9,0.0,30,128,82,46,0
2024-06-12,Fried Rice,Wednesday,0,6,0,0,33.9,0.0,160,57,42,15,0
2024-06-12,Idli,Wednesday,0,6,0,0,33.9,0.0,50,102,83,19,0
2024-06-12,Lassi,Wednesday,0,6,0,0,33.9,0.0,60,59,50,9,0
2024-06-12,Meals,Wednesday,0,6,0,0,33.9,0.0,140,90,83,7,0
2024-06-12,Parotta,Wednesday,0,6,0,0,33.9,0.0,40,74,61,13,0
2024-06-12,Veg Noodles,Wednesday,0,6,0,0,33.9,0.0,120,41,30,11,0
2024-06-13,Biryani,Thursday,0,6,0,0,33.6,0.0,220,140,89,51,0
2024-06-13,Chicken Curry,Thursday,0,6,0,0,33.6,0.0,190,48,35,13,0
2024-06-13,Dosa,Thursday,0,6,0,0,33.6,0.0,70,93,67,26,0
2024-06-13,Filter Coffee,Thursday,0,6,0,0,33.6,0.0,30,127,76,51,0
2024-06-13,Fried Rice,Thursday,0,6,0,0,33.6,0.0,160,62,48,14,0
2024-06-13,Idli,Thursday,0,6,0,0,33.6,0.0,50,113,93,20,0
2024-06-13,Lassi,Thursday,0,6,0,0,33.6,0.0,60,56,55,1,0
2024-06-13,Meals,Thursday,0,6,0,0,33.6,0.0,140,94,71,23,0
2024-06-13,Parotta,Thursday,0,6,0,0,33.6,0.0,40,83,62,21,0
2024-06-13,Veg Noodles,Thursday,0,6,0,0,33.6,0.0,120,42,31,11,0
2024-06-14,Biryani,Friday,0,6,0,0,32.6,0.0,220,142,107,35,0
2024-06-14,Chicken Curry,Friday,0,6,0,0,32.6,0.0,190,51,39,12,0
2024-06-14,Dosa,Friday,0,6,0,0,32.6,0.0,70,93,84,9,0
2024-06-14,Filter Coffee,Friday,0,6,0,0,32.6,0.0,30,127,94,33,0
2024-06-14,Fried Rice,Friday,0,6,0,0,32.6,0.0,160,64,50,14,0
2024-06-14,Idli,Friday,0,6,0,0,32.6,0.0,50,110,83,27,0
2024-06-14,Lassi,Friday,0,6,0,0,32.6,0.0,60,61,42,19,0
2024-06-14,Meals,Friday,0,6,0,0,32.6,0.0,140,106,73,33,0
2024-06-14,Parotta,Friday,0,6,0,0,32.6,0.0,40,75,67,8,0
2024-06-14,Veg Noodles,Friday,0,6,0,0,32.6,0.0,120,38,33,5,0
2024-06-15,Biryani,Saturday,1,6,0,0,33.0,0.0,220,164,107,57,0
2024-06-15,Chicken Curry,Saturday,1,6,0,0,33.0,0.0,190,57,39,18,0
2024-06-15,Dosa,Saturday,1,6,0,0,33.0,0.0,70,83,70,13,0
2024-06-15,Filter Coffee,Saturday,1,6,0,0,33.0,0.0,30,105,85,20,0
2024-06-15,Fried Rice,Saturday,1,6,0,0,33.0,0.0,160,61,53,8,0
2024-06-15,Idli,Saturday,1,6,0,0,33.0,0.0,50,115,79,36,0
2024-06-15,Lassi,Saturday,1,6,0,0,33.0,0.0,60,53,50,3,0
2024-06-15,Meals,Saturday,1,6,0,0,33.0,0.0,140,88,73,15,0
2024-06-15,Parotta,Saturday,1,6,0,0,33.0,0.0,40,80,77,3,0
2024-06-15,Veg Noodles,Saturday,1,6,0,0,33.0,0.0,120,41,34,7,0
2024-06-16,Biryani,Sunday,1,6,0,0,31.5,0.0,220,183,122,61,0
2024-06-16,Chicken Curry,Sunday,1,6,0,0,31.5,0.0,190,63,39,24,0
2024-06-16,Dosa,Sunday,1,6,0,0,31.5,0.0,70,99,77,22,0
2024-06-16,Filter Coffee,Sunday,1,6,0,0,31.5,0.0,30,129,84,45,0
2024-06-16,Fried Rice,Sunday,1,6,0,0,31.5,0.0,160,66,56,10,0
2024-06-16,Idli,Sunday,1,6,0,0,31.5,0.0,50,96,87,9,0
2024-06-16,Lassi,Sunday,1,6,0,0,31.5,0.0,60,60,46,14,0
2024-06-16,Meals,Sunday,1,6,0,0,31.5,0.0,140,106,74,32,0
2024-06-16,Parotta,Sunday,1,6,0,0,31.5,0.0,40,95,73,22,0
2024-06-16,Veg Noodles,Sunday,1,6,0,0,31.5,0.0,120,49,36,13,0
2024-06-17,Biryani,Monday,0,6,0,0,32.9,0.0,220,147,99,48,0
2024-06-17,Chicken Curry,Monday,0,6,0,0,32.9,0.0,190,52,32,20,0
2024-06-17,Dosa,Monday,0,6,0,0,32.9,0.0,70,90,63,27,0
2024-06-17,Filter Coffee,Monday,0,6,0,0,32.9,0.0,30,118,96,22,0
2024-06-17,Fried Rice,Monday,0,6,0,0,32.9,0.0,160,63,53,10,0
2024-06-17,Idli,Monday,0,6,0,0,32.9,0.0,50,101,73,28,0
2024-06-17,Lassi,Monday,0,6,0,0,32.9,0.0,60,49,49,0,1
2024-06-17,Meals,Monday,0,6,0,0,32.9,0.0,140,89,82,7,0
2024-06-17,Parotta,Monday,0,6,0,0,32.9,0.0,40,77,58,19,0
2024-06-17,Veg Noodles,Monday,0,6,0,0,32.9,0.0,120,44,28,16,0
2024-06-18,Biryani,Tuesday,0,6,0,0,32.9,0.0,220,142,92,50,0
2024-06-18,Chicken Curry,Tuesday,0,6,0,0,32.9,0.0,190,48,35,13,0
2024-06-18,Dosa,Tuesday,0,6,0,0,32.9,0.0,70,92,54,38,0
2024-06-18,Filter Coffee,Tuesday,0,6,0,0,32.9,0.0,30,126,88,38,0
2024-06-18,Fried Rice,Tuesday,0,6,0,0,32.9,0.0,160,66,44,22,0
2024-06-18,Idli,Tuesday,0,6,0,0,32.9,0.0,50,103,79,24,0
2024-06-18,Lassi,Tuesday,0,6,0,0,32.9,0.0,60,53,50,3,0
2024-06-18,Meals,Tuesday,0,6,0,0,32.9,0.0,140,84,81,3,0
2024-06-18,Parotta,Tuesday,0,6,0,0,32.9,0.0,40,84,54,30,0
2024-06-18,Veg Noodles,Tuesday,0,6,0,0,32.9,0.0,120,35,35,0,1
2024-06-19,Biryani,Wednesday,0,6,0,0,33.5,0.0,220,131,105,26,0
2024-06-19,Chicken Curry,Wednesday,0,6,0,0,33.5,0.0,190,52,32,20,0
2024-06-19,Dosa,Wednesday,0,6,0,0,33.5,0.0,70,83,63,20,0
2024-06-19,Filter Coffee,Wednesday,0,6,0,0,33.5,0.0,30,113,80,33,0
2024-06-19,Fried Rice,Wednesday,0,6,0,0,33.5,0.0,160,61,51,10,0
2024-06-19,Idli,Wednesday,0,6,0,0,33.5,0.0,50,114,77,37,0
2024-06-19,Lassi,Wednesday,0,6,0,0,33.5,0.0,60,57,47,10,0
2024-06-19,Meals,Wednesday,0,6,0,0,33.5,0.0,140,91,75,16,0
2024-06-19,Parotta,Wednesday,0,6,0,0,33.5,0.0,40,84,65,19,0
2024-06-19,Veg Noodles,Wednesday,0,6,0,0,33.5,0.0,120,36,32,4,0
2024-06-20,Biryani,Thursday,0,6,0,1,32.6,0.0,220,126,122,4,0
2024-06-20,Chicken Curry,Thursday,0,6,0,1,32.6,0.0,190,51,39,12,0
2024-06-20,Dosa,Thursday,0,6,0,1,32.6,0.0,70,84,84,0,1
2024-06-20,Filter Coffee,Thursday,0,6,0,1,32.6,0.0,30,128,118,10,0
2024-06-20,Fried Rice,Thursday,0,6,0,1,32.6,0.0,160,61,49,12,0
2024-06-20,Idli,Thursday,0,6,0,1,32.6,0.0,50,99,78,21,0
2024-06-20,Lassi,Thursday,0,6,0,1,32.6,0.0,60,58,45,13,0
2024-06-20,Meals,Thursday,0,6,0,1,32.6,0.0,140,94,80,14,0
2024-06-20,Parotta,Thursday,0,6,0,1,32.6,0.0,40,82,65,17,0
2024-06-20,Veg Noodles,Thursday,0,6,0,1,32.6,0.0,120,44,35,9,0
2024-06-21,Biryani,Friday,0,6,0,0,33.8,0.0,220,142,104,38,0
2024-06-21,Chicken Curry,Friday,0,6,0,0,33.8,0.0,190,43,43,0,0
2024-06-21,Dosa,Friday,0,6,0,0,33.8,0.0,70,99,72,27,0
2024-06-21,Filter Coffee,Friday,0,6,0,0,33.8,0.0,30,134,78,56,0
2024-06-21,Fried Rice,Friday,0,6,0,0,33.8,0.0,160,65,53,12,0
2024-06-21,Idli,Friday,0,6,0,0,33.8,0.0,50,117,87,30,0
2024-06-21,Lassi,Friday,0,6,0,0,33.8,0.0,60,48,44,4,0
2024-06-21,Meals,Friday,0,6,0,0,33.8,0.0,140,88,77,11,0
2024-06-21,Parotta,Friday,0,6,0,0,33.8,0.0,40,88,69,19,0
2024-06-21,Veg Noodles,Friday,0,6,0,0,33.8,0.0,120,38,30,8,0
2024-06-22,Biryani,Saturday,1,6,0,0,34.5,0.0,220,150,115,35,0
2024-06-22,Chicken Curry,Saturday,1,6,0,0,34.5,0.0,190,55,37,18,0
2024-06-22,Dosa,Saturday,1,6,0,0,34.5,0.0,70,94,81,13,0
2024-06-22,Filter Coffee,Saturday,1,6,0,0,34.5,0.0,30,113,87,26,0
2024-06-22,Fried Rice,Saturday,1,6,0,0,34.5,0.0,160,66,57,9,0
2024-06-22,Idli,Saturday,1,6,0,0,34.5,0.0,50,103,75,28,0
2024-06-22,Lassi,Saturday,1,6,0,0,34.5,0.0,60,56,54,2,0
2024-06-22,Meals,Saturday,1,6,0,0,34.5,0.0,140,95,75,20,0
2024-06-22,Parotta,Saturday,1,6,0,0,34.5,0.0,40,94,76,18,0
2024-06-22,Veg Noodles,Saturday,1,6,0,0,34.5,0.0,120,49,31,18,0
2024-06-23,Biryani,Sunday,1,6,0,0,33.5,0.0,220,190,137,53,0
2024-06-23,Chicken Curry,Sunday,1,6,0,0,33.5,0.0,190,53,43,10,0
2024-06-23,Dosa,Sunday,1,6,0,0,33.5,0.0,70,96,72,24,0
2024-06-23,Filter Coffee,Sunday,1,6,0,0,33.5,0.0,30,128,76,52,0
2024-06-23,Fried Rice,Sunday,1,6,0,0,33.5,0.0,160,64,54,10,0
2024-06-23,Idli,Sunday,1,6,0,0,33.5,0.0,50,107,83,24,0
2024-06-23,Lassi,Sunday,1,6,0,0,33.5,0.0,60,68,47,21,0
2024-06-23,Meals,Sunday,1,6,0,0,33.5,0.0,140,103,76,27,0
2024-06-23,Parotta,Sunday,1,6,0,0,33.5,0.0,40,102,63,39,0
2024-06-23,Veg Noodles,Sunday,1,6,0,0,33.5,0.0,120,50,38,12,0
2024-06-24,Biryani,Monday,0,6,0,0,33.8,0.0,220,133,96,37,0
2024-06-24,Chicken Curry,Monday,0,6,0,0,33.8,0.0,190,44,43,1,0
2024-06-24,Dosa,Monday,0,6,0,0,33.8,0.0,70,97,56,41,0
2024-06-24,Filter Coffee,Monday,0,6,0,0,33.8,0.0,30,123,90,33,0
2024-06-24,Fried Rice,Monday,0,6,0,0,33.8,0.0,160,58,53,5,0
2024-06-24,Idli,Monday,0,6,0,0,33.8,0.0,50,115,85,30,0
2024-06-24,Lassi,Monday,0,6,0,0,33.8,0.0,60,54,42,12,0
2024-06-24,Meals,Monday,0,6,0,0,33.8,0.0,140,95,74,21,0
2024-06-24,Parotta,Monday,0,6,0,0,33.8,0.0,40,72,65,7,0
2024-06-24,Veg Noodles,Monday,0,6,0,0,33.8,0.0,120,36,30,6,0
2024-06-25,Biryani,Tuesday,0,6,0,0,33.4,0.0,220,132,96,36,0
2024-06-25,Chicken Curry,Tuesday,0,6,0,0,33.4,0.0,190,44,37,7,0
2024-06-25,Dosa,Tuesday,0,6,0,0,33.4,0.0,70,81,61,20,0
2024-06-25,Filter Coffee,Tuesday,0,6,0,0,33.4,0.0,30,113,84,29,0
2024-06-25,Fried Rice,Tuesday,0,6,0,0,33.4,0.0,160,66,48,18,0
2024-06-25,Idli,Tuesday,0,6,0,0,33.4,0.0,50,106,86,20,0
2024-06-25,Lassi,Tuesday,0,6,0,0,33.4,0.0,60,51,46,5,0
2024-06-25,Meals,Tuesday,0,6,0,0,33.4,0.0,140,98,70,28,0
2024-06-25,Parotta,Tuesday,0,6,0,0,33.4,0.0,40,81,69,12,0
2024-06-25,Veg Noodles,Tuesday,0,6,0,0,33.4,0.0,120,36,32,4,0
2024-06-26,Biryani,Wednesday,0,6,0,0,33.4,0.0,220,128,113,15,0
2024-06-26,Chicken Curry,Wednesday,0,6,0,0,33.4,0.0,190,46,35,11,0
2024-06-26,Dosa,Wednesday,0,6,0,0,33.4,0.0,70,84,69,15,0
2024-06-26,Filter Coffee,Wednesday,0,6,0,0,33.4,0.0,30,114,95,19,0
2024-06-26,Fried Rice,Wednesday,0,6,0,0,33.4,0.0,160,64,43,21,0
2024-06-26,Idli,Wednesday,0,6,0,0,33.4,0.0,50,113,79,34,0
2024-06-26,Lassi,Wednesday,0,6,0,0,33.4,0.0,60,52,46,6,0
2024-06-26,Meals,Wednesday,0,6,0,0,33.4,0.0,140,101,74,27,0
2024-06-26,Parotta,Wednesday,0,6,0,0,33.4,0.0,40,85,67,18,0
2024-06-26,Veg Noodles,Wednesday,0,6,0,0,33.4,0.0,120,45,28,17,0
2024-06-27,Biryani,Thursday,0,6,0,0,32.5,4.8,220,138,109,29,0
2024-06-27,Chicken Curry,Thursday,0,6,0,0,32.5,4.8,190,41,36,5,0
2024-06-27,Dosa,Thursday,0,6,0,0,32.5,4.8,70,92,69,23,0
2024-06-27,Filter Coffee,Thursday,0,6,0,0,32.5,4.8,30,127,92,35,0
2024-06-27,Fried Rice,Thursday,0,6,0,0,32.5,4.8,160,66,45,21,0
2024-06-27,Idli,Thursday,0,6,0,0,32.5,4.8,50,103,78,25,0
2024-06-27,Lassi,Thursday,0,6,0,0,32.5,4.8,60,51,46,5,0
2024-06-27,Meals,Thursday,0,6,0,0,32.5,4.8,140,91,74,17,0
2024-06-27,Parotta,Thursday,0,6,0,0,32.5,4.8,40,74,53,21,0
2024-06-27,Veg Noodles,Thursday,0,6,0,0,32.5,4.8,120,38,35,3,0
2024-06-28,Biryani,Friday,0,6,0,0,33.8,0.0,220,143,114,29,0
2024-06-28,Chicken Curry,Friday,0,6,0,0,33.8,0.0,190,46,39,7,0
2024-06-28,Dosa,Friday,0,6,0,0,33.8,0.0,70,93,69,24,0
2024-06-28,Filter Coffee,Friday,0,6,0,0,33.8,0.0,30,114,98,16,0
2024-06-28,Fried Rice,Friday,0,6,0,0,33.8,0.0,160,57,53,4,0
2024-06-28,Idli,Friday,0,6,0,0,33.8,0.0,50,113,82,31,0
2024-06-28,Lassi,Friday,0,6,0,0,33.8,0.0,60,54,46,8,0
2024-06-28,Meals,Friday,0,6,0,0,33.8,0.0,140,93,77,16,0
2024-06-28,Parotta,Friday,0,6,0,0,33.8,0.0,40,78,60,18,0
2024-06-28,Veg Noodles,Friday,0,6,0,0,33.8,0.0,120,42,34,8,0
2024-06-29,Biryani,Saturday,1,6,0,0,33.3,0.4,220,142,130,12,0
2024-06-29,Chicken Curry,Saturday,1,6,0,0,33.3,0.4,190,47,47,0,0
2024-06-29,Dosa,Saturday,1,6,0,0,33.3,0.4,70,103,69,34,0
2024-06-29,Filter Coffee,Saturday,1,6,0,0,33.3,0.4,30,107,86,21,0
2024-06-29,Fried Rice,Saturday,1,6,0,0,33.3,0.4,160,67,56,11,0
2024-06-29,Idli,Saturday,1,6,0,0,33.3,0.4,50,111,85,26,0
2024-06-29,Lassi,Saturday,1,6,0,0,33.3,0.4,60,57,53,4,0
2024-06-29,Meals,Saturday,1,6,0,0,33.3,0.4,140,97,72,25,0
2024-06-29,Parotta,Saturday,1,6,0,0,33.3,0.4,40,83,61,22,0
2024-06-29,Veg Noodles,Saturday,1,6,0,0,33.3,0.4,120,41,34,7,0
2024-06-30,Biryani,Sunday,1,6,0,0,36.0,0.0,220,187,111,76,0
2024-06-30,Chicken Curry,Sunday,1,6,0,0,36.0,0.0,190,60,42,18,0
2024-06-30,Dosa,Sunday,1,6,0,0,36.0,0.0,70,99,80,19,0
2024-06-30,Filter Coffee,Sunday,1,6,0,0,36.0,0.0,30,131,75,56,0
2024-06-30,Fried Rice,Sunday,1,6,0,0,36.0,0.0,160,73,50,23,0
2024-06-30,Idli,Sunday,1,6,0,0,36.0,0.0,50,101,76,25,0
2024-06-30,Lassi,Sunday,1,6,0,0,36.0,0.0,60,60,52,8,0
2024-06-30,Meals,Sunday,1,6,0,0,36.0,0.0,140,101,81,20,0
2024-06-30,Parotta,Sunday,1,6,0,0,36.0,0.0,40,94,74,20,0
2024-06-30,Veg Noodles,Sunday,1,6,0,0,36.0,0.0,120,47,37,10,0
2024-07-01,Biryani,Monday,0,7,0,0,35.3,0.0,220,129,113,16,0
2024-07-01,Chicken Curry,Monday,0,7,0,0,35.3,0.0,190,51,34,17,0
2024-07-01,Dosa,Monday,0,7,0,0,35.3,0.0,70,83,64,19,0
2024-07-01,Filter Coffee,Monday,0,7,0,0,35.3,0.0,30,123,88,35,0
2024-07-01,Fried Rice,Monday,0,7,0,0,35.3,0.0,160,56,45,11,0
2024-07-01,Idli,Monday,0,7,0,0,35.3,0.0,50,99,77,22,0
2024-07-01,Lassi,Monday,0,7,0,0,35.3,0.0,60,53,51,2,0
2024-07-01,Meals,Monday,0,7,0,0,35.3,0.0,140,84,67,17,0
2024-07-01,Parotta,Monday,0,7,0,0,35.3,0.0,40,77,64,13,0
2024-07-01,Veg Noodles,Monday,0,7,0,0,35.3,0.0,120,43,32,11,0
2024-07-02,Biryani,Tuesday,0,7,0,0,33.9,0.0,220,131,105,26,0
2024-07-02,Chicken Curry,Tuesday,0,7,0,0,33.9,0.0,190,52,32,20,0
2024-07-02,Dosa,Tuesday,0,7,0,0,33.9,0.0,70,85,69,16,0
2024-07-02,Filter Coffee,Tuesday,0,7,0,0,33.9,0.0,30,128,86,42,0
2024-07-02,Fried Rice,Tuesday,0,7,0,0,33.9,0.0,160,56,47,9,0
2024-07-02,Idli,Tuesday,0,7,0,0,33.9,0.0,50,119,75,44,0
2024-07-02,Lassi,Tuesday,0,7,0,0,33.9,0.0,60,54,47,7,0
2024-07-02,Meals,Tuesday,0,7,0,0,33.9,0.0,140,89,69,20,0
2024-07-02,Parotta,Tuesday,0,7,0,0,33.9,0.0,40,83,50,33,0
2024-07-02,Veg Noodles,Tuesday,0,7,0,0,33.9,0.0,120,42,28,14,0
2024-07-03,Biryani,Wednesday,0,7,0,0,32.6,16.0,220,124,108,16,0
2024-07-03,Chicken Curry,Wednesday,0,7,0,0,32.6,16.0,190,46,37,9,0
2024-07-03,Dosa,Wednesday,0,7,0,0,32.6,16.0,70,78,70,8,0
2024-07-03,Filter Coffee,Wednesday,0,7,0,0,32.6,16.0,30,123,83,40,0
2024-07-03,Fried Rice,Wednesday,0,7,0,0,32.6,16.0,160,64,44,20,0
2024-07-03,Idli,Wednesday,0,7,0,0,32.6,16.0,50,119,87,32,0
2024-07-03,Lassi,Wednesday,0,7,0,0,32.6,16.0,60,47,45,2,0
2024-07-03,Meals,Wednesday,0,7,0,0,32.6,16.0,140,86,70,16,0
2024-07-03,Parotta,Wednesday,0,7,0,0,32.6,16.0,40,82,63,19,0
2024-07-03,Veg Noodles,Wednesday,0,7,0,0,32.6,16.0,120,36,35,1,0
2024-07-04,Biryani,Thursday,0,7,0,0,32.1,0.0,220,135,106,29,0
2024-07-04,Chicken Curry,Thursday,0,7,0,0,32.1,0.0,190,44,32,12,0
2024-07-04,Dosa,Thursday,0,7,0,0,32.1,0.0,70,96,65,31,0
2024-07-04,Filter Coffee,Thursday,0,7,0,0,32.1,0.0,30,121,83,38,0
2024-07-04,Fried Rice,Thursday,0,7,0,0,32.1,0.0,160,63,56,7,0
2024-07-04,Idli,Thursday,0,7,0,0,32.1,0.0,50,110,79,31,0
2024-07-04,Lassi,Thursday,0,7,0,0,32.1,0.0,60,47,47,0,1
2024-07-04,Meals,Thursday,0,7,0,0,32.1,0.0,140,91,67,24,0
2024-07-04,Parotta,Thursday,0,7,0,0,32.1,0.0,40,83,66,17,0
2024-07-04,Veg Noodles,Thursday,0,7,0,0,32.1,0.0,120,41,32,9,0
2024-07-05,Biryani,Friday,0,7,0,0,34.9,0.0,220,149,109,40,0
2024-07-05,Chicken Curry,Friday,0,7,0,0,34.9,0.0,190,54,36,18,0
2024-07-05,Dosa,Friday,0,7,0,0,34.9,0.0,70,81,64,17,0
2024-07-05,Filter Coffee,Friday,0,7,0,0,34.9,0.0,30,128,82,46,0
2024-07-05,Fried Rice,Friday,0,7,0,0,34.9,0.0,160,65,49,16,0
2024-07-05,Idli,Friday,0,7,0,0,34.9,0.0,50,118,80,38,0
2024-07-05,Lassi,Friday,0,7,0,0,34.9,0.0,60,53,47,6,0
2024-07-05,Meals,Friday,0,7,0,0,34.9,0.0,140,106,79,27,0
2024-07-05,Parotta,Friday,0,7,0,0,34.9,0.0,40,78,65,13,0
2024-07-05,Veg Noodles,Friday,0,7,0,0,34.9,0.0,120,43,30,13,0
2024-07-06,Biryani,Saturday,1,7,0,0,33.8,3.4,220,172,117,55,0
2024-07-06,Chicken Curry,Saturday,1,7,0,0,33.8,3.4,190,48,38,10,0
2024-07-06,Dosa,Saturday,1,7,0,0,33.8,3.4,70,93,69,24,0
2024-07-06,Filter Coffee,Saturday,1,7,0,0,33.8,3.4,30,106,102,4,0
2024-07-06,Fried Rice,Saturday,1,7,0,0,33.8,3.4,160,63,51,12,0
2024-07-06,Idli,Saturday,1,7,0,0,33.8,3.4,50,103,78,25,0
2024-07-06,Lassi,Saturday,1,7,0,0,33.8,3.4,60,63,47,16,0
2024-07-06,Meals,Saturday,1,7,0,0,33.8,3.4,140,99,70,29,0
2024-07-06,Parotta,Saturday,1,7,0,0,33.8,3.4,40,94,69,25,0
2024-07-06,Veg Noodles,Saturday,1,7,0,0,33.8,3.4,120,41,31,10,0
2024-07-07,Biryani,Sunday,1,7,0,0,34.1,6.7,220,153,133,20,0
2024-07-07,Chicken Curry,Sunday,1,7,0,0,34.1,6.7,190,64,49,15,0
2024-07-07,Dosa,Sunday,1,7,0,0,34.1,6.7,70,93,87,6,0
2024-07-07,Filter Coffee,Sunday,1,7,0,0,34.1,6.7,30,115,96,19,0
2024-07-07,Fried Rice,Sunday,1,7,0,0,34.1,6.7,160,72,60,12,0
2024-07-07,Idli,Sunday,1,7,0,0,34.1,6.7,50,97,75,22,0
2024-07-07,Lassi,Sunday,1,7,0,0,34.1,6.7,60,65,45,20,0
2024-07-07,Meals,Sunday,1,7,0,0,34.1,6.7,140,98,73,25,0
2024-07-07,Parotta,Sunday,1,7,0,0,34.1,6.7,40,96,71,25,0
2024-07-07,Veg Noodles,Sunday,1,7,0,0,34.1,6.7,120,49,38,11,0
2024-07-08,Biryani,Monday,0,7,0,0,31.4,14.9,220,149,98,51,0
2024-07-08,Chicken Curry,Monday,0,7,0,0,31.4,14.9,190,49,35,14,0
2024-07-08,Dosa,Monday,0,7,0,0,31.4,14.9,70,79,75,4,0
2024-07-08,Filter Coffee,Monday,0,7,0,0,31.4,14.9,30,124,95,29,0
2024-07-08,Fried Rice,Monday,0,7,0,0,31.4,14.9,160,53,45,8,0
2024-07-08,Idli,Monday,0,7,0,0,31.4,14.9,50,106,88,18,0
2024-07-08,Lassi,Monday,0,7,0,0,31.4,14.9,60,48,35,13,0
2024-07-08,Meals,Monday,0,7,0,0,31.4,14.9,140,95,80,15,0
2024-07-08,Parotta,Monday,0,7,0,0,31.4,14.9,40,73,59,14,0
2024-07-08,Veg Noodles,Monday,0,7,0,0,31.4,14.9,120,41,31,10,0
2024-07-09,Biryani,Tuesday,0,7,0,0,34.6,0.0,220,140,109,31,0
2024-07-09,Chicken Curry,Tuesday,0,7,0,0,34.6,0.0,190,47,37,10,0
2024-07-09,Dosa,Tuesday,0,7,0,0,34.6,0.0,70,82,73,9,0
2024-07-09,Filter Coffee,Tuesday,0,7,0,0,34.6,0.0,30,133,91,42,0
2024-07-09,Fried Rice,Tuesday,0,7,0,0,34.6,0.0,160,55,50,5,0
2024-07-09,Idli,Tuesday,0,7,0,0,34.6,0.0,50,95,86,9,0
2024-07-09,Lassi,Tuesday,0,7,0,0,34.6,0.0,60,53,47,6,0
2024-07-09,Meals,Tuesday,0,7,0,0,34.6,0.0,140,97,69,28,0
2024-07-09,Parotta,Tuesday,0,7,0,0,34.6,0.0,40,74,62,12,0
2024-07-09,Veg Noodles,Tuesday,0,7,0,0,34.6,0.0,120,35,32,3,0
2024-07-10,Biryani,Wednesday,0,7,0,0,34.0,0.0,220,126,90,36,0
2024-07-10,Chicken Curry,Wednesday,0,7,0,0,34.0,0.0,190,42,32,10,0
2024-07-10,Dosa,Wednesday,0,7,0,0,34.0,0.0,70,90,63,27,0
2024-07-10,Filter Coffee,Wednesday,0,7,0,0,34.0,0.0,30,117,75,42,0
2024-07-10,Fried Rice,Wednesday,0,7,0,0,34.0,0.0,160,60,40,20,0
2024-07-10,Idli,Wednesday,0,7,0,0,34.0,0.0,50,108,96,12,0
2024-07-10,Lassi,Wednesday,0,7,0,0,34.0,0.0,60,55,46,9,0
2024-07-10,Meals,Wednesday,0,7,0,0,34.0,0.0,140,92,71,21,0
2024-07-10,Parotta,Wednesday,0,7,0,0,34.0,0.0,40,76,62,14,0
2024-07-10,Veg Noodles,Wednesday,0,7,0,0,34.0,0.0,120,45,31,14,0
2024-07-11,Biryani,Thursday,0,7,0,0,32.2,0.0,220,124,99,25,0
2024-07-11,Chicken Curry,Thursday,0,7,0,0,32.2,0.0,190,41,37,4,0
2024-07-11,Dosa,Thursday,0,7,0,0,32.2,0.0,70,77,60,17,0
2024-07-11,Filter Coffee,Thursday,0,7,0,0,32.2,0.0,30,134,87,47,0
2024-07-11,Fried Rice,Thursday,0,7,0,0,32.2,0.0,160,57,45,12,0
2024-07-11,Idli,Thursday,0,7,0,0,32.2,0.0,50,111,88,23,0
2024-07-11,Lassi,Thursday,0,7,0,0,32.2,0.0,60,53,41,12,0
2024-07-11,Meals,Thursday,0,7,0,0,32.2,0.0,140,92,67,25,0
2024-07-11,Parotta,Thursday,0,7,0,0,32.2,0.0,40,89,65,24,0
2024-07-11,Veg Noodles,Thursday,0,7,0,0,32.2,0.0,120,40,29,11,0
2024-07-12,Biryani,Friday,0,7,0,0,32.9,0.0,220,135,129,6,0
2024-07-12,Chicken Curry,Friday,0,7,0,0,32.9,0.0,190,50,35,15,0
2024-07-12,Dosa,Friday,0,7,0,0,32.9,0.0,70,99,75,24,0
2024-07-12,Filter Coffee,Friday,0,7,0,0,32.9,0.0,30,128,93,35,0
2024-07-12,Fried Rice,Friday,0,7,0,0,32.9,0.0,160,70,53,17,0
2024-07-12,Idli,Friday,0,7,0,0,32.9,0.0,50,95,93,2,0
2024-07-12,Lassi,Friday,0,7,0,0,32.9,0.0,60,58,44,14,0
2024-07-12,Meals,Friday,0,7,0,0,32.9,0.0,140,100,79,21,0
2024-07-12,Parotta,Friday,0,7,0,0,32.9,0.0,40,79,68,11,0
2024-07-12,Veg Noodles,Friday,0,7,0,0,32.9,0.0,120,39,33,6,0
2024-07-13,Biryani,Saturday,1,7,0,0,33.8,0.0,220,172,114,58,0
2024-07-13,Chicken Curry,Saturday,1,7,0,0,33.8,0.0,190,52,40,12,0
2024-07-13,Dosa,Saturday,1,7,0,0,33.8,0.0,70,102,77,25,0
2024-07-13,Filter Coffee,Saturday,1,7,0,0,33.8,0.0,30,120,90,30,0
2024-07-13,Fried Rice,Saturday,1,7,0,0,33.8,0.0,160,67,59,8,0
2024-07-13,Idli,Saturday,1,7,0,0,33.8,0.0,50,96,74,22,0
2024-07-13,Lassi,Saturday,1,7,0,0,33.8,0.0,60,65,57,8,0
2024-07-13,Meals,Saturday,1,7,0,0,33.8,0.0,140,87,81,6,0
2024-07-13,Parotta,Saturday,1,7,0,0,33.8,0.0,40,77,69,8,0
2024-07-13,Veg Noodles,Saturday,1,7,0,0,33.8,0.0,120,39,33,6,0
2024-07-14,Biryani,Sunday,1,7,0,0,33.5,0.0,220,163,129,34,0
2024-07-14,Chicken Curry,Sunday,1,7,0,0,33.5,0.0,190,63,53,10,0
2024-07-14,Dosa,Sunday,1,7,0,0,33.5,0.0,70,86,75,11,0
2024-07-14,Filter Coffee,Sunday,1,7,0,0,33.5,0.0,30,118,85,33,0
2024-07-14,Fried Rice,Sunday,1,7,0,0,33.5,0.0,160,64,52,12,0
2024-07-14,Idli,Sunday,1,7,0,0,33.5,0.0,50,105,68,37,0
2024-07-14,Lassi,Sunday,1,7,0,0,33.5,0.0,60,54,54,0,1
2024-07-14,Meals,Sunday,1,7,0,0,33.5,0.0,140,101,82,19,0
2024-07-14,Parotta,Sunday,1,7,0,0,33.5,0.0,40,84,78,6,0
2024-07-14,Veg Noodles,Sunday,1,7,0,0,33.5,0.0,120,45,36,9,0
2024-07-15,Biryani,Monday,0,7,0,0,33.1,0.0,220,132,96,36,0
2024-07-15,Chicken Curry,Monday,0,7,0,0,33.1,0.0,190,48,39,9,0
2024-07-15,Dosa,Monday,0,7,0,0,33.1,0.0,70,95,65,30,0
2024-07-15,Filter Coffee,Monday,0,7,0,0,33.1,0.0,30,109,89,20,0
2024-07-15,Fried Rice,Monday,0,7,0,0,33.1,0.0,160,53,43,10,0
2024-07-15,Idli,Monday,0,7,0,0,33.1,0.0,50,115,83,32,0
2024-07-15,Lassi,Monday,0,7,0,0,33.1,0.0,60,54,41,13,0
2024-07-15,Meals,Monday,0,7,0,0,33.1,0.0,140,95,76,19,0
2024-07-15,Parotta,Monday,0,7,0,0,33.1,0.0,40,71,60,11,0
2024-07-15,Veg Noodles,Monday,0,7,0,0,33.1,0.0,120,38,37,1,0
2024-07-16,Biryani,Tuesday,0,7,0,0,33.3,0.0,220,140,105,35,0
2024-07-16,Chicken Curry,Tuesday,0,7,0,0,33.3,0.0,190,46,36,10,0
2024-07-16,Dosa,Tuesday,0,7,0,0,33.3,0.0,70,83,60,23,0
2024-07-16,Filter Coffee,Tuesday,0,7,0,0,33.3,0.0,30,124,92,32,0
2024-07-16,Fried Rice,Tuesday,0,7,0,0,33.3,0.0,160,63,48,15,0
2024-07-16,Idli,Tuesday,0,7,0,0,33.3,0.0,50,120,89,31,0
2024-07-16,Lassi,Tuesday,0,7,0,0,33.3,0.0,60,54,44,10,0
2024-07-16,Meals,Tuesday,0,7,0,0,33.3,0.0,140,100,73,27,0
2024-07-16,Parotta,Tuesday,0,7,0,0,33.3,0.0,40,78,55,23,0
2024-07-16,Veg Noodles,Tuesday,0,7,0,0,33.3,0.0,120,38,33,5,0
2024-07-17,Biryani,Wednesday,0,7,0,0,33.2,0.0,220,146,97,49,0
2024-07-17,Chicken Curry,Wednesday,0,7,0,0,33.2,0.0,190,44,44,0,1
2024-07-17,Dosa,Wednesday,0,7,0,0,33.2,0.0,70,78,72,6,0
2024-07-17,Filter Coffee,Wednesday,0,7,0,0,33.2,0.0,30,107,89,18,0
2024-07-17,Fried Rice,Wednesday,0,7,0,0,33.2,0.0,160,55,44,11,0
2024-07-17,Idli,Wednesday,0,7,0,0,33.2,0.0,50,100,87,13,0
2024-07-17,Lassi,Wednesday,0,7,0,0,33.2,0.0,60,54,47,7,0
2024-07-17,Meals,Wednesday,0,7,0,0,33.2,0.0,140,105,70,35,0
2024-07-17,Parotta,Wednesday,0,7,0,0,33.2,0.0,40,86,65,21,0
2024-07-17,Veg Noodles,Wednesday,0,7,0,0,33.2,0.0,120,43,33,10,0
2024-07-18,Biryani,Thursday,0,7,0,0,33.6,0.0,220,139,101,38,0
2024-07-18,Chicken Curry,Thursday,0,7,0,0,33.6,0.0,190,47,34,13,0
2024-07-18,Dosa,Thursday,0,7,0,0,33.6,0.0,70,83,74,9,0
2024-07-18,Filter Coffee,Thursday,0,7,0,0,33.6,0.0,30,118,95,23,0
2024-07-18,Fried Rice,Thursday,0,7,0,0,33.6,0.0,160,56,45,11,0
2024-07-18,Idli,Thursday,0,7,0,0,33.6,0.0,50,116,91,25,0
2024-07-18,Lassi,Thursday,0,7,0,0,33.6,0.0,60,49,44,5,0
2024-07-18,Meals,Thursday,0,7,0,0,33.6,0.0,140,100,68,32,0
2024-07-18,Parotta,Thursday,0,7,0,0,33.6,0.0,40,79,63,16,0
2024-07-18,Veg Noodles,Thursday,0,7,0,0,33.6,0.0,120,42,38,4,0
2024-07-19,Biryani,Friday,0,7,0,0,35.2,29.5,220,151,109,42,0
2024-07-19,Chicken Curry,Friday,0,7,0,0,35.2,29.5,190,45,43,2,0
2024-07-19,Dosa,Friday,0,7,0,0,35.2,29.5,70,96,67,29,0
2024-07-19,Filter Coffee,Friday,0,7,0,0,35.2,29.5,30,113,100,13,0
2024-07-19,Fried Rice,Friday,0,7,0,0,35.2,29.5,160,62,50,12,0
2024-07-19,Idli,Friday,0,7,0,0,35.2,29.5,50,97,70,27,0
2024-07-19,Lassi,Friday,0,7,0,0,35.2,29.5,60,57,43,14,0
2024-07-19,Meals,Friday,0,7,0,0,35.2,29.5,140,95,81,14,0
2024-07-19,Parotta,Friday,0,7,0,0,35.2,29.5,40,90,71,19,0
2024-07-19,Veg Noodles,Friday,0,7,0,0,35.2,29.5,120,38,32,6,0
2024-07-20,Biryani,Saturday,1,7,0,0,30.3,0.0,220,145,116,29,0
2024-07-20,Chicken Curry,Saturday,1,7,0,0,30.3,0.0,190,56,37,19,0
2024-07-20,Dosa,Saturday,1,7,0,0,30.3,0.0,70,96,68,28,0
2024-07-20,Filter Coffee,Saturday,1,7,0,0,30.3,0.0,30,134,97,37,0
2024-07-20,Fried Rice,Saturday,1,7,0,0,30.3,0.0,160,63,50,13,0
2024-07-20,Idli,Saturday,1,7,0,0,30.3,0.0,50,93,89,4,0
2024-07-20,Lassi,Saturday,1,7,0,0,30.3,0.0,60,51,44,7,0
2024-07-20,Meals,Saturday,1,7,0,0,30.3,0.0,140,89,81,8,0
2024-07-20,Parotta,Saturday,1,7,0,0,30.3,0.0,40,78,62,16,0
2024-07-20,Veg Noodles,Saturday,1,7,0,0,30.3,0.0,120,46,35,11,0
2024-07-21,Biryani,Sunday,1,7,0,0,33.1,0.0,220,188,141,47,0
2024-07-21,Chicken Curry,Sunday,1,7,0,0,33.1,0.0,190,59,44,15,0
2024-07-21,Dosa,Sunday,1,7,0,0,33.1,0.0,70,90,82,8,0
2024-07-21,Filter Coffee,Sunday,1,7,0,0,33.1,0.0,30,116,103,13,0
2024-07-21,Fried Rice,Sunday,1,7,0,0,33.1,0.0,160,74,47,27,0
2024-07-21,Idli,Sunday,1,7,0,0,33.1,0.0,50,106,79,27,0
2024-07-21,Lassi,Sunday,1,7,0,0,33.1,0.0,60,64,56,8,0
2024-07-21,Meals,Sunday,1,7,0,0,33.1,0.0,140,102,73,29,0
2024-07-21,Parotta,Sunday,1,7,0,0,33.1,0.0,40,92,83,9,0
2024-07-21,Veg Noodles,Sunday,1,7,0,0,33.1,0.0,120,49,34,15,0
2024-07-22,Biryani,Monday,0,7,0,0,33.6,0.0,220,126,110,16,0
2024-07-22,Chicken Curry,Monday,0,7,0,0,33.6,0.0,190,50,32,18,0
2024-07-22,Dosa,Monday,0,7,0,0,33.6,0.0,70,92,64,28,0
2024-07-22,Filter Coffee,Monday,0,7,0,0,33.6,0.0,30,120,95,25,0
2024-07-22,Fried Rice,Monday,0,7,0,0,33.6,0.0,160,60,42,18,0
2024-07-22,Idli,Monday,0,7,0,0,33.6,0.0,50,106,73,33,0
2024-07-22,Lassi,Monday,0,7,0,0,33.6,0.0,60,56,51,5,0
2024-07-22,Meals,Monday,0,7,0,0,33.6,0.0,140,101,73,28,0
2024-07-22,Parotta,Monday,0,7,0,0,33.6,0.0,40,86,66,20,0
2024-07-22,Veg Noodles,Monday,0,7,0,0,33.6,0.0,120,40,30,10,0
2024-07-23,Biryani,Tuesday,0,7,0,0,33.7,0.0,220,121,112,9,0
2024-07-23,Chicken Curry,Tuesday,0,7,0,0,33.7,0.0,190,46,37,9,0
2024-07-23,Dosa,Tuesday,0,7,0,0,33.7,0.0,70,91,78,13,0
2024-07-23,Filter Coffee,Tuesday,0,7,0,0,33.7,0.0,30,117,102,15,0
2024-07-23,Fried Rice,Tuesday,0,7,0,0,33.7,0.0,160,54,46,8,0
2024-07-23,Idli,Tuesday,0,7,0,0,33.7,0.0,50,115,88,27,0
2024-07-23,Lassi,Tuesday,0,7,0,0,33.7,0.0,60,51,44,7,0
2024-07-23,Meals,Tuesday,0,7,0,0,33.7,0.0,140,104,71,33,0
2024-07-23,Parotta,Tuesday,0,7,0,0,33.7,0.0,40,84,61,23,0
2024-07-23,Veg Noodles,Tuesday,0,7,0,0,33.7,0.0,120,45,26,19,0
2024-07-24,Biryani,Wednesday,0,7,0,0,32.9,0.0,220,150,104,46,0
2024-07-24,Chicken Curry,Wednesday,0,7,0,0,32.9,0.0,190,44,36,8,0
2024-07-24,Dosa,Wednesday,0,7,0,0,32.9,0.0,70,92,67,25,0
2024-07-24,Filter Coffee,Wednesday,0,7,0,0,32.9,0.0,30,110,85,25,0
2024-07-24,Fried Rice,Wednesday,0,7,0,0,32.9,0.0,160,64,40,24,0
2024-07-24,Idli,Wednesday,0,7,0,0,32.9,0.0,50,101,84,17,0
2024-07-24,Lassi,Wednesday,0,7,0,0,32.9,0.0,60,60,47,13,0
2024-07-24,Meals,Wednesday,0,7,0,0,32.9,0.0,140,101,66,35,0
2024-07-24,Parotta,Wednesday,0,7,0,0,32.9,0.0,40,87,58,29,0
2024-07-24,Veg Noodles,Wednesday,0,7,0,0,32.9,0.0,120,38,33,5,0
2024-07-25,Biryani,Thursday,0,7,0,0,31.2,0.0,220,124,124,0,1
2024-07-25,Chicken Curry,Thursday,0,7,0,0,31.2,0.0,190,51,36,15,0
2024-07-25,Dosa,Thursday,0,7,0,0,31.2,0.0,70,88,66,22,0
2024-07-25,Filter Coffee,Thursday,0,7,0,0,31.2,0.0,30,116,81,35,0
2024-07-25,Fried Rice,Thursday,0,7,0,0,31.2,0.0,160,59,46,13,0
2024-07-25,Idli,Thursday,0,7,0,0,31.2,0.0,50,99,86,13,0
2024-07-25,Lassi,Thursday,0,7,0,0,31.2,0.0,60,58,43,15,0
2024-07-25,Meals,Thursday,0,7,0,0,31.2,0.0,140,86,74,12,0
2024-07-25,Parotta,Thursday,0,7,0,0,31.2,0.0,40,76,68,8,0
2024-07-25,Veg Noodles,Thursday,0,7,0,0,31.2,0.0,120,36,28,8,0
2024-07-26,Biryani,Friday,0,7,0,0,33.7,0.0,220,130,119,11,0
2024-07-26,Chicken Curry,Friday,0,7,0,0,33.7,0.0,190,52,42,10,0
2024-07-26,Dosa,Friday,0,7,0,0,33.7,0.0,70,96,69,27,0
2024-07-26,Filter Coffee,Friday,0,7,0,0,33.7,0.0,30,129,88,41,0
2024-07-26,Fried Rice,Friday,0,7,0,0,33.7,0.0,160,65,43,22,0
2024-07-26,Idli,Friday,0,7,0,0,33.7,0.0,50,107,88,19,0
2024-07-26,Lassi,Friday,0,7,0,0,33.7,0.0,60,56,44,12,0
2024-07-26,Meals,Friday,0,7,0,0,33.7,0.0,140,100,71,29,0
2024-07-26,Parotta,Friday,0,7,0,0,33.7,0.0,40,83,59,24,0
2024-07-26,Veg Noodles,Friday,0,7,0,0,33.7,0.0,120,37,34,3,0
2024-07-27,Biryani,Saturday,1,7,0,0,35.4,0.0,220,162,123,39,0
2024-07-27,Chicken Curry,Saturday,1,7,0,0,35.4,0.0,190,56,39,17,0
2024-07-27,Dosa,Saturday,1,7,0,0,35.4,0.0,70,96,69,27,0
2024-07-27,Filter Coffee,Saturday,1,7,0,0,35.4,0.0,30,124,85,39,0
2024-07-27,Fried Rice,Saturday,1,7,0,0,35.4,0.0,160,59,59,0,0
2024-07-27,Idli,Saturday,1,7,0,0,35.4,0.0,50,93,82,11,0
2024-07-27,Lassi,Saturday,1,7,0,0,35.4,0.0,60,65,51,14,0
2024-07-27,Meals,Saturday,1,7,0,0,35.4,0.0,140,107,70,37,0
2024-07-27,Parotta,Saturday,1,7,0,0,35.4,0.0,40,92,81,11,0
2024-07-27,Veg Noodles,Saturday,1,7,0,0,35.4,0.0,120,42,34,8,0
2024-07-28,Biryani,Sunday,1,7,0,0,31.4,0.0,220,164,124,40,0
2024-07-28,Chicken Curry,Sunday,1,7,0,0,31.4,0.0,190,58,46,12,0
2024-07-28,Dosa,Sunday,1,7,0,0,31.4,0.0,70,87,82,5,0
2024-07-28,Filter Coffee,Sunday,1,7,0,0,31.4,0.0,30,119,103,16,0
2024-07-28,Fried Rice,Sunday,1,7,0,0,31.4,0.0,160,74,66,8,0
2024-07-28,Idli,Sunday,1,7,0,0,31.4,0.0,50,95,69,26,0
2024-07-28,Lassi,Sunday,1,7,0,0,31.4,0.0,60,65,45,20,0
2024-07-28,Meals,Sunday,1,7,0,0,31.4,0.0,140,104,69,35,0
2024-07-28,Parotta,Sunday,1,7,0,0,31.4,0.0,40,85,69,16,0
2024-07-28,Veg Noodles,Sunday,1,7,0,0,31.4,0.0,120,46,36,10,0
2024-07-29,Biryani,Monday,0,7,0,0,34.3,0.0,220,122,102,20,0
2024-07-29,Chicken Curry,Monday,0,7,0,0,34.3,0.0,190,51,39,12,0
2024-07-29,Dosa,Monday,0,7,0,0,34.3,0.0,70,94,72,22,0
2024-07-29,Filter Coffee,Monday,0,7,0,0,34.3,0.0,30,130,80,50,0
2024-07-29,Fried Rice,Monday,0,7,0,0,34.3,0.0,160,57,42,15,0
2024-07-29,Idli,Monday,0,7,0,0,34.3,0.0,50,98,82,16,0
2024-07-29,Lassi,Monday,0,7,0,0,34.3,0.0,60,49,49,0,1
2024-07-29,Meals,Monday,0,7,0,0,34.3,0.0,140,98,64,34,0
2024-07-29,Parotta,Monday,0,7,0,0,34.3,0.0,40,87,71,16,0
2024-07-29,Veg Noodles,Monday,0,7,0,0,34.3,0.0,120,36,31,5,0
2024-07-30,Biryani,Tuesday,0,7,0,0,32.8,0.0,220,137,116,21,0
2024-07-30,Chicken Curry,Tuesday,0,7,0,0,32.8,0.0,190,44,32,12,0
2024-07-30,Dosa,Tuesday,0,7,0,0,32.8,0.0,70,83,74,9,0
2024-07-30,Filter Coffee,Tuesday,0,7,0,0,32.8,0.0,30,106,90,16,0
2024-07-30,Fried Rice,Tuesday,0,7,0,0,32.8,0.0,160,60,47,13,0
2024-07-30,Idli,Tuesday,0,7,0,0,32.8,0.0,50,102,73,29,0
2024-07-30,Lassi,Tuesday,0,7,0,0,32.8,0.0,60,55,51,4,0
2024-07-30,Meals,Tuesday,0,7,0,0,32.8,0.0,140,94,71,23,0
2024-07-30,Parotta,Tuesday,0,7,0,0,32.8,0.0,40,77,61,16,0
2024-07-30,Veg Noodles,Tuesday,0,7,0,0,32.8,0.0,120,41,35,6,0
2024-07-31,Biryani,Wednesday,0,7,0,0,33.1,0.0,220,143,118,25,0
2024-07-31,Chicken Curry,Wednesday,0,7,0,0,33.1,0.0,190,46,34,12,0
2024-07-31,Dosa,Wednesday,0,7,0,0,33.1,0.0,70,91,69,22,0
2024-07-31,Filter Coffee,Wednesday,0,7,0,0,33.1,0.0,30,130,93,37,0
2024-07-31,Fried Rice,Wednesday,0,7,0,0,33.1,0.0,160,57,43,14,0
2024-07-31,Idli,Wednesday,0,7,0,0,33.1,0.0,50,114,87,27,0
2024-07-31,Lassi,Wednesday,0,7,0,0,33.1,0.0,60,55,44,11,0
2024-07-31,Meals,Wednesday,0,7,0,0,33.1,0.0,140,97,72,25,0
2024-07-31,Parotta,Wednesday,0,7,0,0,33.1,0.0,40,72,71,1,0
2024-07-31,Veg Noodles,Wednesday,0,7,0,0,33.1,0.0,120,44,34,10,0
2024-08-01,Biryani,Thursday,0,8,0,0,31.9,0.0,220,144,117,27,0
2024-08-01,Chicken Curry,Thursday,0,8,0,0,31.9,0.0,190,50,37,13,0
2024-08-01,Dosa,Thursday,0,8,0,0,31.9,0.0,70,91,65,26,0
2024-08-01,Filter Coffee,Thursday,0,8,0,0,31.9,0.0,30,107,92,15,0
2024-08-01,Fried Rice,Thursday,0,8,0,0,31.9,0.0,160,68,46,22,0
2024-08-01,Idli,Thursday,0,8,0,0,31.9,0.0,50,97,93,4,0
2024-08-01,Lassi,Thursday,0,8,0,0,31.9,0.0,60,56,42,14,0
2024-08-01,Meals,Thursday,0,8,0,0,31.9,0.0,140,89,68,21,0
2024-08-01,Parotta,Thursday,0,8,0,0,31.9,0.0,40,86,59,27,0
2024-08-01,Veg Noodles,Thursday,0,8,0,0,31.9,0.0,120,43,31,12,0
2024-08-02,Biryani,Friday,0,8,0,0,32.7,0.0,220,131,117,14,0
2024-08-02,Chicken Curry,Friday,0,8,0,0,32.7,0.0,190,45,40,5,0
2024-08-02,Dosa,Friday,0,8,0,0,32.7,0.0,70,86,69,17,0
2024-08-02,Filter Coffee,Friday,0,8,0,0,32.7,0.0,30,132,89,43,0
2024-08-02,Fried Rice,Friday,0,8,0,0,32.7,0.0,160,59,56,3,0
2024-08-02,Idli,Friday,0,8,0,0,32.7,0.0,50,109,74,35,0
2024-08-02,Lassi,Friday,0,8,0,0,32.7,0.0,60,61,51,10,0
2024-08-02,Meals,Friday,0,8,0,0,32.7,0.0,140,86,78,8,0
2024-08-02,Parotta,Friday,0,8,0,0,32.7,0.0,40,88,65,23,0
2024-08-02,Veg Noodles,Friday,0,8,0,0,32.7,0.0,120,43,30,13,0
2024-08-03,Biryani,Saturday,1,8,0,1,34.7,0.0,220,160,122,38,0
2024-08-03,Chicken Curry,Saturday,1,8,0,1,34.7,0.0,190,58,52,6,0
2024-08-03,Dosa,Saturday,1,8,0,1,34.7,0.0,70,85,78,7,0
2024-08-03,Filter Coffee,Saturday,1,8,0,1,34.7,0.0,30,134,101,33,0
2024-08-03,Fried Rice,Saturday,1,8,0,1,34.7,0.0,160,74,56,18,0
2024-08-03,Idli,Saturday,1,8,0,1,34.7,0.0,50,105,84,21,0
2024-08-03,Lassi,Saturday,1,8,0,1,34.7,0.0,60,58,58,0,1
2024-08-03,Meals,Saturday,1,8,0,1,34.7,0.0,140,105,84,21,0
2024-08-03,Parotta,Saturday,1,8,0,1,34.7,0.0,40,96,81,15,0
2024-08-03,Veg Noodles,Saturday,1,8,0,1,34.7,0.0,120,46,41,5,0
2024-08-04,Biryani,Sunday,1,8,0,0,33.8,0.0,220,186,137,49,0
2024-08-04,Chicken Curry,Sunday,1,8,0,0,33.8,0.0,190,56,44,12,0
2024-08-04,Dosa,Sunday,1,8,0,0,33.8,0.0,70,101,84,17,0
2024-08-04,Filter Coffee,Sunday,1,8,0,0,33.8,0.0,30,130,97,33,0
2024-08-04,Fried Rice,Sunday,1,8,0,0,33.8,0.0,160,80,54,26,0
2024-08-04,Idli,Sunday,1,8,0,0,33.8,0.0,50,101,72,29,0
2024-08-04,Lassi,Sunday,1,8,0,0,33.8,0.0,60,54,48,6,0
2024-08-04,Meals,Sunday,1,8,0,0,33.8,0.0,140,111,81,30,0
2024-08-04,Parotta,Sunday,1,8,0,0,33.8,0.0,40,102,76,26,0
2024-08-04,Veg Noodles,Sunday,1,8,0,0,33.8,0.0,120,49,33,16,0
2024-08-05,Biryani,Monday,0,8,0,0,35.1,0.0,220,123,92,31,0
2024-08-05,Chicken Curry,Monday,0,8,0,0,35.1,0.0,190,43,35,8,0
2024-08-05,Dosa,Monday,0,8,0,0,35.1,0.0,70,95,73,22,0
2024-08-05,Filter Coffee,Monday,0,8,0,0,35.1,0.0,30,106,98,8,0
2024-08-05,Fried Rice,Monday,0,8,0,0,35.1,0.0,160,59,43,16,0
2024-08-05,Idli,Monday,0,8,0,0,35.1,0.0,50,107,79,28,0
2024-08-05,Lassi,Monday,0,8,0,0,35.1,0.0,60,53,48,5,0
2024-08-05,Meals,Monday,0,8,0,0,35.1,0.0,140,102,71,31,0
2024-08-05,Parotta,Monday,0,8,0,0,35.1,0.0,40,76,68,8,0
2024-08-05,Veg Noodles,Monday,0,8,0,0,35.1,0.0,120,40,27,13,0
2024-08-06,Biryani,Tuesday,0,8,0,0,34.4,0.0,220,124,91,33,0
2024-08-06,Chicken Curry,Tuesday,0,8,0,0,34.4,0.0,190,42,34,8,0
2024-08-06,Dosa,Tuesday,0,8,0,0,34.4,0.0,70,94,67,27,0
2024-08-06,Filter Coffee,Tuesday,0,8,0,0,34.4,0.0,30,121,88,33,0
2024-08-06,Fried Rice,Tuesday,0,8,0,0,34.4,0.0,160,57,51,6,0
2024-08-06,Idli,Tuesday,0,8,0,0,34.4,0.0,50,112,85,27,0
2024-08-06,Lassi,Tuesday,0,8,0,0,34.4,0.0,60,57,47,10,0
2024-08-06,Meals,Tuesday,0,8,0,0,34.4,0.0,140,90,68,22,0
2024-08-06,Parotta,Tuesday,0,8,0,0,34.4,0.0,40,83,60,23,0
2024-08-06,Veg Noodles,Tuesday,0,8,0,0,34.4,0.0,120,39,32,7,0
2024-08-07,Biryani,Wednesday,0,8,0,0,33.5,0.0,220,118,105,13,0
2024-08-07,Chicken Curry,Wednesday,0,8,0,0,33.5,0.0,190,51,37,14,0
2024-08-07,Dosa,Wednesday,0,8,0,0,33.5,0.0,70,90,63,27,0
2024-08-07,Filter Coffee,Wednesday,0,8,0,0,33.5,0.0,30,130,84,46,0
2024-08-07,Fried Rice,Wednesday,0,8,0,0,33.5,0.0,160,59,36,23,0
2024-08-07,Idli,Wednesday,0,8,0,0,33.5,0.0,50,117,80,37,0
2024-08-07,Lassi,Wednesday,0,8,0,0,33.5,0.0,60,52,43,9,0
2024-08-07,Meals,Wednesday,0,8,0,0,33.5,0.0,140,84,73,11,0
2024-08-07,Parotta,Wednesday,0,8,0,0,33.5,0.0,40,90,63,27,0
2024-08-07,Veg Noodles,Wednesday,0,8,0,0,33.5,0.0,120,38,34,4,0
2024-08-08,Biryani,Thursday,0,8,0,0,35.0,0.0,220,135,106,29,0
2024-08-08,Chicken Curry,Thursday,0,8,0,0,35.0,0.0,190,50,35,15,0
2024-08-08,Dosa,Thursday,0,8,0,0,35.0,0.0,70,81,76,5,0
2024-08-08,Filter Coffee,Thursday,0,8,0,0,35.0,0.0,30,122,99,23,0
2024-08-08,Fried Rice,Thursday,0,8,0,0,35.0,0.0,160,68,45,23,0
2024-08-08,Idli,Thursday,0,8,0,0,35.0,0.0,50,98,87,11,0
2024-08-08,Lassi,Thursday,0,8,0,0,35.0,0.0,60,47,47,0,1
2024-08-08,Meals,Thursday,0,8,0,0,35.0,0.0,140,89,66,23,0
2024-08-08,Parotta,Thursday,0,8,0,0,35.0,0.0,40,75,69,6,0
2024-08-08,Veg Noodles,Thursday,0,8,0,0,35.0,0.0,120,36,30,6,0
2024-08-09,Biryani,Friday,0,8,0,0,33.4,0.0,220,132,118,14,0
2024-08-09,Chicken Curry,Friday,0,8,0,0,33.4,0.0,190,47,37,10,0
2024-08-09,Dosa,Friday,0,8,0,0,33.4,0.0,70,85,70,15,0
2024-08-09,Filter Coffee,Friday,0,8,0,0,33.4,0.0,30,117,82,35,0
2024-08-09,Fried Rice,Friday,0,8,0,0,33.4,0.0,160,65,48,17,0
2024-08-09,Idli,Friday,0,8,0,0,33.4,0.0,50,114,89,25,0
2024-08-09,Lassi,Friday,0,8,0,0,33.4,0.0,60,53,45,8,0
2024-08-09,Meals,Friday,0,8,0,0,33.4,0.0,140,103,77,26,0
2024-08-09,Parotta,Friday,0,8,0,0,33.4,0.0,40,83,61,22,0
2024-08-09,Veg Noodles,Friday,0,8,0,0,33.4,0.0,120,42,33,9,0
2024-08-10,Biryani,Saturday,1,8,0,0,33.8,6.7,220,166,124,42,0
2024-08-10,Chicken Curry,Saturday,1,8,0,0,33.8,6.7,190,49,41,8,0
2024-08-10,Dosa,Saturday,1,8,0,0,33.8,6.7,70,99,72,27,0
2024-08-10,Filter Coffee,Saturday,1,8,0,0,33.8,6.7,30,120,105,15,0
2024-08-10,Fried Rice,Saturday,1,8,0,0,33.8,6.7,160,68,49,19,0
2024-08-10,Idli,Saturday,1,8,0,0,33.8,6.7,50,92,88,4,0
2024-08-10,Lassi,Saturday,1,8,0,0,33.8,6.7,60,61,47,14,0
2024-08-10,Meals,Saturday,1,8,0,0,33.8,6.7,140,101,70,31,0
2024-08-10,Parotta,Saturday,1,8,0,0,33.8,6.7,40,97,73,24,0
2024-08-10,Veg Noodles,Saturday,1,8,0,0,33.8,6.7,120,44,33,11,0
2024-08-11,Biryani,Sunday,1,8,0,0,32.4,11.1,220,192,136,56,0
2024-08-11,Chicken Curry,Sunday,1,8,0,0,32.4,11.1,190,54,47,7,0
2024-08-11,Dosa,Sunday,1,8,0,0,32.4,11.1,70,94,86,8,0
2024-08-11,Filter Coffee,Sunday,1,8,0,0,32.4,11.1,30,108,106,2,0
2024-08-11,Fried Rice,Sunday,1,8,0,0,32.4,11.1,160,64,59,5,0
2024-08-11,Idli,Sunday,1,8,0,0,32.4,11.1,50,100,73,27,0
2024-08-11,Lassi,Sunday,1,8,0,0,32.4,11.1,60,54,49,5,0
2024-08-11,Meals,Sunday,1,8,0,0,32.4,11.1,140,112,84,28,0
2024-08-11,Parotta,Sunday,1,8,0,0,32.4,11.1,40,84,73,11,0
2024-08-11,Veg Noodles,Sunday,1,8,0,0,32.4,11.1,120,42,38,4,0
2024-08-12,Biryani,Monday,0,8,0,0,32.8,0.0,220,124,95,29,0
2024-08-12,Chicken Curry,Monday,0,8,0,0,32.8,0.0,190,44,35,9,0
2024-08-12,Dosa,Monday,0,8,0,0,32.8,0.0,70,92,65,27,0
2024-08-12,Filter Coffee,Monday,0,8,0,0,32.8,0.0,30,121,102,19,0
2024-08-12,Fried Rice,Monday,0,8,0,0,32.8,0.0,160,66,51,15,0
2024-08-12,Idli,Monday,0,8,0,0,32.8,0.0,50,108,93,15,0
2024-08-12,Lassi,Monday,0,8,0,0,32.8,0.0,60,52,40,12,0
2024-08-12,Meals,Monday,0,8,0,0,32.8,0.0,140,90,71,19,0
2024-08-12,Parotta,Monday,0,8,0,0,32.8,0.0,40,89,64,25,0
2024-08-12,Veg Noodles,Monday,0,8,0,0,32.8,0.0,120,38,34,4,0
2024-08-13,Biryani,Tuesday,0,8,0,0,31.9,0.0,220,139,103,36,0
2024-08-13,Chicken Curry,Tuesday,0,8,0,0,31.9,0.0,190,50,34,16,0
2024-08-13,Dosa,Tuesday,0,8,0,0,31.9,0.0,70,83,66,17,0
2024-08-13,Filter Coffee,Tuesday,0,8,0,0,31.9,0.0,30,107,97,10,0
2024-08-13,Fried Rice,Tuesday,0,8,0,0,31.9,0.0,160,54,42,12,0
2024-08-13,Idli,Tuesday,0,8,0,0,31.9,0.0,50,99,94,5,0
2024-08-13,Lassi,Tuesday,0,8,0,0,31.9,0.0,60,49,38,11,0
2024-08-13,Meals,Tuesday,0,8,0,0,31.9,0.0,140,95,80,15,0
2024-08-13,Parotta,Tuesday,0,8,0,0,31.9,0.0,40,80,63,17,0
2024-08-13,Veg Noodles,Tuesday,0,8,0,0,31.9,0.0,120,43,31,12,0
2024-08-14,Biryani,Wednesday,0,8,0,0,33.9,2.6,220,125,91,34,0
2024-08-14,Chicken Curry,Wednesday,0,8,0,0,33.9,2.6,190,44,38,6,0
2024-08-14,Dosa,Wednesday,0,8,0,0,33.9,2.6,70,77,67,10,0
2024-08-14,Filter Coffee,Wednesday,0,8,0,0,33.9,2.6,30,125,76,49,0
2024-08-14,Fried Rice,Wednesday,0,8,0,0,33.9,2.6,160,54,54,0,1
2024-08-14,Idli,Wednesday,0,8,0,0,33.9,2.6,50,96,94,2,0
2024-08-14,Lassi,Wednesday,0,8,0,0,33.9,2.6,60,53,50,3,0
2024-08-14,Meals,Wednesday,0,8,0,0,33.9,2.6,140,101,67,34,0
2024-08-14,Parotta,Wednesday,0,8,0,0,33.9,2.6,40,88,59,29,0
2024-08-14,Veg Noodles,Wednesday,0,8,0,0,33.9,2.6,120,38,28,10,0
2024-08-15,Biryani,Thursday,0,8,1,0,31.2,0.0,220,118,105,13,0
2024-08-15,Chicken Curry,Thursday,0,8,1,0,31.2,0.0,190,44,34,10,0
2024-08-15,Dosa,Thursday,0,8,1,0,31.2,0.0,70,89,72,17,0
2024-08-15,Filter Coffee,Thursday,0,8,1,0,31.2,0.0,30,118,101,17,0
2024-08-15,Fried Rice,Thursday,0,8,1,0,31.2,0.0,160,57,49,8,0
2024-08-15,Idli,Thursday,0,8,1,0,31.2,0.0,50,96,96,0,1
2024-08-15,Lassi,Thursday,0,8,1,0,31.2,0.0,60,49,48,1,0
2024-08-15,Meals,Thursday,0,8,1,0,31.2,0.0,140,88,82,6,0
2024-08-15,Parotta,Thursday,0,8,1,0,31.2,0.0,40,83,72,11,0
2024-08-15,Veg Noodles,Thursday,0,8,1,0,31.2,0.0,120,40,33,7,0
2024-08-16,Biryani,Friday,0,8,0,0,33.5,6.6,220,152,115,37,0
2024-08-16,Chicken Curry,Friday,0,8,0,0,33.5,6.6,190,44,37,7,0
2024-08-16,Dosa,Friday,0,8,0,0,33.5,6.6,70,92,72,20,0
2024-08-16,Filter Coffee,Friday,0,8,0,0,33.5,6.6,30,112,94,18,0
2024-08-16,Fried Rice,Friday,0,8,0,0,33.5,6.6,160,63,54,9,0
2024-08-16,Idli,Friday,0,8,0,0,33.5,6.6,50,94,78,16,0
2024-08-16,Lassi,Friday,0,8,0,0,33.5,6.6,60,50,50,0,1
2024-08-16,Meals,Friday,0,8,0,0,33.5,6.6,140,106,76,30,0
2024-08-16,Parotta,Friday,0,8,0,0,33.5,6.6,40,87,66,21,0
2024-08-16,Veg Noodles,Friday,0,8,0,0,33.5,6.6,120,38,34,4,0
2024-08-17,Biryani,Saturday,1,8,0,0,32.3,0.0,220,155,115,40,0
2024-08-17,Chicken Curry,Saturday,1,8,0,0,32.3,0.0,190,55,38,17,0
2024-08-17,Dosa,Saturday,1,8,0,0,32.3,0.0,70,96,68,28,0
2024-08-17,Filter Coffee,Saturday,1,8,0,0,32.3,0.0,30,106,86,20,0
2024-08-17,Fried Rice,Saturday,1,8,0,0,32.3,0.0,160,74,53,21,0
2024-08-17,Idli,Saturday,1,8,0,0,32.3,0.0,50,105,74,31,0
2024-08-17,Lassi,Saturday,1,8,0,0,32.3,0.0,60,61,57,4,0
2024-08-17,Meals,Saturday,1,8,0,0,32.3,0.0,140,100,83,17,0
2024-08-17,Parotta,Saturday,1,8,0,0,32.3,0.0,40,94,68,26,0
2024-08-17,Veg Noodles,Saturday,1,8,0,0,32.3,0.0,120,41,31,10,0
2024-08-18,Biryani,Sunday,1,8,0,0,33.9,0.0,220,192,142,50,0
2024-08-18,Chicken Curry,Sunday,1,8,0,0,33.9,0.0,190,61,49,12,0
2024-08-18,Dosa,Sunday,1,8,0,0,33.9,0.0,70,91,71,20,0
2024-08-18,Filter Coffee,Sunday,1,8,0,0,33.9,0.0,30,133,87,46,0
2024-08-18,Fried Rice,Sunday,1,8,0,0,33.9,0.0,160,77,53,24,0
2024-08-18,Idli,Sunday,1,8,0,0,33.9,0.0,50,92,71,21,0
2024-08-18,Lassi,Sunday,1,8,0,0,33.9,0.0,60,56,51,5,0
2024-08-18,Meals,Sunday,1,8,0,0,33.9,0.0,140,88,88,0,1
2024-08-18,Parotta,Sunday,1,8,0,0,33.9,0.0,40,83,82,1,0
2024-08-18,Veg Noodles,Sunday,1,8,0,0,33.9,0.0,120,50,37,13,0
2024-08-19,Biryani,Monday,0,8,0,0,33.3,0.0,220,135,113,22,0
2024-08-19,Chicken Curry,Monday,0,8,0,0,33.3,0.0,190,49,35,14,0
2024-08-19,Dosa,Monday,0,8,0,0,33.3,0.0,70,94,64,30,0
2024-08-19,Filter Coffee,Monday,0,8,0,0,33.3,0.0,30,123,94,29,0
2024-08-19,Fried Rice,Monday,0,8,0,0,33.3,0.0,160,56,45,11,0
2024-08-19,Idli,Monday,0,8,0,0,33.3,0.0,50,116,83,33,0
2024-08-19,Lassi,Monday,0,8,0,0,33.3,0.0,60,49,49,0,1
2024-08-19,Meals,Monday,0,8,0,0,33.3,0.0,140,83,73,10,0
2024-08-19,Parotta,Monday,0,8,0,0,33.3,0.0,40,83,68,15,0
2024-08-19,Veg Noodles,Monday,0,8,0,0,33.3,0.0,120,36,33,3,0
2024-08-20,Biryani,Tuesday,0,8,0,1,34.6,34.7,220,123,101,22,0
2024-08-20,Chicken Curry,Tuesday,0,8,0,1,34.6,34.7,190,48,40,8,0
2024-08-20,Dosa,Tuesday,0,8,0,1,34.6,34.7,70,87,75,12,0
2024-08-20,Filter Coffee,Tuesday,0,8,0,1,34.6,34.7,30,125,112,13,0
2024-08-20,Fried Rice,Tuesday,0,8,0,1,34.6,34.7,160,59,50,9,0
2024-08-20,Idli,Tuesday,0,8,0,1,34.6,34.7,50,118,106,12,0
2024-08-20,Lassi,Tuesday,0,8,0,1,34.6,34.7,60,55,52,3,0
2024-08-20,Meals,Tuesday,0,8,0,1,34.6,34.7,140,103,94,9,0
2024-08-20,Parotta,Tuesday,0,8,0,1,34.6,34.7,40,89,76,13,0
2024-08-20,Veg Noodles,Tuesday,0,8,0,1,34.6,34.7,120,38,32,6,0
2024-08-21,Biryani,Wednesday,0,8,0,0,33.2,0.0,220,133,108,25,0
2024-08-21,Chicken Curry,Wednesday,0,8,0,0,33.2,0.0,190,52,36,16,0
2024-08-21,Dosa,Wednesday,0,8,0,0,33.2,0.0,70,93,63,30,0
2024-08-21,Filter Coffee,Wednesday,0,8,0,0,33.2,0.0,30,129,81,48,0
2024-08-21,Fried Rice,Wednesday,0,8,0,0,33.2,0.0,160,65,47,18,0
2024-08-21,Idli,Wednesday,0,8,0,0,33.2,0.0,50,102,92,10,0
2024-08-21,Lassi,Wednesday,0,8,0,0,33.2,0.0,60,48,44,4,0
2024-08-21,Meals,Wednesday,0,8,0,0,33.2,0.0,140,97,71,26,0
2024-08-21,Parotta,Wednesday,0,8,0,0,33.2,0.0,40,90,59,31,0
2024-08-21,Veg Noodles,Wednesday,0,8,0,0,33.2,0.0,120,45,31,14,0
2024-08-22,Biryani,Thursday,0,8,0,0,30.4,0.0,220,124,99,25,0
2024-08-22,Chicken Curry,Thursday,0,8,0,0,30.4,0.0,190,47,35,12,0
2024-08-22,Dosa,Thursday,0,8,0,0,30.4,0.0,70,90,69,21,0
2024-08-22,Filter Coffee,Thursday,0,8,0,0,30.4,0.0,30,125,101,24,0
2024-08-22,Fried Rice,Thursday,0,8,0,0,30.4,0.0,160,61,44,17,0
2024-08-22,Idli,Thursday,0,8,0,0,30.4,0.0,50,99,81,18,0
2024-08-22,Lassi,Thursday,0,8,0,0,30.4,0.0,60,48,35,13,0
2024-08-22,Meals,Thursday,0,8,0,0,30.4,0.0,140,100,80,20,0
2024-08-22,Parotta,Thursday,0,8,0,0,30.4,0.0,40,90,59,31,0
2024-08-22,Veg Noodles,Thursday,0,8,0,0,30.4,0.0,120,40,34,6,0
2024-08-23,Biryani,Friday,0,8,0,0,32.1,0.0,220,157,95,62,0
2024-08-23,Chicken Curry,Friday,0,8,0,0,32.1,0.0,190,54,37,17,0
2024-08-23,Dosa,Friday,0,8,0,0,32.1,0.0,70,88,69,19,0
2024-08-23,Filter Coffee,Friday,0,8,0,0,32.1,0.0,30,118,95,23,0
2024-08-23,Fried Rice,Friday,0,8,0,0,32.1,0.0,160,58,48,10,0
2024-08-23,Idli,Friday,0,8,0,0,32.1,0.0,50,104,82,22,0
2024-08-23,Lassi,Friday,0,8,0,0,32.1,0.0,60,54,49,5,0
2024-08-23,Meals,Friday,0,8,0,0,32.1,0.0,140,102,69,33,0
2024-08-23,Parotta,Friday,0,8,0,0,32.1,0.0,40,87,76,11,0
2024-08-23,Veg Noodles,Friday,0,8,0,0,32.1,0.0,120,43,30,13,0
2024-08-24,Biryani,Saturday,1,8,0,0,30.8,0.0,220,166,124,42,0
2024-08-24,Chicken Curry,Saturday,1,8,0,0,30.8,0.0,190,56,42,14,0
2024-08-24,Dosa,Saturday,1,8,0,0,30.8,0.0,70,97,73,24,0
2024-08-24,Filter Coffee,Saturday,1,8,0,0,30.8,0.0,30,125,91,34,0
2024-08-24,Fried Rice,Saturday,1,8,0,0,30.8,0.0,160,66,50,16,0
2024-08-24,Idli,Saturday,1,8,0,0,30.8,0.0,50,113,80,33,0
2024-08-24,Lassi,Saturday,1,8,0,0,30.8,0.0,60,56,46,10,0
2024-08-24,Meals,Saturday,1,8,0,0,30.8,0.0,140,96,79,17,0
2024-08-24,Parotta,Saturday,1,8,0,0,30.8,0.0,40,91,64,27,0
2024-08-24,Veg Noodles,Saturday,1,8,0,0,30.8,0.0,120,46,32,14,0
2024-08-25,Biryani,Sunday,1,8,0,0,31.5,0.0,220,166,129,37,0
2024-08-25,Chicken Curry,Sunday,1,8,0,0,31.5,0.0,190,52,44,8,0
2024-08-25,Dosa,Sunday,1,8,0,0,31.5,0.0,70,98,91,7,0
2024-08-25,Filter Coffee,Sunday,1,8,0,0,31.5,0.0,30,114,98,16,0
2024-08-25,Fried Rice,Sunday,1,8,0,0,31.5,0.0,160,75,51,24,0
2024-08-25,Idli,Sunday,1,8,0,0,31.5,0.0,50,98,74,24,0
2024-08-25,Lassi,Sunday,1,8,0,0,31.5,0.0,60,61,51,10,0
2024-08-25,Meals,Sunday,1,8,0,0,31.5,0.0,140,108,65,43,0
2024-08-25,Parotta,Sunday,1,8,0,0,31.5,0.0,40,94,73,21,0
2024-08-25,Veg Noodles,Sunday,1,8,0,0,31.5,0.0,120,43,36,7,0
2024-08-26,Biryani,Monday,0,8,0,0,33.9,0.0,220,135,99,36,0
2024-08-26,Chicken Curry,Monday,0,8,0,0,33.9,0.0,190,51,35,16,0
2024-08-26,Dosa,Monday,0,8,0,0,33.9,0.0,70,88,67,21,0
2024-08-26,Filter Coffee,Monday,0,8,0,0,33.9,0.0,30,123,90,33,0
2024-08-26,Fried Rice,Monday,0,8,0,0,33.9,0.0,160,68,44,24,0
2024-08-26,Idli,Monday,0,8,0,0,33.9,0.0,50,97,88,9,0
2024-08-26,Lassi,Monday,0,8,0,0,33.9,0.0,60,60,46,14,0
2024-08-26,Meals,Monday,0,8,0,0,33.9,0.0,140,104,67,37,0
2024-08-26,Parotta,Monday,0,8,0,0,33.9,0.0,40,83,64,19,0
2024-08-26,Veg Noodles,Monday,0,8,0,0,33.9,0.0,120,39,34,5,0
2024-08-27,Biryani,Tuesday,0,8,0,0,32.8,0.0,220,140,121,19,0
2024-08-27,Chicken Curry,Tuesday,0,8,0,0,32.8,0.0,190,48,34,14,0
2024-08-27,Dosa,Tuesday,0,8,0,0,32.8,0.0,70,91,71,20,0
2024-08-27,Filter Coffee,Tuesday,0,8,0,0,32.8,0.0,30,112,101,11,0
2024-08-27,Fried Rice,Tuesday,0,8,0,0,32.8,0.0,160,63,43,20,0
2024-08-27,Idli,Tuesday,0,8,0,0,32.8,0.0,50,120,86,34,0
2024-08-27,Lassi,Tuesday,0,8,0,0,32.8,0.0,60,53,41,12,0
2024-08-27,Meals,Tuesday,0,8,0,0,32.8,0.0,140,86,76,10,0
2024-08-27,Parotta,Tuesday,0,8,0,0,32.8,0.0,40,83,61,22,0
2024-08-27,Veg Noodles,Tuesday,0,8,0,0,32.8,0.0,120,39,35,4,0
2024-08-28,Biryani,Wednesday,0,8,0,0,31.1,0.0,220,144,92,52,0
2024-08-28,Chicken Curry,Wednesday,0,8,0,0,31.1,0.0,190,49,33,16,0
2024-08-28,Dosa,Wednesday,0,8,0,0,31.1,0.0,70,78,72,6,0
2024-08-28,Filter Coffee,Wednesday,0,8,0,0,31.1,0.0,30,134,94,40,0
2024-08-28,Fried Rice,Wednesday,0,8,0,0,31.1,0.0,160,53,45,8,0
2024-08-28,Idli,Wednesday,0,8,0,0,31.1,0.0,50,108,85,23,0
2024-08-28,Lassi,Wednesday,0,8,0,0,31.1,0.0,60,55,42,13,0
2024-08-28,Meals,Wednesday,0,8,0,0,31.1,0.0,140,100,66,34,0
2024-08-28,Parotta,Wednesday,0,8,0,0,31.1,0.0,40,72,58,14,0
2024-08-28,Veg Noodles,Wednesday,0,8,0,0,31.1,0.0,120,38,31,7,0
2024-08-29,Biryani,Thursday,0,8,0,0,30.7,0.0,220,121,108,13,0
2024-08-29,Chicken Curry,Thursday,0,8,0,0,30.7,0.0,190,43,37,6,0
2024-08-29,Dosa,Thursday,0,8,0,0,30.7,0.0,70,96,68,28,0
2024-08-29,Filter Coffee,Thursday,0,8,0,0,30.7,0.0,30,121,104,17,0
2024-08-29,Fried Rice,Thursday,0,8,0,0,30.7,0.0,160,64,49,15,0
2024-08-29,Idli,Thursday,0,8,0,0,30.7,0.0,50,103,86,17,0
2024-08-29,Lassi,Thursday,0,8,0,0,30.7,0.0,60,59,45,14,0
2024-08-29,Meals,Thursday,0,8,0,0,30.7,0.0,140,90,76,14,0
2024-08-29,Parotta,Thursday,0,8,0,0,30.7,0.0,40,72,59,13,0
2024-08-29,Veg Noodles,Thursday,0,8,0,0,30.7,0.0,120,38,30,8,0
2024-08-30,Biryani,Friday,0,8,0,0,31.9,0.0,220,126,102,24,0
2024-08-30,Chicken Curry,Friday,0,8,0,0,31.9,0.0,190,49,39,10,0
2024-08-30,Dosa,Friday,0,8,0,0,31.9,0.0,70,86,71,15,0
2024-08-30,Filter Coffee,Friday,0,8,0,0,31.9,0.0,30,113,79,34,0
2024-08-30,Fried Rice,Friday,0,8,0,0,31.9,0.0,160,59,49,10,0
2024-08-30,Idli,Friday,0,8,0,0,31.9,0.0,50,116,86,30,0
2024-08-30,Lassi,Friday,0,8,0,0,31.9,0.0,60,55,44,11,0
2024-08-30,Meals,Friday,0,8,0,0,31.9,0.0,140,91,80,11,0
2024-08-30,Parotta,Friday,0,8,0,0,31.9,0.0,40,86,62,24,0
2024-08-30,Veg Noodles,Friday,0,8,0,0,31.9,0.0,120,43,35,8,0
2024-08-31,Biryani,Saturday,1,8,0,0,30.3,0.0,220,143,133,10,0
2024-08-31,Chicken Curry,Saturday,1,8,0,0,30.3,0.0,190,59,37,22,0
2024-08-31,Dosa,Saturday,1,8,0,0,30.3,0.0,70,87,73,14,0
2024-08-31,Filter Coffee,Saturday,1,8,0,0,30.3,0.0,30,125,98,27,0
2024-08-31,Fried Rice,Saturday,1,8,0,0,30.3,0.0,160,74,62,12,0
2024-08-31,Idli,Saturday,1,8,0,0,30.3,0.0,50,114,85,29,0
2024-08-31,Lassi,Saturday,1,8,0,0,30.3,0.0,60,62,44,18,0
2024-08-31,Meals,Saturday,1,8,0,0,30.3,0.0,140,96,73,23,0
2024-08-31,Parotta,Saturday,1,8,0,0,30.3,0.0,40,84,65,19,0
2024-08-31,Veg Noodles,Saturday,1,8,0,0,30.3,0.0,120,40,30,10,0
2024-09-01,Biryani,Sunday,1,9,0,0,30.9,0.0,220,169,138,31,0
2024-09-01,Chicken Curry,Sunday,1,9,0,0,30.9,0.0,190,54,48,6,0
2024-09-01,Dosa,Sunday,1,9,0,0,30.9,0.0,70,103,76,27,0
2024-09-01,Filter Coffee,Sunday,1,9,0,0,30.9,0.0,30,109,90,19,0
2024-09-01,Fried Rice,Sunday,1,9,0,0,30.9,0.0,160,70,47,23,0
2024-09-01,Idli,Sunday,1,9,0,0,30.9,0.0,50,101,73,28,0
2024-09-01,Lassi,Sunday,1,9,0,0,30.9,0.0,60,62,43,19,0
2024-09-01,Meals,Sunday,1,9,0,0,30.9,0.0,140,109,72,37,0
2024-09-01,Parotta,Sunday,1,9,0,0,30.9,0.0,40,89,81,8,0
2024-09-01,Veg Noodles,Sunday,1,9,0,0,30.9,0.0,120,42,37,5,0
2024-09-02,Biryani,Monday,0,9,0,0,32.0,0.0,220,133,107,26,0
2024-09-02,Chicken Curry,Monday,0,9,0,0,32.0,0.0,190,41,39,2,0
2024-09-02,Dosa,Monday,0,9,0,0,32.0,0.0,70,82,65,17,0
2024-09-02,Filter Coffee,Monday,0,9,0,0,32.0,0.0,30,119,86,33,0
2024-09-02,Fried Rice,Monday,0,9,0,0,32.0,0.0,160,56,49,7,0
2024-09-02,Idli,Monday,0,9,0,0,32.0,0.0,50,103,90,13,0
2024-09-02,Lassi,Monday,0,9,0,0,32.0,0.0,60,56,45,11,0
2024-09-02,Meals,Monday,0,9,0,0,32.0,0.0,140,83,71,12,0
2024-09-02,Parotta,Monday,0,9,0,0,32.0,0.0,40,75,63,12,0
2024-09-02,Veg Noodles,Monday,0,9,0,0,32.0,0.0,120,41,31,10,0
2024-09-03,Biryani,Tuesday,0,9,0,0,33.0,0.0,220,122,96,26,0
2024-09-03,Chicken Curry,Tuesday,0,9,0,0,33.0,0.0,190,44,39,5,0
2024-09-03,Dosa,Tuesday,0,9,0,0,33.0,0.0,70,98,65,33,0
2024-09-03,Filter Coffee,Tuesday,0,9,0,0,33.0,0.0,30,132,99,33,0
2024-09-03,Fried Rice,Tuesday,0,9,0,0,33.0,0.0,160,60,47,13,0
2024-09-03,Idli,Tuesday,0,9,0,0,33.0,0.0,50,107,85,22,0
2024-09-03,Lassi,Tuesday,0,9,0,0,33.0,0.0,60,60,42,18,0
2024-09-03,Meals,Tuesday,0,9,0,0,33.0,0.0,140,93,68,25,0
2024-09-03,Parotta,Tuesday,0,9,0,0,33.0,0.0,40,87,60,27,0
2024-09-03,Veg Noodles,Tuesday,0,9,0,0,33.0,0.0,120,40,35,5,0
2024-09-04,Biryani,Wednesday,0,9,0,0,32.2,0.0,220,132,98,34,0
2024-09-04,Chicken Curry,Wednesday,0,9,0,0,32.2,0.0,190,47,37,10,0
2024-09-04,Dosa,Wednesday,0,9,0,0,32.2,0.0,70,86,68,18,0
2024-09-04,Filter Coffee,Wednesday,0,9,0,0,32.2,0.0,30,129,98,31,0
2024-09-04,Fried Rice,Wednesday,0,9,0,0,32.2,0.0,160,57,50,7,0
2024-09-04,Idli,Wednesday,0,9,0,0,32.2,0.0,50,100,81,19,0
2024-09-04,Lassi,Wednesday,0,9,0,0,32.2,0.0,60,47,47,0,1
2024-09-04,Meals,Wednesday,0,9,0,0,32.2,0.0,140,98,73,25,0
2024-09-04,Parotta,Wednesday,0,9,0,0,32.2,0.0,40,90,63,27,0
2024-09-04,Veg Noodles,Wednesday,0,9,0,0,32.2,0.0,120,42,35,7,0
2024-09-05,Biryani,Thursday,0,9,0,0,28.7,0.0,220,133,114,19,0
2024-09-05,Chicken Curry,Thursday,0,9,0,0,28.7,0.0,190,51,39,12,0
2024-09-05,Dosa,Thursday,0,9,0,0,28.7,0.0,70,83,58,25,0
2024-09-05,Filter Coffee,Thursday,0,9,0,0,28.7,0.0,30,127,82,45,0
2024-09-05,Fried Rice,Thursday,0,9,0,0,28.7,0.0,160,57,50,7,0
2024-09-05,Idli,Thursday,0,9,0,0,28.7,0.0,50,107,86,21,0
2024-09-05,Lassi,Thursday,0,9,0,0,28.7,0.0,60,59,38,21,0
2024-09-05,Meals,Thursday,0,9,0,0,28.7,0.0,140,85,74,11,0
2024-09-05,Parotta,Thursday,0,9,0,0,28.7,0.0,40,83,67,16,0
2024-09-05,Veg Noodles,Thursday,0,9,0,0,28.7,0.0,120,36,29,7,0
2024-09-06,Biryani,Friday,0,9,0,0,31.8,0.0,220,130,128,2,0
2024-09-06,Chicken Curry,Friday,0,9,0,0,31.8,0.0,190,51,46,5,0
2024-09-06,Dosa,Friday,0,9,0,0,31.8,0.0,70,80,79,1,0
2024-09-06,Filter Coffee,Friday,0,9,0,0,31.8,0.0,30,120,98,22,0
2024-09-06,Fried Rice,Friday,0,9,0,0,31.8,0.0,160,64,48,16,0
2024-09-06,Idli,Friday,0,9,0,0,31.8,0.0,50,99,85,14,0
2024-09-06,Lassi,Friday,0,9,0,0,31.8,0.0,60,55,45,10,0
2024-09-06,Meals,Friday,0,9,0,0,31.8,0.0,140,103,73,30,0
2024-09-06,Parotta,Friday,0,9,0,0,31.8,0.0,40,93,63,30,0
2024-09-06,Veg Noodles,Friday,0,9,0,0,31.8,0.0,120,44,33,11,0
2024-09-07,Biryani,Saturday,1,9,0,1,31.4,0.0,220,175,143,32,0
2024-09-07,Chicken Curry,Saturday,1,9,0,1,31.4,0.0,190,60,46,14,0
2024-09-07,Dosa,Saturday,1,9,0,1,31.4,0.0,70,83,83,0,1
2024-09-07,Filter Coffee,Saturday,1,9,0,1,31.4,0.0,30,120,109,11,0
2024-09-07,Fried Rice,Saturday,1,9,0,1,31.4,0.0,160,72,60,12,0
2024-09-07,Idli,Saturday,1,9,0,1,31.4,0.0,50,107,98,9,0
2024-09-07,Lassi,Saturday,1,9,0,1,31.4,0.0,60,60,60,0,1
2024-09-07,Meals,Saturday,1,9,0,1,31.4,0.0,140,109,98,11,0
2024-09-07,Parotta,Saturday,1,9,0,1,31.4,0.0,40,97,83,14,0
2024-09-07,Veg Noodles,Saturday,1,9,0,1,31.4,0.0,120,48,37,11,0
2024-09-08,Biryani,Sunday,1,9,0,0,31.8,0.0,220,177,125,52,0
2024-09-08,Chicken Curry,Sunday,1,9,0,0,31.8,0.0,190,58,42,16,0
2024-09-08,Dosa,Sunday,1,9,0,0,31.8,0.0,70,87,76,11,0
2024-09-08,Filter Coffee,Sunday,1,9,0,0,31.8,0.0,30,107,87,20,0
2024-09-08,Fried Rice,Sunday,1,9,0,0,31.8,0.0,160,78,53,25,0
2024-09-08,Idli,Sunday,1,9,0,0,31.8,0.0,50,107,72,35,0
2024-09-08,Lassi,Sunday,1,9,0,0,31.8,0.0,60,60,49,11,0
2024-09-08,Meals,Sunday,1,9,0,0,31.8,0.0,140,90,74,16,0
2024-09-08,Parotta,Sunday,1,9,0,0,31.8,0.0,40,87,66,21,0
2024-09-08,Veg Noodles,Sunday,1,9,0,0,31.8,0.0,120,47,35,12,0
2024-09-09,Biryani,Monday,0,9,0,0,33.1,0.0,220,131,106,25,0
2024-09-09,Chicken Curry,Monday,0,9,0,0,33.1,0.0,190,46,32,14,0
2024-09-09,Dosa,Monday,0,9,0,0,33.1,0.0,70,77,72,5,0
2024-09-09,Filter Coffee,Monday,0,9,0,0,33.1,0.0,30,124,84,40,0
2024-09-09,Fried Rice,Monday,0,9,0,0,33.1,0.0,160,59,49,10,0
2024-09-09,Idli,Monday,0,9,0,0,33.1,0.0,50,120,93,27,0
2024-09-09,Lassi,Monday,0,9,0,0,33.1,0.0,60,51,44,7,0
2024-09-09,Meals,Monday,0,9,0,0,33.1,0.0,140,86,82,4,0
2024-09-09,Parotta,Monday,0,9,0,0,33.1,0.0,40,74,69,5,0
2024-09-09,Veg Noodles,Monday,0,9,0,0,33.1,0.0,120,44,33,11,0
2024-09-10,Biryani,Tuesday,0,9,0,0,28.6,0.0,220,135,129,6,0
2024-09-10,Chicken Curry,Tuesday,0,9,0,0,28.6,0.0,190,44,43,1,0
2024-09-10,Dosa,Tuesday,0,9,0,0,28.6,0.0,70,84,75,9,0
2024-09-10,Filter Coffee,Tuesday,0,9,0,0,28.6,0.0,30,124,85,39,0
2024-09-10,Fried Rice,Tuesday,0,9,0,0,28.6,0.0,160,54,41,13,0
2024-09-10,Idli,Tuesday,0,9,0,0,28.6,0.0,50,117,85,32,0
2024-09-10,Lassi,Tuesday,0,9,0,0,28.6,0.0,60,48,42,6,0
2024-09-10,Meals,Tuesday,0,9,0,0,28.6,0.0,140,105,68,37,0
2024-09-10,Parotta,Tuesday,0,9,0,0,28.6,0.0,40,75,63,12,0
2024-09-10,Veg Noodles,Tuesday,0,9,0,0,28.6,0.0,120,39,31,8,0
2024-09-11,Biryani,Wednesday,0,9,0,0,30.3,3.7,220,129,105,24,0
2024-09-11,Chicken Curry,Wednesday,0,9,0,0,30.3,3.7,190,44,43,1,0
2024-09-11,Dosa,Wednesday,0,9,0,0,30.3,3.7,70,83,62,21,0
2024-09-11,Filter Coffee,Wednesday,0,9,0,0,30.3,3.7,30,106,93,13,0
2024-09-11,Fried Rice,Wednesday,0,9,0,0,30.3,3.7,160,60,50,10,0
2024-09-11,Idli,Wednesday,0,9,0,0,30.3,3.7,50,97,81,16,0
2024-09-11,Lassi,Wednesday,0,9,0,0,30.3,3.7,60,60,36,24,0
2024-09-11,Meals,Wednesday,0,9,0,0,30.3,3.7,140,87,74,13,0
2024-09-11,Parotta,Wednesday,0,9,0,0,30.3,3.7,40,73,63,10,0
2024-09-11,Veg Noodles,Wednesday,0,9,0,0,30.3,3.7,120,36,32,4,0
2024-09-12,Biryani,Thursday,0,9,0,0,31.7,0.0,220,147,117,30,0
2024-09-12,Chicken Curry,Thursday,0,9,0,0,31.7,0.0,190,50,34,16,0
2024-09-12,Dosa,Thursday,0,9,0,0,31.7,0.0,70,86,73,13,0
2024-09-12,Filter Coffee,Thursday,0,9,0,0,31.7,0.0,30,110,91,19,0
2024-09-12,Fried Rice,Thursday,0,9,0,0,31.7,0.0,160,60,47,13,0
2024-09-12,Idli,Thursday,0,9,0,0,31.7,0.0,50,100,80,20,0
2024-09-12,Lassi,Thursday,0,9,0,0,31.7,0.0,60,56,49,7,0
2024-09-12,Meals,Thursday,0,9,0,0,31.7,0.0,140,85,81,4,0
2024-09-12,Parotta,Thursday,0,9,0,0,31.7,0.0,40,83,60,23,0
2024-09-12,Veg Noodles,Thursday,0,9,0,0,31.7,0.0,120,39,34,5,0
2024-09-13,Biryani,Friday,0,9,0,0,29.0,0.0,220,146,106,40,0
2024-09-13,Chicken Curry,Friday,0,9,0,0,29.0,0.0,190,45,37,8,0
2024-09-13,Dosa,Friday,0,9,0,0,29.0,0.0,70,84,68,16,0
2024-09-13,Filter Coffee,Friday,0,9,0,0,29.0,0.0,30,107,102,5,0
2024-09-13,Fried Rice,Friday,0,9,0,0,29.0,0.0,160,59,48,11,0
2024-09-13,Idli,Friday,0,9,0,0,29.0,0.0,50,107,77,30,0
2024-09-13,Lassi,Friday,0,9,0,0,29.0,0.0,60,61,46,15,0
2024-09-13,Meals,Friday,0,9,0,0,29.0,0.0,140,106,82,24,0
2024-09-13,Parotta,Friday,0,9,0,0,29.0,0.0,40,79,59,20,0
2024-09-13,Veg Noodles,Friday,0,9,0,0,29.0,0.0,120,41,37,4,0
2024-09-14,Biryani,Saturday,1,9,0,1,32.6,25.4,220,158,129,29,0
2024-09-14,Chicken Curry,Saturday,1,9,0,1,32.6,25.4,190,51,47,4,0
2024-09-14,Dosa,Saturday,1,9,0,1,32.6,25.4,70,83,83,0,1
2024-09-14,Filter Coffee,Saturday,1,9,0,1,32.6,25.4,30,114,114,0,1
2024-09-14,Fried Rice,Saturday,1,9,0,1,32.6,25.4,160,75,56,19,0
2024-09-14,Idli,Saturday,1,9,0,1,32.6,25.4,50,97,82,15,0
2024-09-14,Lassi,Saturday,1,9,0,1,32.6,25.4,60,55,53,2,0
2024-09-14,Meals,Saturday,1,9,0,1,32.6,25.4,140,108,83,25,0
2024-09-14,Parotta,Saturday,1,9,0,1,32.6,25.4,40,98,71,27,0
2024-09-14,Veg Noodles,Saturday,1,9,0,1,32.6,25.4,120,48,38,10,0
2024-09-15,Biryani,Sunday,1,9,0,0,31.2,0.0,220,191,141,50,0
2024-09-15,Chicken Curry,Sunday,1,9,0,0,31.2,0.0,190,64,50,14,0
2024-09-15,Dosa,Sunday,1,9,0,0,31.2,0.0,70,86,74,12,0
2024-09-15,Filter Coffee,Sunday,1,9,0,0,31.2,0.0,30,106,85,21,0
2024-09-15,Fried Rice,Sunday,1,9,0,0,31.2,0.0,160,81,56,25,0
2024-09-15,Idli,Sunday,1,9,0,0,31.2,0.0,50,89,83,6,0
2024-09-15,Lassi,Sunday,1,9,0,0,31.2,0.0,60,58,38,20,0
2024-09-15,Meals,Sunday,1,9,0,0,31.2,0.0,140,104,82,22,0
2024-09-15,Parotta,Sunday,1,9,0,0,31.2,0.0,40,96,69,27,0
2024-09-15,Veg Noodles,Sunday,1,9,0,0,31.2,0.0,120,45,37,8,0
2024-09-16,Biryani,Monday,0,9,0,0,31.7,0.0,220,146,108,38,0
2024-09-16,Chicken Curry,Monday,0,9,0,0,31.7,0.0,190,48,33,15,0
2024-09-16,Dosa,Monday,0,9,0,0,31.7,0.0,70,81,73,8,0
2024-09-16,Filter Coffee,Monday,0,9,0,0,31.7,0.0,30,119,94,25,0
2024-09-16,Fried Rice,Monday,0,9,0,0,31.7,0.0,160,54,52,2,0
2024-09-16,Idli,Monday,0,9,0,0,31.7,0.0,50,115,98,17,0
2024-09-16,Lassi,Monday,0,9,0,0,31.7,0.0,60,52,43,9,0
2024-09-16,Meals,Monday,0,9,0,0,31.7,0.0,140,96,76,20,0
2024-09-16,Parotta,Monday,0,9,0,0,31.7,0.0,40,78,66,12,0
2024-09-16,Veg Noodles,Monday,0,9,0,0,31.7,0.0,120,39,29,10,0
2024-09-17,Biryani,Tuesday,0,9,0,0,29.9,0.0,220,145,99,46,0
2024-09-17,Chicken Curry,Tuesday,0,9,0,0,29.9,0.0,190,42,31,11,0
2024-09-17,Dosa,Tuesday,0,9,0,0,29.9,0.0,70,84,67,17,0
2024-09-17,Filter Coffee,Tuesday,0,9,0,0,29.9,0.0,30,121,93,28,0
2024-09-17,Fried Rice,Tuesday,0,9,0,0,29.9,0.0,160,65,61,4,0
2024-09-17,Idli,Tuesday,0,9,0,0,29.9,0.0,50,104,74,30,0
2024-09-17,Lassi,Tuesday,0,9,0,0,29.9,0.0,60,50,38,12,0
2024-09-17,Meals,Tuesday,0,9,0,0,29.9,0.0,140,104,71,33,0
2024-09-17,Parotta,Tuesday,0,9,0,0,29.9,0.0,40,91,58,33,0
2024-09-17,Veg Noodles,Tuesday,0,9,0,0,29.9,0.0,120,44,36,8,0
2024-09-18,Biryani,Wednesday,0,9,0,0,31.5,0.0,220,126,98,28,0
2024-09-18,Chicken Curry,Wednesday,0,9,0,0,31.5,0.0,190,50,44,6,0
2024-09-18,Dosa,Wednesday,0,9,0,0,31.5,0.0,70,80,80,0,1
2024-09-18,Filter Coffee,Wednesday,0,9,0,0,31.5,0.0,30,120,86,34,0
2024-09-18,Fried Rice,Wednesday,0,9,0,0,31.5,0.0,160,63,52,11,0
2024-09-18,Idli,Wednesday,0,9,0,0,31.5,0.0,50,96,78,18,0
2024-09-18,Lassi,Wednesday,0,9,0,0,31.5,0.0,60,54,48,6,0
2024-09-18,Meals,Wednesday,0,9,0,0,31.5,0.0,140,98,77,21,0
2024-09-18,Parotta,Wednesday,0,9,0,0,31.5,0.0,40,90,56,34,0
2024-09-18,Veg Noodles,Wednesday,0,9,0,0,31.5,0.0,120,38,33,5,0
2024-09-19,Biryani,Thursday,0,9,0,0,31.8,1.7,220,123,113,10,0
2024-09-19,Chicken Curry,Thursday,0,9,0,0,31.8,1.7,190,47,38,9,0
2024-09-19,Dosa,Thursday,0,9,0,0,31.8,1.7,70,85,66,19,0
2024-09-19,Filter Coffee,Thursday,0,9,0,0,31.8,1.7,30,112,82,30,0
2024-09-19,Fried Rice,Thursday,0,9,0,0,31.8,1.7,160,57,45,12,0
2024-09-19,Idli,Thursday,0,9,0,0,31.8,1.7,50,108,89,19,0
2024-09-19,Lassi,Thursday,0,9,0,0,31.8,1.7,60,60,48,12,0
2024-09-19,Meals,Thursday,0,9,0,0,31.8,1.7,140,98,85,13,0
2024-09-19,Parotta,Thursday,0,9,0,0,31.8,1.7,40,87,59,28,0
2024-09-19,Veg Noodles,Thursday,0,9,0,0,31.8,1.7,120,42,32,10,0
2024-09-20,Biryani,Friday,0,9,0,0,30.7,0.0,220,151,123,28,0
2024-09-20,Chicken Curry,Friday,0,9,0,0,30.7,0.0,190,54,40,14,0
2024-09-20,Dosa,Friday,0,9,0,0,30.7,0.0,70,99,77,22,0
2024-09-20,Filter Coffee,Friday,0,9,0,0,30.7,0.0,30,122,99,23,0
2024-09-20,Fried Rice,Friday,0,9,0,0,30.7,0.0,160,66,52,14,0
2024-09-20,Idli,Friday,0,9,0,0,30.7,0.0,50,119,83,36,0
2024-09-20,Lassi,Friday,0,9,0,0,30.7,0.0,60,61,46,15,0
2024-09-20,Meals,Friday,0,9,0,0,30.7,0.0,140,104,78,26,0
2024-09-20,Parotta,Friday,0,9,0,0,30.7,0.0,40,90,63,27,0
2024-09-20,Veg Noodles,Friday,0,9,0,0,30.7,0.0,120,40,33,7,0
2024-09-21,Biryani,Saturday,1,9,0,0,30.6,0.0,220,157,139,18,0
2024-09-21,Chicken Curry,Saturday,1,9,0,0,30.6,0.0,190,56,41,15,0
2024-09-21,Dosa,Saturday,1,9,0,0,30.6,0.0,70,88,77,11,0
2024-09-21,Filter Coffee,Saturday,1,9,0,0,30.6,0.0,30,131,97,34,0
2024-09-21,Fried Rice,Saturday,1,9,0,0,30.6,0.0,160,62,56,6,0
2024-09-21,Idli,Saturday,1,9,0,0,30.6,0.0,50,108,86,22,0
2024-09-21,Lassi,Saturday,1,9,0,0,30.6,0.0,60,58,42,16,0
2024-09-21,Meals,Saturday,1,9,0,0,30.6,0.0,140,102,80,22,0
2024-09-21,Parotta,Saturday,1,9,0,0,30.6,0.0,40,99,67,32,0
2024-09-21,Veg Noodles,Saturday,1,9,0,0,30.6,0.0,120,49,36,13,0
2024-09-22,Biryani,Sunday,1,9,0,0,30.6,9.0,220,181,153,28,0
2024-09-22,Chicken Curry,Sunday,1,9,0,0,30.6,9.0,190,51,48,3,0
2024-09-22,Dosa,Sunday,1,9,0,0,30.6,9.0,70,89,79,10,0
2024-09-22,Filter Coffee,Sunday,1,9,0,0,30.6,9.0,30,115,102,13,0
2024-09-22,Fried Rice,Sunday,1,9,0,0,30.6,9.0,160,65,52,13,0
2024-09-22,Idli,Sunday,1,9,0,0,30.6,9.0,50,92,79,13,0
2024-09-22,Lassi,Sunday,1,9,0,0,30.6,9.0,60,59,53,6,0
2024-09-22,Meals,Sunday,1,9,0,0,30.6,9.0,140,101,83,18,0
2024-09-22,Parotta,Sunday,1,9,0,0,30.6,9.0,40,96,74,22,0
2024-09-22,Veg Noodles,Sunday,1,9,0,0,30.6,9.0,120,43,38,5,0
2024-09-23,Biryani,Monday,0,9,0,0,29.2,0.0,220,144,107,37,0
2024-09-23,Chicken Curry,Monday,0,9,0,0,29.2,0.0,190,44,33,11,0
2024-09-23,Dosa,Monday,0,9,0,0,29.2,0.0,70,91,70,21,0
2024-09-23,Filter Coffee,Monday,0,9,0,0,29.2,0.0,30,116,91,25,0
2024-09-23,Fried Rice,Monday,0,9,0,0,29.2,0.0,160,68,43,25,0
2024-09-23,Idli,Monday,0,9,0,0,29.2,0.0,50,108,81,27,0
2024-09-23,Lassi,Monday,0,9,0,0,29.2,0.0,60,55,40,15,0
2024-09-23,Meals,Monday,0,9,0,0,29.2,0.0,140,92,66,26,0
2024-09-23,Parotta,Monday,0,9,0,0,29.2,0.0,40,89,69,20,0
2024-09-23,Veg Noodles,Monday,0,9,0,0,29.2,0.0,120,43,34,9,0
2024-09-24,Biryani,Tuesday,0,9,0,0,29.9,0.0,220,128,103,25,0
2024-09-24,Chicken Curry,Tuesday,0,9,0,0,29.9,0.0,190,44,34,10,0
2024-09-24,Dosa,Tuesday,0,9,0,0,29.9,0.0,70,88,65,23,0
2024-09-24,Filter Coffee,Tuesday,0,9,0,0,29.9,0.0,30,123,96,27,0
2024-09-24,Fried Rice,Tuesday,0,9,0,0,29.9,0.0,160,63,47,16,0
2024-09-24,Idli,Tuesday,0,9,0,0,29.9,0.0,50,119,83,36,0
2024-09-24,Lassi,Tuesday,0,9,0,0,29.9,0.0,60,56,49,7,0
2024-09-24,Meals,Tuesday,0,9,0,0,29.9,0.0,140,95,77,18,0
2024-09-24,Parotta,Tuesday,0,9,0,0,29.9,0.0,40,72,70,2,0
2024-09-24,Veg Noodles,Tuesday,0,9,0,0,29.9,0.0,120,41,36,5,0
2024-09-25,Biryani,Wednesday,0,9,0,0,29.9,0.0,220,128,118,10,0
2024-09-25,Chicken Curry,Wednesday,0,9,0,0,29.9,0.0,190,50,37,13,0
2024-09-25,Dosa,Wednesday,0,9,0,0,29.9,0.0,70,78,56,22,0
2024-09-25,Filter Coffee,Wednesday,0,9,0,0,29.9,0.0,30,114,85,29,0
2024-09-25,Fried Rice,Wednesday,0,9,0,0,29.9,0.0,160,57,51,6,0
2024-09-25,Idli,Wednesday,0,9,0,0,29.9,0.0,50,96,70,26,0
2024-09-25,Lassi,Wednesday,0,9,0,0,29.9,0.0,60,56,43,13,0
2024-09-25,Meals,Wednesday,0,9,0,0,29.9,0.0,140,95,68,27,0
2024-09-25,Parotta,Wednesday,0,9,0,0,29.9,0.0,40,82,74,8,0
2024-09-25,Veg Noodles,Wednesday,0,9,0,0,29.9,0.0,120,45,32,13,0
2024-09-26,Biryani,Thursday,0,9,0,0,30.4,0.0,220,135,111,24,0
2024-09-26,Chicken Curry,Thursday,0,9,0,0,30.4,0.0,190,47,31,16,0
2024-09-26,Dosa,Thursday,0,9,0,0,30.4,0.0,70,94,75,19,0
2024-09-26,Filter Coffee,Thursday,0,9,0,0,30.4,0.0,30,117,87,30,0
2024-09-26,Fried Rice,Thursday,0,9,0,0,30.4,0.0,160,60,42,18,0
2024-09-26,Idli,Thursday,0,9,0,0,30.4,0.0,50,112,77,35,0
2024-09-26,Lassi,Thursday,0,9,0,0,30.4,0.0,60,54,44,10,0
2024-09-26,Meals,Thursday,0,9,0,0,30.4,0.0,140,91,70,21,0
2024-09-26,Parotta,Thursday,0,9,0,0,30.4,0.0,40,81,55,26,0
2024-09-26,Veg Noodles,Thursday,0,9,0,0,30.4,0.0,120,45,36,9,0
2024-09-27,Biryani,Friday,0,9,0,0,31.1,0.0,220,136,103,33,0
2024-09-27,Chicken Curry,Friday,0,9,0,0,31.1,0.0,190,53,38,15,0
2024-09-27,Dosa,Friday,0,9,0,0,31.1,0.0,70,95,67,28,0
2024-09-27,Filter Coffee,Friday,0,9,0,0,31.1,0.0,30,120,94,26,0
2024-09-27,Fried Rice,Friday,0,9,0,0,31.1,0.0,160,71,47,24,0
2024-09-27,Idli,Friday,0,9,0,0,31.1,0.0,50,112,89,23,0
2024-09-27,Lassi,Friday,0,9,0,0,31.1,0.0,60,49,43,6,0
2024-09-27,Meals,Friday,0,9,0,0,31.1,0.0,140,95,89,6,0
2024-09-27,Parotta,Friday,0,9,0,0,31.1,0.0,40,74,61,13,0
2024-09-27,Veg Noodles,Friday,0,9,0,0,31.1,0.0,120,45,36,9,0
2024-09-28,Biryani,Saturday,1,9,0,0,28.5,0.0,220,165,115,50,0
2024-09-28,Chicken Curry,Saturday,1,9,0,0,28.5,0.0,190,54,41,13,0
2024-09-28,Dosa,Saturday,1,9,0,0,28.5,0.0,70,104,80,24,0
2024-09-28,Filter Coffee,Saturday,1,9,0,0,28.5,0.0,30,118,99,19,0
2024-09-28,Fried Rice,Saturday,1,9,0,0,28.5,0.0,160,67,56,11,0
2024-09-28,Idli,Saturday,1,9,0,0,28.5,0.0,50,109,89,20,0
2024-09-28,Lassi,Saturday,1,9,0,0,28.5,0.0,60,52,49,3,0
2024-09-28,Meals,Saturday,1,9,0,0,28.5,0.0,140,106,75,31,0
2024-09-28,Parotta,Saturday,1,9,0,0,28.5,0.0,40,80,74,6,0
2024-09-28,Veg Noodles,Saturday,1,9,0,0,28.5,0.0,120,40,35,5,0
2024-09-29,Biryani,Sunday,1,9,0,0,29.6,0.0,220,184,141,43,0
2024-09-29,Chicken Curry,Sunday,1,9,0,0,29.6,0.0,190,56,45,11,0
2024-09-29,Dosa,Sunday,1,9,0,0,29.6,0.0,70,107,78,29,0
2024-09-29,Filter Coffee,Sunday,1,9,0,0,29.6,0.0,30,131,84,47,0
2024-09-29,Fried Rice,Sunday,1,9,0,0,29.6,0.0,160,80,57,23,0
2024-09-29,Idli,Sunday,1,9,0,0,29.6,0.0,50,92,88,4,0
2024-09-29,Lassi,Sunday,1,9,0,0,29.6,0.0,60,68,49,19,0
2024-09-29,Meals,Sunday,1,9,0,0,29.6,0.0,140,99,74,25,0
2024-09-29,Parotta,Sunday,1,9,0,0,29.6,0.0,40,83,71,12,0
2024-09-29,Veg Noodles,Sunday,1,9,0,0,29.6,0.0,120,46,32,14,0
2024-09-30,Biryani,Monday,0,9,0,0,31.4,0.0,220,134,103,31,0
2024-09-30,Chicken Curry,Monday,0,9,0,0,31.4,0.0,190,43,35,8,0
2024-09-30,Dosa,Monday,0,9,0,0,31.4,0.0,70,90,75,15,0
2024-09-30,Filter Coffee,Monday,0,9,0,0,31.4,0.0,30,132,85,47,0
2024-09-30,Fried Rice,Monday,0,9,0,0,31.4,0.0,160,66,53,13,0
2024-09-30,Idli,Monday,0,9,0,0,31.4,0.0,50,119,87,32,0
2024-09-30,Lassi,Monday,0,9,0,0,31.4,0.0,60,57,49,8,0
2024-09-30,Meals,Monday,0,9,0,0,31.4,0.0,140,83,81,2,0
2024-09-30,Parotta,Monday,0,9,0,0,31.4,0.0,40,77,68,9,0
2024-09-30,Veg Noodles,Monday,0,9,0,0,31.4,0.0,120,44,32,12,0
2024-10-01,Biryani,Tuesday,0,10,0,0,28.7,0.0,220,143,106,37,0
2024-10-01,Chicken Curry,Tuesday,0,10,0,0,28.7,0.0,190,44,34,10,0
2024-10-01,Dosa,Tuesday,0,10,0,0,28.7,0.0,70,92,73,19,0
2024-10-01,Filter Coffee,Tuesday,0,10,0,0,28.7,0.0,30,119,94,25,0
2024-10-01,Fried Rice,Tuesday,0,10,0,0,28.7,0.0,160,58,43,15,0
2024-10-01,Idli,Tuesday,0,10,0,0,28.7,0.0,50,103,71,32,0
2024-10-01,Lassi,Tuesday,0,10,0,0,28.7,0.0,60,60,41,19,0
2024-10-01,Meals,Tuesday,0,10,0,0,28.7,0.0,140,90,69,21,0
2024-10-01,Parotta,Tuesday,0,10,0,0,28.7,0.0,40,72,65,7,0
2024-10-01,Veg Noodles,Tuesday,0,10,0,0,28.7,0.0,120,42,36,6,0
2024-10-02,Biryani,Wednesday,0,10,1,0,28.5,0.0,220,136,136,0,1
2024-10-02,Chicken Curry,Wednesday,0,10,1,0,28.5,0.0,190,46,38,8,0
2024-10-02,Dosa,Wednesday,0,10,1,0,28.5,0.0,70,86,67,19,0
2024-10-02,Filter Coffee,Wednesday,0,10,1,0,28.5,0.0,30,120,120,0,1
2024-10-02,Fried Rice,Wednesday,0,10,1,0,28.5,0.0,160,64,64,0,1
2024-10-02,Idli,Wednesday,0,10,1,0,28.5,0.0,50,96,95,1,0
2024-10-02,Lassi,Wednesday,0,10,1,0,28.5,0.0,60,52,47,5,0
2024-10-02,Meals,Wednesday,0,10,1,0,28.5,0.0,140,88,84,4,0
2024-10-02,Parotta,Wednesday,0,10,1,0,28.5,0.0,40,80,80,0,1
2024-10-02,Veg Noodles,Wednesday,0,10,1,0,28.5,0.0,120,44,35,9,0
2024-10-03,Biryani,Thursday,0,10,0,0,29.7,0.0,220,142,112,30,0
2024-10-03,Chicken Curry,Thursday,0,10,0,0,29.7,0.0,190,48,37,11,0
2024-10-03,Dosa,Thursday,0,10,0,0,29.7,0.0,70,96,72,24,0
2024-10-03,Filter Coffee,Thursday,0,10,0,0,29.7,0.0,30,135,89,46,0
2024-10-03,Fried Rice,Thursday,0,10,0,0,29.7,0.0,160,63,42,21,0
2024-10-03,Idli,Thursday,0,10,0,0,29.7,0.0,50,97,94,3,0
2024-10-03,Lassi,Thursday,0,10,0,0,29.7,0.0,60,55,44,11,0
2024-10-03,Meals,Thursday,0,10,0,0,29.7,0.0,140,101,82,19,0
2024-10-03,Parotta,Thursday,0,10,0,0,29.7,0.0,40,87,69,18,0
2024-10-03,Veg Noodles,Thursday,0,10,0,0,29.7,0.0,120,44,32,12,0
2024-10-04,Biryani,Friday,0,10,0,1,30.4,4.0,220,134,134,0,1
2024-10-04,Chicken Curry,Friday,0,10,0,1,30.4,4.0,190,55,43,12,0
2024-10-04,Dosa,Friday,0,10,0,1,30.4,4.0,70,91,77,14,0
2024-10-04,Filter Coffee,Friday,0,10,0,1,30.4,4.0,30,122,109,13,0
2024-10-04,Fried Rice,Friday,0,10,0,1,30.4,4.0,160,68,47,21,0
2024-10-04,Idli,Friday,0,10,0,1,30.4,4.0,50,105,105,0,1
2024-10-04,Lassi,Friday,0,10,0,1,30.4,4.0,60,53,53,0,1
2024-10-04,Meals,Friday,0,10,0,1,30.4,4.0,140,95,84,11,0
2024-10-04,Parotta,Friday,0,10,0,1,30.4,4.0,40,86,81,5,0
2024-10-04,Veg Noodles,Friday,0,10,0,1,30.4,4.0,120,40,37,3,0
2024-10-05,Biryani,Saturday,1,10,0,0,29.3,0.0,220,168,107,61,0
2024-10-05,Chicken Curry,Saturday,1,10,0,0,29.3,0.0,190,51,38,13,0
2024-10-05,Dosa,Saturday,1,10,0,0,29.3,0.0,70,89,80,9,0
2024-10-05,Filter Coffee,Saturday,1,10,0,0,29.3,0.0,30,137,98,39,0
2024-10-05,Fried Rice,Saturday,1,10,0,0,29.3,0.0,160,66,53,13,0
2024-10-05,Idli,Saturday,1,10,0,0,29.3,0.0,50,92,91,1,0
2024-10-05,Lassi,Saturday,1,10,0,0,29.3,0.0,60,64,48,16,0
2024-10-05,Meals,Saturday,1,10,0,0,29.3,0.0,140,93,68,25,0
2024-10-05,Parotta,Saturday,1,10,0,0,29.3,0.0,40,93,67,26,0
2024-10-05,Veg Noodles,Saturday,1,10,0,0,29.3,0.0,120,41,38,3,0
2024-10-06,Biryani,Sunday,1,10,0,1,30.8,0.0,220,183,155,28,0
2024-10-06,Chicken Curry,Sunday,1,10,0,1,30.8,0.0,190,61,51,10,0
2024-10-06,Dosa,Sunday,1,10,0,1,30.8,0.0,70,85,85,0,1
2024-10-06,Filter Coffee,Sunday,1,10,0,1,30.8,0.0,30,130,103,27,0
2024-10-06,Fried Rice,Sunday,1,10,0,1,30.8,0.0,160,65,58,7,0
2024-10-06,Idli,Sunday,1,10,0,1,30.8,0.0,50,108,87,21,0
2024-10-06,Lassi,Sunday,1,10,0,1,30.8,0.0,60,58,55,3,0
2024-10-06,Meals,Sunday,1,10,0,1,30.8,0.0,140,109,92,17,0
2024-10-06,Parotta,Sunday,1,10,0,1,30.8,0.0,40,83,81,2,0
2024-10-06,Veg Noodles,Sunday,1,10,0,1,30.8,0.0,120,45,40,5,0
2024-10-07,Biryani,Monday,0,10,0,0,30.1,22.4,220,127,107,20,0
2024-10-07,Chicken Curry,Monday,0,10,0,0,30.1,22.4,190,43,37,6,0
2024-10-07,Dosa,Monday,0,10,0,0,30.1,22.4,70,90,74,16,0
2024-10-07,Filter Coffee,Monday,0,10,0,0,30.1,22.4,30,115,106,9,0
2024-10-07,Fried Rice,Monday,0,10,0,0,30.1,22.4,160,56,46,10,0
2024-10-07,Idli,Monday,0,10,0,0,30.1,22.4,50,118,79,39,0
2024-10-07,Lassi,Monday,0,10,0,0,30.1,22.4,60,57,34,23,0
2024-10-07,Meals,Monday,0,10,0,0,30.1,22.4,140,83,72,11,0
2024-10-07,Parotta,Monday,0,10,0,0,30.1,22.4,40,88,65,23,0
2024-10-07,Veg Noodles,Monday,0,10,0,0,30.1,22.4,120,43,29,14,0
2024-10-08,Biryani,Tuesday,0,10,0,0,30.0,6.8,220,137,92,45,0
2024-10-08,Chicken Curry,Tuesday,0,10,0,0,30.0,6.8,190,50,36,14,0
2024-10-08,Dosa,Tuesday,0,10,0,0,30.0,6.8,70,88,68,20,0
2024-10-08,Filter Coffee,Tuesday,0,10,0,0,30.0,6.8,30,114,88,26,0
2024-10-08,Fried Rice,Tuesday,0,10,0,0,30.0,6.8,160,63,47,16,0
2024-10-08,Idli,Tuesday,0,10,0,0,30.0,6.8,50,95,85,10,0
2024-10-08,Lassi,Tuesday,0,10,0,0,30.0,6.8,60,50,44,6,0
2024-10-08,Meals,Tuesday,0,10,0,0,30.0,6.8,140,87,84,3,0
2024-10-08,Parotta,Tuesday,0,10,0,0,30.0,6.8,40,74,57,17,0
2024-10-08,Veg Noodles,Tuesday,0,10,0,0,30.0,6.8,120,40,33,7,0
2024-10-09,Biryani,Wednesday,0,10,0,0,29.6,0.0,220,147,100,47,0
2024-10-09,Chicken Curry,Wednesday,0,10,0,0,29.6,0.0,190,42,31,11,0
2024-10-09,Dosa,Wednesday,0,10,0,0,29.6,0.0,70,95,64,31,0
2024-10-09,Filter Coffee,Wednesday,0,10,0,0,29.6,0.0,30,111,91,20,0
2024-10-09,Fried Rice,Wednesday,0,10,0,0,29.6,0.0,160,65,47,18,0
2024-10-09,Idli,Wednesday,0,10,0,0,29.6,0.0,50,117,85,32,0
2024-10-09,Lassi,Wednesday,0,10,0,0,29.6,0.0,60,49,37,12,0
2024-10-09,Meals,Wednesday,0,10,0,0,29.6,0.0,140,102,70,32,0
2024-10-09,Parotta,Wednesday,0,10,0,0,29.6,0.0,40,77,71,6,0
2024-10-09,Veg Noodles,Wednesday,0,10,0,0,29.6,0.0,120,36,30,6,0
2024-10-10,Biryani,Thursday,0,10,0,0,31.7,0.0,220,127,98,29,0
2024-10-10,Chicken Curry,Thursday,0,10,0,0,31.7,0.0,190,49,39,10,0
2024-10-10,Dosa,Thursday,0,10,0,0,31.7,0.0,70,81,66,15,0
2024-10-10,Filter Coffee,Thursday,0,10,0,0,31.7,0.0,30,131,104,27,0
2024-10-10,Fried Rice,Thursday,0,10,0,0,31.7,0.0,160,65,44,21,0
2024-10-10,Idli,Thursday,0,10,0,0,31.7,0.0,50,121,95,26,0
2024-10-10,Lassi,Thursday,0,10,0,0,31.7,0.0,60,50,45,5,0
2024-10-10,Meals,Thursday,0,10,0,0,31.7,0.0,140,96,80,16,0
2024-10-10,Parotta,Thursday,0,10,0,0,31.7,0.0,40,82,67,15,0
2024-10-10,Veg Noodles,Thursday,0,10,0,0,31.7,0.0,120,43,27,16,0
2024-10-11,Biryani,Friday,0,10,0,0,28.6,0.0,220,153,114,39,0
2024-10-11,Chicken Curry,Friday,0,10,0,0,28.6,0.0,190,46,35,11,0
2024-10-11,Dosa,Friday,0,10,0,0,28.6,0.0,70,97,61,36,0
2024-10-11,Filter Coffee,Friday,0,10,0,0,28.6,0.0,30,116,110,6,0
2024-10-11,Fried Rice,Friday,0,10,0,0,28.6,0.0,160,65,52,13,0
2024-10-11,Idli,Friday,0,10,0,0,28.6,0.0,50,94,85,9,0
2024-10-11,Lassi,Friday,0,10,0,0,28.6,0.0,60,56,41,15,0
2024-10-11,Meals,Friday,0,10,0,0,28.6,0.0,140,103,87,16,0
2024-10-11,Parotta,Friday,0,10,0,0,28.6,0.0,40,93,64,29,0
2024-10-11,Veg Noodles,Friday,0,10,0,0,28.6,0.0,120,37,37,0,1
2024-10-12,Biryani,Saturday,1,10,0,0,26.3,17.2,220,177,139,38,0
2024-10-12,Chicken Curry,Saturday,1,10,0,0,26.3,17.2,190,50,44,6,0
2024-10-12,Dosa,Saturday,1,10,0,0,26.3,17.2,70,82,71,11,0
2024-10-12,Filter Coffee,Saturday,1,10,0,0,26.3,17.2,30,127,114,13,0
2024-10-12,Fried Rice,Saturday,1,10,0,0,26.3,17.2,160,61,52,9,0
2024-10-12,Idli,Saturday,1,10,0,0,26.3,17.2,50,110,85,25,0
2024-10-12,Lassi,Saturday,1,10,0,0,26.3,17.2,60,63,34,29,0
2024-10-12,Meals,Saturday,1,10,0,0,26.3,17.2,140,107,72,35,0
2024-10-12,Parotta,Saturday,1,10,0,0,26.3,17.2,40,100,80,20,0
2024-10-12,Veg Noodles,Saturday,1,10,0,0,26.3,17.2,120,44,37,7,0
2024-10-13,Biryani,Sunday,1,10,0,0,30.6,24.4,220,190,151,39,0
2024-10-13,Chicken Curry,Sunday,1,10,0,0,30.6,24.4,190,59,44,15,0
2024-10-13,Dosa,Sunday,1,10,0,0,30.6,24.4,70,99,69,30,0
2024-10-13,Filter Coffee,Sunday,1,10,0,0,30.6,24.4,30,123,113,10,0
2024-10-13,Fried Rice,Sunday,1,10,0,0,30.6,24.4,160,64,60,4,0
2024-10-13,Idli,Sunday,1,10,0,0,30.6,24.4,50,114,83,31,0
2024-10-13,Lassi,Sunday,1,10,0,0,30.6,24.4,60,69,46,23,0
2024-10-13,Meals,Sunday,1,10,0,0,30.6,24.4,140,112,77,35,0
2024-10-13,Parotta,Sunday,1,10,0,0,30.6,24.4,40,100,73,27,0
2024-10-13,Veg Noodles,Sunday,1,10,0,0,30.6,24.4,120,47,41,6,0
2024-10-14,Biryani,Monday,0,10,0,0,28.0,0.0,220,132,100,32,0
2024-10-14,Chicken Curry,Monday,0,10,0,0,28.0,0.0,190,46,36,10,0
2024-10-14,Dosa,Monday,0,10,0,0,28.0,0.0,70,86,61,25,0
2024-10-14,Filter Coffee,Monday,0,10,0,0,28.0,0.0,30,132,85,47,0
2024-10-14,Fried Rice,Monday,0,10,0,0,28.0,0.0,160,65,47,18,0
2024-10-14,Idli,Monday,0,10,0,0,28.0,0.0,50,116,88,28,0
2024-10-14,Lassi,Monday,0,10,0,0,28.0,0.0,60,56,47,9,0
2024-10-14,Meals,Monday,0,10,0,0,28.0,0.0,140,85,77,8,0
2024-10-14,Parotta,Monday,0,10,0,0,28.0,0.0,40,86,55,31,0
2024-10-14,Veg Noodles,Monday,0,10,0,0,28.0,0.0,120,41,34,7,0
2024-10-15,Biryani,Tuesday,0,10,0,0,28.6,0.0,220,139,111,28,0
2024-10-15,Chicken Curry,Tuesday,0,10,0,0,28.6,0.0,190,47,41,6,0
2024-10-15,Dosa,Tuesday,0,10,0,0,28.6,0.0,70,84,70,14,0
2024-10-15,Filter Coffee,Tuesday,0,10,0,0,28.6,0.0,30,129,90,39,0
2024-10-15,Fried Rice,Tuesday,0,10,0,0,28.6,0.0,160,62,44,18,0
2024-10-15,Idli,Tuesday,0,10,0,0,28.6,0.0,50,108,89,19,0
2024-10-15,Lassi,Tuesday,0,10,0,0,28.6,0.0,60,55,40,15,0
2024-10-15,Meals,Tuesday,0,10,0,0,28.6,0.0,140,102,69,33,0
2024-10-15,Parotta,Tuesday,0,10,0,0,28.6,0.0,40,82,69,13,0
2024-10-15,Veg Noodles,Tuesday,0,10,0,0,28.6,0.0,120,37,34,3,0
2024-10-16,Biryani,Wednesday,0,10,0,0,30.0,0.0,220,152,111,41,0
2024-10-16,Chicken Curry,Wednesday,0,10,0,0,30.0,0.0,190,45,39,6,0
2024-10-16,Dosa,Wednesday,0,10,0,0,30.0,0.0,70,87,72,15,0
2024-10-16,Filter Coffee,Wednesday,0,10,0,0,30.0,0.0,30,109,93,16,0
2024-10-16,Fried Rice,Wednesday,0,10,0,0,30.0,0.0,160,65,42,23,0
2024-10-16,Idli,Wednesday,0,10,0,0,30.0,0.0,50,119,80,39,0
2024-10-16,Lassi,Wednesday,0,10,0,0,30.0,0.0,60,58,45,13,0
2024-10-16,Meals,Wednesday,0,10,0,0,30.0,0.0,140,100,76,24,0
2024-10-16,Parotta,Wednesday,0,10,0,0,30.0,0.0,40,85,57,28,0
2024-10-16,Veg Noodles,Wednesday,0,10,0,0,30.0,0.0,120,43,33,10,0
2024-10-17,Biryani,Thursday,0,10,0,0,26.4,0.0,220,138,111,27,0
2024-10-17,Chicken Curry,Thursday,0,10,0,0,26.4,0.0,190,53,41,12,0
2024-10-17,Dosa,Thursday,0,10,0,0,26.4,0.0,70,82,69,13,0
2024-10-17,Filter Coffee,Thursday,0,10,0,0,26.4,0.0,30,117,117,0,1
2024-10-17,Fried Rice,Thursday,0,10,0,0,26.4,0.0,160,56,48,8,0
2024-10-17,Idli,Thursday,0,10,0,0,26.4,0.0,50,114,79,35,0
2024-10-17,Lassi,Thursday,0,10,0,0,26.4,0.0,60,48,46,2,0
2024-10-17,Meals,Thursday,0,10,0,0,26.4,0.0,140,88,73,15,0
2024-10-17,Parotta,Thursday,0,10,0,0,26.4,0.0,40,74,63,11,0
2024-10-17,Veg Noodles,Thursday,0,10,0,0,26.4,0.0,120,44,32,12,0
2024-10-18,Biryani,Friday,0,10,0,1,26.8,0.0,220,131,131,0,1
2024-10-18,Chicken Curry,Friday,0,10,0,1,26.8,0.0,190,47,45,2,0
2024-10-18,Dosa,Friday,0,10,0,1,26.8,0.0,70,83,76,7,0
2024-10-18,Filter Coffee,Friday,0,10,0,1,26.8,0.0,30,123,109,14,0
2024-10-18,Fried Rice,Friday,0,10,0,1,26.8,0.0,160,62,51,11,0
2024-10-18,Idli,Friday,0,10,0,1,26.8,0.0,50,101,101,0,1
2024-10-18,Lassi,Friday,0,10,0,1,26.8,0.0,60,60,47,13,0
2024-10-18,Meals,Friday,0,10,0,1,26.8,0.0,140,107,83,24,0
2024-10-18,Parotta,Friday,0,10,0,1,26.8,0.0,40,79,75,4,0
2024-10-18,Veg Noodles,Friday,0,10,0,1,26.8,0.0,120,44,39,5,0
2024-10-19,Biryani,Saturday,1,10,0,0,26.3,0.0,220,141,130,11,0
2024-10-19,Chicken Curry,Saturday,1,10,0,0,26.3,0.0,190,55,44,11,0
2024-10-19,Dosa,Saturday,1,10,0,0,26.3,0.0,70,101,68,33,0
2024-10-19,Filter Coffee,Saturday,1,10,0,0,26.3,0.0,30,131,107,24,0
2024-10-19,Fried Rice,Saturday,1,10,0,0,26.3,0.0,160,75,49,26,0
2024-10-19,Idli,Saturday,1,10,0,0,26.3,0.0,50,97,72,25,0
2024-10-19,Lassi,Saturday,1,10,0,0,26.3,0.0,60,62,39,23,0
2024-10-19,Meals,Saturday,1,10,0,0,26.3,0.0,140,96,78,18,0
2024-10-19,Parotta,Saturday,1,10,0,0,26.3,0.0,40,100,72,28,0
2024-10-19,Veg Noodles,Saturday,1,10,0,0,26.3,0.0,120,50,34,16,0
2024-10-20,Biryani,Sunday,1,10,0,0,27.2,0.0,220,187,158,29,0
2024-10-20,Chicken Curry,Sunday,1,10,0,0,27.2,0.0,190,64,40,24,0
2024-10-20,Dosa,Sunday,1,10,0,0,27.2,0.0,70,91,74,17,0
2024-10-20,Filter Coffee,Sunday,1,10,0,0,27.2,0.0,30,128,102,26,0
2024-10-20,Fried Rice,Sunday,1,10,0,0,27.2,0.0,160,67,60,7,0
2024-10-20,Idli,Sunday,1,10,0,0,27.2,0.0,50,102,91,11,0
2024-10-20,Lassi,Sunday,1,10,0,0,27.2,0.0,60,62,45,17,0
2024-10-20,Meals,Sunday,1,10,0,0,27.2,0.0,140,111,80,31,0
2024-10-20,Parotta,Sunday,1,10,0,0,27.2,0.0,40,105,79,26,0
2024-10-20,Veg Noodles,Sunday,1,10,0,0,27.2,0.0,120,44,34,10,0
2024-10-21,Biryani,Monday,0,10,0,0,28.6,0.0,220,133,116,17,0
2024-10-21,Chicken Curry,Monday,0,10,0,0,28.6,0.0,190,49,36,13,0
2024-10-21,Dosa,Monday,0,10,0,0,28.6,0.0,70,93,65,28,0
2024-10-21,Filter Coffee,Monday,0,10,0,0,28.6,0.0,30,123,100,23,0
2024-10-21,Fried Rice,Monday,0,10,0,0,28.6,0.0,160,54,42,12,0
2024-10-21,Idli,Monday,0,10,0,0,28.6,0.0,50,105,73,32,0
2024-10-21,Lassi,Monday,0,10,0,0,28.6,0.0,60,48,42,6,0
2024-10-21,Meals,Monday,0,10,0,0,28.6,0.0,140,97,75,22,0
2024-10-21,Parotta,Monday,0,10,0,0,28.6,0.0,40,78,67,11,0
2024-10-21,Veg Noodles,Monday,0,10,0,0,28.6,0.0,120,37,31,6,0
2024-10-22,Biryani,Tuesday,0,10,0,0,28.6,0.0,220,127,98,29,0
2024-10-22,Chicken Curry,Tuesday,0,10,0,0,28.6,0.0,190,45,37,8,0
2024-10-22,Dosa,Tuesday,0,10,0,0,28.6,0.0,70,93,69,24,0
2024-10-22,Filter Coffee,Tuesday,0,10,0,0,28.6,0.0,30,131,97,34,0
2024-10-22,Fried Rice,Tuesday,0,10,0,0,28.6,0.0,160,63,54,9,0
2024-10-22,Idli,Tuesday,0,10,0,0,28.6,0.0,50,104,81,23,0
2024-10-22,Lassi,Tuesday,0,10,0,0,28.6,0.0,60,50,45,5,0
2024-10-22,Meals,Tuesday,0,10,0,0,28.6,0.0,140,96,71,25,0
2024-10-22,Parotta,Tuesday,0,10,0,0,28.6,0.0,40,76,67,9,0
2024-10-22,Veg Noodles,Tuesday,0,10,0,0,28.6,0.0,120,36,35,1,0
2024-10-23,Biryani,Wednesday,0,10,0,0,28.2,9.5,220,130,112,18,0
2024-10-23,Chicken Curry,Wednesday,0,10,0,0,28.2,9.5,190,48,41,7,0
2024-10-23,Dosa,Wednesday,0,10,0,0,28.2,9.5,70,78,62,16,0
2024-10-23,Filter Coffee,Wednesday,0,10,0,0,28.2,9.5,30,120,92,28,0
2024-10-23,Fried Rice,Wednesday,0,10,0,0,28.2,9.5,160,62,48,14,0
2024-10-23,Idli,Wednesday,0,10,0,0,28.2,9.5,50,100,94,6,0
2024-10-23,Lassi,Wednesday,0,10,0,0,28.2,9.5,60,52,43,9,0
2024-10-23,Meals,Wednesday,0,10,0,0,28.2,9.5,140,87,71,16,0
2024-10-23,Parotta,Wednesday,0,10,0,0,28.2,9.5,40,76,61,15,0
2024-10-23,Veg Noodles,Wednesday,0,10,0,0,28.2,9.5,120,43,29,14,0
2024-10-24,Biryani,Thursday,0,10,0,1,26.1,5.2,220,144,128,16,0
2024-10-24,Chicken Curry,Thursday,0,10,0,1,26.1,5.2,190,43,41,2,0
2024-10-24,Dosa,Thursday,0,10,0,1,26.1,5.2,70,96,83,13,0
2024-10-24,Filter Coffee,Thursday,0,10,0,1,26.1,5.2,30,109,93,16,0
2024-10-24,Fried Rice,Thursday,0,10,0,1,26.1,5.2,160,68,54,14,0
2024-10-24,Idli,Thursday,0,10,0,1,26.1,5.2,50,118,97,21,0
2024-10-24,Lassi,Thursday,0,10,0,1,26.1,5.2,60,60,33,27,0
2024-10-24,Meals,Thursday,0,10,0,1,26.1,5.2,140,105,83,22,0
2024-10-24,Parotta,Thursday,0,10,0,1,26.1,5.2,40,81,74,7,0
2024-10-24,Veg Noodles,Thursday,0,10,0,1,26.1,5.2,120,37,33,4,0
2024-10-25,Biryani,Friday,0,10,0,0,25.0,0.0,220,143,119,24,0
2024-10-25,Chicken Curry,Friday,0,10,0,0,25.0,0.0,190,51,40,11,0
2024-10-25,Dosa,Friday,0,10,0,0,25.0,0.0,70,97,68,29,0
2024-10-25,Filter Coffee,Friday,0,10,0,0,25.0,0.0,30,133,114,19,0
2024-10-25,Fried Rice,Friday,0,10,0,0,25.0,0.0,160,70,47,23,0
2024-10-25,Idli,Friday,0,10,0,0,25.0,0.0,50,112,76,36,0
2024-10-25,Lassi,Friday,0,10,0,0,25.0,0.0,60,58,35,23,0
2024-10-25,Meals,Friday,0,10,0,0,25.0,0.0,140,98,76,22,0
2024-10-25,Parotta,Friday,0,10,0,0,25.0,0.0,40,79,59,20,0
2024-10-25,Veg Noodles,Friday,0,10,0,0,25.0,0.0,120,47,35,12,0
2024-10-26,Biryani,Saturday,1,10,0,0,27.7,0.0,220,174,138,36,0
2024-10-26,Chicken Curry,Saturday,1,10,0,0,27.7,0.0,190,53,43,10,0
2024-10-26,Dosa,Saturday,1,10,0,0,27.7,0.0,70,101,76,25,0
2024-10-26,Filter Coffee,Saturday,1,10,0,0,27.7,0.0,30,123,94,29,0
2024-10-26,Fried Rice,Saturday,1,10,0,0,27.7,0.0,160,73,57,16,0
2024-10-26,Idli,Saturday,1,10,0,0,27.7,0.0,50,100,85,15,0
2024-10-26,Lassi,Saturday,1,10,0,0,27.7,0.0,60,59,42,17,0
2024-10-26,Meals,Saturday,1,10,0,0,27.7,0.0,140,87,75,12,0
2024-10-26,Parotta,Saturday,1,10,0,0,27.7,0.0,40,92,79,13,0
2024-10-26,Veg Noodles,Saturday,1,10,0,0,27.7,0.0,120,46,34,12,0
2024-10-27,Biryani,Sunday,1,10,0,0,27.0,0.0,220,185,140,45,0
2024-10-27,Chicken Curry,Sunday,1,10,0,0,27.0,0.0,190,62,51,11,0
2024-10-27,Dosa,Sunday,1,10,0,0,27.0,0.0,70,105,82,23,0
2024-10-27,Filter Coffee,Sunday,1,10,0,0,27.0,0.0,30,131,86,45,0
2024-10-27,Fried Rice,Sunday,1,10,0,0,27.0,0.0,160,64,58,6,0
2024-10-27,Idli,Sunday,1,10,0,0,27.0,0.0,50,95,80,15,0
2024-10-27,Lassi,Sunday,1,10,0,0,27.0,0.0,60,61,40,21,0
2024-10-27,Meals,Sunday,1,10,0,0,27.0,0.0,140,89,81,8,0
2024-10-27,Parotta,Sunday,1,10,0,0,27.0,0.0,40,84,66,18,0
2024-10-27,Veg Noodles,Sunday,1,10,0,0,27.0,0.0,120,51,39,12,0
2024-10-28,Biryani,Monday,0,10,0,1,28.1,3.2,220,152,121,31,0
2024-10-28,Chicken Curry,Monday,0,10,0,1,28.1,3.2,190,52,41,11,0
2024-10-28,Dosa,Monday,0,10,0,1,28.1,3.2,70,90,80,10,0
2024-10-28,Filter Coffee,Monday,0,10,0,1,28.1,3.2,30,119,115,4,0
2024-10-28,Fried Rice,Monday,0,10,0,1,28.1,3.2,160,61,51,10,0
2024-10-28,Idli,Monday,0,10,0,1,28.1,3.2,50,99,94,5,0
2024-10-28,Lassi,Monday,0,10,0,1,28.1,3.2,60,58,33,25,0
2024-10-28,Meals,Monday,0,10,0,1,28.1,3.2,140,101,72,29,0
2024-10-28,Parotta,Monday,0,10,0,1,28.1,3.2,40,73,70,3,0
2024-10-28,Veg Noodles,Monday,0,10,0,1,28.1,3.2,120,40,39,1,0
2024-10-29,Biryani,Tuesday,0,10,0,0,28.3,0.0,220,149,108,41,0
2024-10-29,Chicken Curry,Tuesday,0,10,0,0,28.3,0.0,190,44,40,4,0
2024-10-29,Dosa,Tuesday,0,10,0,0,28.3,0.0,70,99,74,25,0
2024-10-29,Filter Coffee,Tuesday,0,10,0,0,28.3,0.0,30,125,101,24,0
2024-10-29,Fried Rice,Tuesday,0,10,0,0,28.3,0.0,160,67,49,18,0
2024-10-29,Idli,Tuesday,0,10,0,0,28.3,0.0,50,98,81,17,0
2024-10-29,Lassi,Tuesday,0,10,0,0,28.3,0.0,60,52,38,14,0
2024-10-29,Meals,Tuesday,0,10,0,0,28.3,0.0,140,87,70,17,0
2024-10-29,Parotta,Tuesday,0,10,0,0,28.3,0.0,40,77,57,20,0
2024-10-29,Veg Noodles,Tuesday,0,10,0,0,28.3,0.0,120,43,33,10,0
2024-10-30,Biryani,Wednesday,0,10,0,0,27.5,10.9,220,127,89,38,0
2024-10-30,Chicken Curry,Wednesday,0,10,0,0,27.5,10.9,190,43,33,10,0
2024-10-30,Dosa,Wednesday,0,10,0,0,27.5,10.9,70,81,59,22,0
2024-10-30,Filter Coffee,Wednesday,0,10,0,0,27.5,10.9,30,117,110,7,0
2024-10-30,Fried Rice,Wednesday,0,10,0,0,27.5,10.9,160,60,42,18,0
2024-10-30,Idli,Wednesday,0,10,0,0,27.5,10.9,50,112,87,25,0
2024-10-30,Lassi,Wednesday,0,10,0,0,27.5,10.9,60,49,38,11,0
2024-10-30,Meals,Wednesday,0,10,0,0,27.5,10.9,140,97,73,24,0
2024-10-30,Parotta,Wednesday,0,10,0,0,27.5,10.9,40,87,62,25,0
2024-10-30,Veg Noodles,Wednesday,0,10,0,0,27.5,10.9,120,40,30,10,0
2024-10-31,Biryani,Thursday,0,10,1,0,28.2,0.0,220,141,125,16,0
2024-10-31,Chicken Curry,Thursday,0,10,1,0,28.2,0.0,190,46,39,7,0
2024-10-31,Dosa,Thursday,0,10,1,0,28.2,0.0,70,79,78,1,0
2024-10-31,Filter Coffee,Thursday,0,10,1,0,28.2,0.0,30,119,119,0,1
2024-10-31,Fried Rice,Thursday,0,10,1,0,28.2,0.0,160,68,50,18,0
2024-10-31,Idli,Thursday,0,10,1,0,28.2,0.0,50,98,96,2,0
2024-10-31,Lassi,Thursday,0,10,1,0,28.2,0.0,60,57,45,12,0
2024-10-31,Meals,Thursday,0,10,1,0,28.2,0.0,140,99,82,17,0
2024-10-31,Parotta,Thursday,0,10,1,0,28.2,0.0,40,78,75,3,0
2024-10-31,Veg Noodles,Thursday,0,10,1,0,28.2,0.0,120,41,41,0,1
2024-11-01,Biryani,Friday,0,11,0,0,27.5,0.0,220,128,108,20,0
2024-11-01,Chicken Curry,Friday,0,11,0,0,27.5,0.0,190,50,33,17,0
2024-11-01,Dosa,Friday,0,11,0,0,27.5,0.0,70,95,77,18,0
2024-11-01,Filter Coffee,Friday,0,11,0,0,27.5,0.0,30,111,92,19,0
2024-11-01,Fried Rice,Friday,0,11,0,0,27.5,0.0,160,66,46,20,0
2024-11-01,Idli,Friday,0,11,0,0,27.5,0.0,50,119,102,17,0
2024-11-01,Lassi,Friday,0,11,0,0,27.5,0.0,60,54,37,17,0
2024-11-01,Meals,Friday,0,11,0,0,27.5,0.0,140,91,86,5,0
2024-11-01,Parotta,Friday,0,11,0,0,27.5,0.0,40,84,63,21,0
2024-11-01,Veg Noodles,Friday,0,11,0,0,27.5,0.0,120,45,35,10,0
2024-11-02,Biryani,Saturday,1,11,0,0,27.8,0.0,220,179,115,64,0
2024-11-02,Chicken Curry,Saturday,1,11,0,0,27.8,0.0,190,53,45,8,0
2024-11-02,Dosa,Saturday,1,11,0,0,27.8,0.0,70,89,77,12,0
2024-11-02,Filter Coffee,Saturday,1,11,0,0,27.8,0.0,30,129,92,37,0
2024-11-02,Fried Rice,Saturday,1,11,0,0,27.8,0.0,160,62,55,7,0
2024-11-02,Idli,Saturday,1,11,0,0,27.8,0.0,50,99,80,19,0
2024-11-02,Lassi,Saturday,1,11,0,0,27.8,0.0,60,56,43,13,0
2024-11-02,Meals,Saturday,1,11,0,0,27.8,0.0,140,101,78,23,0
2024-11-02,Parotta,Saturday,1,11,0,0,27.8,0.0,40,93,77,16,0
2024-11-02,Veg Noodles,Saturday,1,11,0,0,27.8,0.0,120,42,35,7,0
2024-11-03,Biryani,Sunday,1,11,0,0,26.2,0.0,220,164,156,8,0
2024-11-03,Chicken Curry,Sunday,1,11,0,0,26.2,0.0,190,61,49,12,0
2024-11-03,Dosa,Sunday,1,11,0,0,26.2,0.0,70,100,89,11,0
2024-11-03,Filter Coffee,Sunday,1,11,0,0,26.2,0.0,30,116,98,18,0
2024-11-03,Fried Rice,Sunday,1,11,0,0,26.2,0.0,160,73,58,15,0
2024-11-03,Idli,Sunday,1,11,0,0,26.2,0.0,50,90,78,12,0
2024-11-03,Lassi,Sunday,1,11,0,0,26.2,0.0,60,61,44,17,0
2024-11-03,Meals,Sunday,1,11,0,0,26.2,0.0,140,95,81,14,0
2024-11-03,Parotta,Sunday,1,11,0,0,26.2,0.0,40,101,75,26,0
2024-11-03,Veg Noodles,Sunday,1,11,0,0,26.2,0.0,120,52,37,15,0
2024-11-04,Biryani,Monday,0,11,0,0,26.8,9.2,220,141,110,31,0
2024-11-04,Chicken Curry,Monday,0,11,0,0,26.8,9.2,190,48,41,7,0
2024-11-04,Dosa,Monday,0,11,0,0,26.8,9.2,70,86,80,6,0
2024-11-04,Filter Coffee,Monday,0,11,0,0,26.8,9.2,30,116,111,5,0
2024-11-04,Fried Rice,Monday,0,11,0,0,26.8,9.2,160,64,52,12,0
2024-11-04,Idli,Monday,0,11,0,0,26.8,9.2,50,118,83,35,0
2024-11-04,Lassi,Monday,0,11,0,0,26.8,9.2,60,51,36,15,0
2024-11-04,Meals,Monday,0,11,0,0,26.8,9.2,140,106,72,34,0
2024-11-04,Parotta,Monday,0,11,0,0,26.8,9.2,40,78,63,15,0
2024-11-04,Veg Noodles,Monday,0,11,0,0,26.8,9.2,120,43,33,10,0
2024-11-05,Biryani,Tuesday,0,11,0,0,27.2,8.4,220,148,105,43,0
2024-11-05,Chicken Curry,Tuesday,0,11,0,0,27.2,8.4,190,53,36,17,0
2024-11-05,Dosa,Tuesday,0,11,0,0,27.2,8.4,70,85,72,13,0
2024-11-05,Filter Coffee,Tuesday,0,11,0,0,27.2,8.4,30,118,87,31,0
2024-11-05,Fried Rice,Tuesday,0,11,0,0,27.2,8.4,160,55,44,11,0
2024-11-05,Idli,Tuesday,0,11,0,0,27.2,8.4,50,105,100,5,0
2024-11-05,Lassi,Tuesday,0,11,0,0,27.2,8.4,60,60,42,18,0
2024-11-05,Meals,Tuesday,0,11,0,0,27.2,8.4,140,104,75,29,0
2024-11-05,Parotta,Tuesday,0,11,0,0,27.2,8.4,40,86,64,22,0
2024-11-05,Veg Noodles,Tuesday,0,11,0,0,27.2,8.4,120,43,31,12,0
2024-11-06,Biryani,Wednesday,0,11,0,0,27.9,0.0,220,124,102,22,0
2024-11-06,Chicken Curry,Wednesday,0,11,0,0,27.9,0.0,190,46,36,10,0
2024-11-06,Dosa,Wednesday,0,11,0,0,27.9,0.0,70,97,68,29,0
2024-11-06,Filter Coffee,Wednesday,0,11,0,0,27.9,0.0,30,120,99,21,0
2024-11-06,Fried Rice,Wednesday,0,11,0,0,27.9,0.0,160,59,50,9,0
2024-11-06,Idli,Wednesday,0,11,0,0,27.9,0.0,50,104,75,29,0
2024-11-06,Lassi,Wednesday,0,11,0,0,27.9,0.0,60,59,40,19,0
2024-11-06,Meals,Wednesday,0,11,0,0,27.9,0.0,140,90,68,22,0
2024-11-06,Parotta,Wednesday,0,11,0,0,27.9,0.0,40,77,70,7,0
2024-11-06,Veg Noodles,Wednesday,0,11,0,0,27.9,0.0,120,38,28,10,0
2024-11-07,Biryani,Thursday,0,11,0,0,26.3,0.0,220,148,111,37,0
2024-11-07,Chicken Curry,Thursday,0,11,0,0,26.3,0.0,190,43,37,6,0
2024-11-07,Dosa,Thursday,0,11,0,0,26.3,0.0,70,80,64,16,0
2024-11-07,Filter Coffee,Thursday,0,11,0,0,26.3,0.0,30,125,108,17,0
2024-11-07,Fried Rice,Thursday,0,11,0,0,26.3,0.0,160,64,48,16,0
2024-11-07,Idli,Thursday,0,11,0,0,26.3,0.0,50,98,88,10,0
2024-11-07,Lassi,Thursday,0,11,0,0,26.3,0.0,60,61,35,26,0
2024-11-07,Meals,Thursday,0,11,0,0,26.3,0.0,140,96,74,22,0
2024-11-07,Parotta,Thursday,0,11,0,0,26.3,0.0,40,84,69,15,0
2024-11-07,Veg Noodles,Thursday,0,11,0,0,26.3,0.0,120,37,34,3,0
2024-11-08,Biryani,Friday,0,11,0,0,27.4,0.0,220,127,124,3,0
2024-11-08,Chicken Curry,Friday,0,11,0,0,27.4,0.0,190,48,44,4,0
2024-11-08,Dosa,Friday,0,11,0,0,27.4,0.0,70,83,68,15,0
2024-11-08,Filter Coffee,Friday,0,11,0,0,27.4,0.0,30,128,107,21,0
2024-11-08,Fried Rice,Friday,0,11,0,0,27.4,0.0,160,58,47,11,0
2024-11-08,Idli,Friday,0,11,0,0,27.4,0.0,50,111,83,28,0
2024-11-08,Lassi,Friday,0,11,0,0,27.4,0.0,60,62,37,25,0
2024-11-08,Meals,Friday,0,11,0,0,27.4,0.0,140,97,70,27,0
2024-11-08,Parotta,Friday,0,11,0,0,27.4,0.0,40,83,61,22,0
2024-11-08,Veg Noodles,Friday,0,11,0,0,27.4,0.0,120,38,35,3,0
2024-11-09,Biryani,Saturday,1,11,0,0,26.4,3.5,220,158,118,40,0
2024-11-09,Chicken Curry,Saturday,1,11,0,0,26.4,3.5,190,56,49,7,0
2024-11-09,Dosa,Saturday,1,11,0,0,26.4,3.5,70,98,72,26,0
2024-11-09,Filter Coffee,Saturday,1,11,0,0,26.4,3.5,30,128,108,20,0
2024-11-09,Fried Rice,Saturday,1,11,0,0,26.4,3.5,160,66,56,10,0
2024-11-09,Idli,Saturday,1,11,0,0,26.4,3.5,50,101,74,27,0
2024-11-09,Lassi,Saturday,1,11,0,0,26.4,3.5,60,56,40,16,0
2024-11-09,Meals,Saturday,1,11,0,0,26.4,3.5,140,110,76,34,0
2024-11-09,Parotta,Saturday,1,11,0,0,26.4,3.5,40,99,67,32,0
2024-11-09,Veg Noodles,Saturday,1,11,0,0,26.4,3.5,120,46,29,17,0
2024-11-10,Biryani,Sunday,1,11,0,0,26.5,10.4,220,174,136,38,0
2024-11-10,Chicken Curry,Sunday,1,11,0,0,26.5,10.4,190,55,50,5,0
2024-11-10,Dosa,Sunday,1,11,0,0,26.5,10.4,70,104,74,30,0
2024-11-10,Filter Coffee,Sunday,1,11,0,0,26.5,10.4,30,120,114,6,0
2024-11-10,Fried Rice,Sunday,1,11,0,0,26.5,10.4,160,77,57,20,0
2024-11-10,Idli,Sunday,1,11,0,0,26.5,10.4,50,110,77,33,0
2024-11-10,Lassi,Sunday,1,11,0,0,26.5,10.4,60,60,45,15,0
2024-11-10,Meals,Sunday,1,11,0,0,26.5,10.4,140,99,65,34,0
2024-11-10,Parotta,Sunday,1,11,0,0,26.5,10.4,40,106,79,27,0
2024-11-10,Veg Noodles,Sunday,1,11,0,0,26.5,10.4,120,43,38,5,0
2024-11-11,Biryani,Monday,0,11,0,0,27.5,4.9,220,132,114,18,0
2024-11-11,Chicken Curry,Monday,0,11,0,0,27.5,4.9,190,45,39,6,0
2024-11-11,Dosa,Monday,0,11,0,0,27.5,4.9,70,96,65,31,0
2024-11-11,Filter Coffee,Monday,0,11,0,0,27.5,4.9,30,122,81,41,0
2024-11-11,Fried Rice,Monday,0,11,0,0,27.5,4.9,160,65,46,19,0
2024-11-11,Idli,Monday,0,11,0,0,27.5,4.9,50,112,89,23,0
2024-11-11,Lassi,Monday,0,11,0,0,27.5,4.9,60,57,36,21,0
2024-11-11,Meals,Monday,0,11,0,0,27.5,4.9,140,97,68,29,0
2024-11-11,Parotta,Monday,0,11,0,0,27.5,4.9,40,87,66,21,0
2024-11-11,Veg Noodles,Monday,0,11,0,0,27.5,4.9,120,46,37,9,0
2024-11-12,Biryani,Tuesday,0,11,0,0,24.1,4.7,220,139,93,46,0
2024-11-12,Chicken Curry,Tuesday,0,11,0,0,24.1,4.7,190,46,42,4,0
2024-11-12,Dosa,Tuesday,0,11,0,0,24.1,4.7,70,82,72,10,0
2024-11-12,Filter Coffee,Tuesday,0,11,0,0,24.1,4.7,30,111,111,0,1
2024-11-12,Fried Rice,Tuesday,0,11,0,0,24.1,4.7,160,61,49,12,0
2024-11-12,Idli,Tuesday,0,11,0,0,24.1,4.7,50,119,81,38,0
2024-11-12,Lassi,Tuesday,0,11,0,0,24.1,4.7,60,48,36,12,0
2024-11-12,Meals,Tuesday,0,11,0,0,24.1,4.7,140,105,85,20,0
2024-11-12,Parotta,Tuesday,0,11,0,0,24.1,4.7,40,90,60,30,0
2024-11-12,Veg Noodles,Tuesday,0,11,0,0,24.1,4.7,120,45,30,15,0
2024-11-13,Biryani,Wednesday,0,11,0,0,24.9,38.3,220,150,100,50,0
2024-11-13,Chicken Curry,Wednesday,0,11,0,0,24.9,38.3,190,50,38,12,0
2024-11-13,Dosa,Wednesday,0,11,0,0,24.9,38.3,70,97,83,14,0
2024-11-13,Filter Coffee,Wednesday,0,11,0,0,24.9,38.3,30,123,121,2,0
2024-11-13,Fried Rice,Wednesday,0,11,0,0,24.9,38.3,160,68,46,22,0
2024-11-13,Idli,Wednesday,0,11,0,0,24.9,38.3,50,112,95,17,0
2024-11-13,Lassi,Wednesday,0,11,0,0,24.9,38.3,60,61,31,30,0
2024-11-13,Meals,Wednesday,0,11,0,0,24.9,38.3,140,87,80,7,0
2024-11-13,Parotta,Wednesday,0,11,0,0,24.9,38.3,40,74,73,1,0
2024-11-13,Veg Noodles,Wednesday,0,11,0,0,24.9,38.3,120,36,31,5,0
2024-11-14,Biryani,Thursday,0,11,0,0,24.6,0.0,220,130,105,25,0
2024-11-14,Chicken Curry,Thursday,0,11,0,0,24.6,0.0,190,53,37,16,0
2024-11-14,Dosa,Thursday,0,11,0,0,24.6,0.0,70,91,75,16,0
2024-11-14,Filter Coffee,Thursday,0,11,0,0,24.6,0.0,30,134,115,19,0
2024-11-14,Fried Rice,Thursday,0,11,0,0,24.6,0.0,160,68,48,20,0
2024-11-14,Idli,Thursday,0,11,0,0,24.6,0.0,50,116,99,17,0
2024-11-14,Lassi,Thursday,0,11,0,0,24.6,0.0,60,48,42,6,0
2024-11-14,Meals,Thursday,0,11,0,0,24.6,0.0,140,96,83,13,0
2024-11-14,Parotta,Thursday,0,11,0,0,24.6,0.0,40,85,60,25,0
2024-11-14,Veg Noodles,Thursday,0,11,0,0,24.6,0.0,120,43,32,11,0
2024-11-15,Biryani,Friday,0,11,0,0,23.5,0.0,220,148,116,32,0
2024-11-15,Chicken Curry,Friday,0,11,0,0,23.5,0.0,190,48,40,8,0
2024-11-15,Dosa,Friday,0,11,0,0,23.5,0.0,70,98,70,28,0
2024-11-15,Filter Coffee,Friday,0,11,0,0,23.5,0.0,30,121,95,26,0
2024-11-15,Fried Rice,Friday,0,11,0,0,23.5,0.0,160,64,50,14,0
2024-11-15,Idli,Friday,0,11,0,0,23.5,0.0,50,112,86,26,0
2024-11-15,Lassi,Friday,0,11,0,0,23.5,0.0,60,56,36,20,0
2024-11-15,Meals,Friday,0,11,0,0,23.5,0.0,140,87,85,2,0
2024-11-15,Parotta,Friday,0,11,0,0,23.5,0.0,40,78,74,4,0
2024-11-15,Veg Noodles,Friday,0,11,0,0,23.5,0.0,120,40,39,1,0
2024-11-16,Biryani,Saturday,1,11,0,0,25.4,13.3,220,175,120,55,0
2024-11-16,Chicken Curry,Saturday,1,11,0,0,25.4,13.3,190,50,40,10,0
2024-11-16,Dosa,Saturday,1,11,0,0,25.4,13.3,70,84,81,3,0
2024-11-16,Filter Coffee,Saturday,1,11,0,0,25.4,13.3,30,136,93,43,0
2024-11-16,Fried Rice,Saturday,1,11,0,0,25.4,13.3,160,63,48,15,0
2024-11-16,Idli,Saturday,1,11,0,0,25.4,13.3,50,103,76,27,0
2024-11-16,Lassi,Saturday,1,11,0,0,25.4,13.3,60,61,36,25,0
2024-11-16,Meals,Saturday,1,11,0,0,25.4,13.3,140,102,82,20,0
2024-11-16,Parotta,Saturday,1,11,0,0,25.4,13.3,40,85,75,10,0
2024-11-16,Veg Noodles,Saturday,1,11,0,0,25.4,13.3,120,43,38,5,0
2024-11-17,Biryani,Sunday,1,11,0,0,27.1,21.6,220,187,134,53,0
2024-11-17,Chicken Curry,Sunday,1,11,0,0,27.1,21.6,190,58,47,11,0
2024-11-17,Dosa,Sunday,1,11,0,0,27.1,21.6,70,94,80,14,0
2024-11-17,Filter Coffee,Sunday,1,11,0,0,27.1,21.6,30,112,112,0,1
2024-11-17,Fried Rice,Sunday,1,11,0,0,27.1,21.6,160,78,57,21,0
2024-11-17,Idli,Sunday,1,11,0,0,27.1,21.6,50,107,78,29,0
2024-11-17,Lassi,Sunday,1,11,0,0,27.1,21.6,60,68,43,25,0
2024-11-17,Meals,Sunday,1,11,0,0,27.1,21.6,140,98,77,21,0
2024-11-17,Parotta,Sunday,1,11,0,0,27.1,21.6,40,95,71,24,0
2024-11-17,Veg Noodles,Sunday,1,11,0,0,27.1,21.6,120,44,34,10,0
2024-11-18,Biryani,Monday,0,11,0,0,25.8,47.5,220,121,115,6,0
2024-11-18,Chicken Curry,Monday,0,11,0,0,25.8,47.5,190,46,36,10,0
2024-11-18,Dosa,Monday,0,11,0,0,25.8,47.5,70,89,73,16,0
2024-11-18,Filter Coffee,Monday,0,11,0,0,25.8,47.5,30,130,111,19,0
2024-11-18,Fried Rice,Monday,0,11,0,0,25.8,47.5,160,57,43,14,0
2024-11-18,Idli,Monday,0,11,0,0,25.8,47.5,50,113,92,21,0
2024-11-18,Lassi,Monday,0,11,0,0,25.8,47.5,60,56,33,23,0
2024-11-18,Meals,Monday,0,11,0,0,25.8,47.5,140,106,69,37,0
2024-11-18,Parotta,Monday,0,11,0,0,25.8,47.5,40,87,67,20,0
2024-11-18,Veg Noodles,Monday,0,11,0,0,25.8,47.5,120,44,32,12,0
2024-11-19,Biryani,Tuesday,0,11,0,0,26.3,0.0,220,151,105,46,0
2024-11-19,Chicken Curry,Tuesday,0,11,0,0,26.3,0.0,190,53,41,12,0
2024-11-19,Dosa,Tuesday,0,11,0,0,26.3,0.0,70,90,69,21,0
2024-11-19,Filter Coffee,Tuesday,0,11,0,0,26.3,0.0,30,129,98,31,0
2024-11-19,Fried Rice,Tuesday,0,11,0,0,26.3,0.0,160,66,45,21,0
2024-11-19,Idli,Tuesday,0,11,0,0,26.3,0.0,50,96,84,12,0
2024-11-19,Lassi,Tuesday,0,11,0,0,26.3,0.0,60,56,37,19,0
2024-11-19,Meals,Tuesday,0,11,0,0,26.3,0.0,140,93,82,11,0
2024-11-19,Parotta,Tuesday,0,11,0,0,26.3,0.0,40,86,61,25,0
2024-11-19,Veg Noodles,Tuesday,0,11,0,0,26.3,0.0,120,45,39,6,0
2024-11-20,Biryani,Wednesday,0,11,0,0,27.3,0.7,220,121,110,11,0
2024-11-20,Chicken Curry,Wednesday,0,11,0,0,27.3,0.7,190,47,39,8,0
2024-11-20,Dosa,Wednesday,0,11,0,0,27.3,0.7,70,80,68,12,0
2024-11-20,Filter Coffee,Wednesday,0,11,0,0,27.3,0.7,30,128,104,24,0
2024-11-20,Fried Rice,Wednesday,0,11,0,0,27.3,0.7,160,63,47,16,0
2024-11-20,Idli,Wednesday,0,11,0,0,27.3,0.7,50,114,87,27,0
2024-11-20,Lassi,Wednesday,0,11,0,0,27.3,0.7,60,52,36,16,0
2024-11-20,Meals,Wednesday,0,11,0,0,27.3,0.7,140,87,75,12,0
2024-11-20,Parotta,Wednesday,0,11,0,0,27.3,0.7,40,89,65,24,0
2024-11-20,Veg Noodles,Wednesday,0,11,0,0,27.3,0.7,120,36,31,5,0
2024-11-21,Biryani,Thursday,0,11,0,0,27.5,0.0,220,139,126,13,0
2024-11-21,Chicken Curry,Thursday,0,11,0,0,27.5,0.0,190,50,42,8,0
2024-11-21,Dosa,Thursday,0,11,0,0,27.5,0.0,70,89,73,16,0
2024-11-21,Filter Coffee,Thursday,0,11,0,0,27.5,0.0,30,127,105,22,0
2024-11-21,Fried Rice,Thursday,0,11,0,0,27.5,0.0,160,60,51,9,0
2024-11-21,Idli,Thursday,0,11,0,0,27.5,0.0,50,102,88,14,0
2024-11-21,Lassi,Thursday,0,11,0,0,27.5,0.0,60,56,41,15,0
2024-11-21,Meals,Thursday,0,11,0,0,27.5,0.0,140,103,91,12,0
2024-11-21,Parotta,Thursday,0,11,0,0,27.5,0.0,40,83,63,20,0
2024-11-21,Veg Noodles,Thursday,0,11,0,0,27.5,0.0,120,39,32,7,0
2024-11-22,Biryani,Friday,0,11,0,0,25.8,0.0,220,148,111,37,0
2024-11-22,Chicken Curry,Friday,0,11,0,0,25.8,0.0,190,55,35,20,0
2024-11-22,Dosa,Friday,0,11,0,0,25.8,0.0,70,94,72,22,0
2024-11-22,Filter Coffee,Friday,0,11,0,0,25.8,0.0,30,108,108,0,1
2024-11-22,Fried Rice,Friday,0,11,0,0,25.8,0.0,160,65,52,13,0
2024-11-22,Idli,Friday,0,11,0,0,25.8,0.0,50,108,97,11,0
2024-11-22,Lassi,Friday,0,11,0,0,25.8,0.0,60,60,38,22,0
2024-11-22,Meals,Friday,0,11,0,0,25.8,0.0,140,104,74,30,0
2024-11-22,Parotta,Friday,0,11,0,0,25.8,0.0,40,94,61,33,0
2024-11-22,Veg Noodles,Friday,0,11,0,0,25.8,0.0,120,42,35,7,0
2024-11-23,Biryani,Saturday,1,11,0,0,27.4,41.0,220,171,135,36,0
2024-11-23,Chicken Curry,Saturday,1,11,0,0,27.4,41.0,190,56,52,4,0
2024-11-23,Dosa,Saturday,1,11,0,0,27.4,41.0,70,91,73,18,0
2024-11-23,Filter Coffee,Saturday,1,11,0,0,27.4,41.0,30,130,117,13,0
2024-11-23,Fried Rice,Saturday,1,11,0,0,27.4,41.0,160,69,50,19,0
2024-11-23,Idli,Saturday,1,11,0,0,27.4,41.0,50,95,89,6,0
2024-11-23,Lassi,Saturday,1,11,0,0,27.4,41.0,60,59,33,26,0
2024-11-23,Meals,Saturday,1,11,0,0,27.4,41.0,140,104,91,13,0
2024-11-23,Parotta,Saturday,1,11,0,0,27.4,41.0,40,98,68,30,0
2024-11-23,Veg Noodles,Saturday,1,11,0,0,27.4,41.0,120,45,32,13,0
2024-11-24,Biryani,Sunday,1,11,0,0,25.9,0.0,220,160,140,20,0
2024-11-24,Chicken Curry,Sunday,1,11,0,0,25.9,0.0,190,55,41,14,0
2024-11-24,Dosa,Sunday,1,11,0,0,25.9,0.0,70,98,72,26,0
2024-11-24,Filter Coffee,Sunday,1,11,0,0,25.9,0.0,30,123,93,30,0
2024-11-24,Fried Rice,Sunday,1,11,0,0,25.9,0.0,160,81,56,25,0
2024-11-24,Idli,Sunday,1,11,0,0,25.9,0.0,50,90,73,17,0
2024-11-24,Lassi,Sunday,1,11,0,0,25.9,0.0,60,66,43,23,0
2024-11-24,Meals,Sunday,1,11,0,0,25.9,0.0,140,108,79,29,0
2024-11-24,Parotta,Sunday,1,11,0,0,25.9,0.0,40,103,78,25,0
2024-11-24,Veg Noodles,Sunday,1,11,0,0,25.9,0.0,120,42,42,0,1
2024-11-25,Biryani,Monday,0,11,0,0,24.7,0.0,220,125,125,0,1
2024-11-25,Chicken Curry,Monday,0,11,0,0,24.7,0.0,190,49,34,15,0
2024-11-25,Dosa,Monday,0,11,0,0,24.7,0.0,70,84,72,12,0
2024-11-25,Filter Coffee,Monday,0,11,0,0,24.7,0.0,30,123,109,14,0
2024-11-25,Fried Rice,Monday,0,11,0,0,24.7,0.0,160,57,51,6,0
2024-11-25,Idli,Monday,0,11,0,0,24.7,0.0,50,96,95,1,0
2024-11-25,Lassi,Monday,0,11,0,0,24.7,0.0,60,49,34,15,0
2024-11-25,Meals,Monday,0,11,0,0,24.7,0.0,140,90,84,6,0
2024-11-25,Parotta,Monday,0,11,0,0,24.7,0.0,40,76,66,10,0
2024-11-25,Veg Noodles,Monday,0,11,0,0,24.7,0.0,120,44,31,13,0
2024-11-26,Biryani,Tuesday,0,11,0,1,25.0,27.7,220,145,123,22,0
2024-11-26,Chicken Curry,Tuesday,0,11,0,1,25.0,27.7,190,47,41,6,0
2024-11-26,Dosa,Tuesday,0,11,0,1,25.0,27.7,70,97,83,14,0
2024-11-26,Filter Coffee,Tuesday,0,11,0,1,25.0,27.7,30,109,109,0,1
2024-11-26,Fried Rice,Tuesday,0,11,0,1,25.0,27.7,160,68,44,24,0
2024-11-26,Idli,Tuesday,0,11,0,1,25.0,27.7,50,100,100,0,1
2024-11-26,Lassi,Tuesday,0,11,0,1,25.0,27.7,60,52,32,20,0
2024-11-26,Meals,Tuesday,0,11,0,1,25.0,27.7,140,99,96,3,0
2024-11-26,Parotta,Tuesday,0,11,0,1,25.0,27.7,40,82,77,5,0
2024-11-26,Veg Noodles,Tuesday,0,11,0,1,25.0,27.7,120,45,32,13,0
2024-11-27,Biryani,Wednesday,0,11,0,0,23.8,6.9,220,124,111,13,0
2024-11-27,Chicken Curry,Wednesday,0,11,0,0,23.8,6.9,190,47,42,5,0
2024-11-27,Dosa,Wednesday,0,11,0,0,23.8,6.9,70,91,69,22,0
2024-11-27,Filter Coffee,Wednesday,0,11,0,0,23.8,6.9,30,113,93,20,0
2024-11-27,Fried Rice,Wednesday,0,11,0,0,23.8,6.9,160,54,52,2,0
2024-11-27,Idli,Wednesday,0,11,0,0,23.8,6.9,50,96,89,7,0
2024-11-27,Lassi,Wednesday,0,11,0,0,23.8,6.9,60,61,33,28,0
2024-11-27,Meals,Wednesday,0,11,0,0,23.8,6.9,140,84,69,15,0
2024-11-27,Parotta,Wednesday,0,11,0,0,23.8,6.9,40,87,67,20,0
2024-11-27,Veg Noodles,Wednesday,0,11,0,0,23.8,6.9,120,40,31,9,0
2024-11-28,Biryani,Thursday,0,11,0,0,24.5,0.0,220,135,109,26,0
2024-11-28,Chicken Curry,Thursday,0,11,0,0,24.5,0.0,190,53,39,14,0
2024-11-28,Dosa,Thursday,0,11,0,0,24.5,0.0,70,90,64,26,0
2024-11-28,Filter Coffee,Thursday,0,11,0,0,24.5,0.0,30,135,116,19,0
2024-11-28,Fried Rice,Thursday,0,11,0,0,24.5,0.0,160,65,42,23,0
2024-11-28,Idli,Thursday,0,11,0,0,24.5,0.0,50,99,85,14,0
2024-11-28,Lassi,Thursday,0,11,0,0,24.5,0.0,60,52,39,13,0
2024-11-28,Meals,Thursday,0,11,0,0,24.5,0.0,140,88,72,16,0
2024-11-28,Parotta,Thursday,0,11,0,0,24.5,0.0,40,91,61,30,0
2024-11-28,Veg Noodles,Thursday,0,11,0,0,24.5,0.0,120,44,34,10,0
2024-11-29,Biryani,Friday,0,11,0,0,25.1,0.0,220,154,111,43,0
2024-11-29,Chicken Curry,Friday,0,11,0,0,25.1,0.0,190,48,39,9,0
2024-11-29,Dosa,Friday,0,11,0,0,25.1,0.0,70,101,79,22,0
2024-11-29,Filter Coffee,Friday,0,11,0,0,25.1,0.0,30,117,84,33,0
2024-11-29,Fried Rice,Friday,0,11,0,0,25.1,0.0,160,71,46,25,0
2024-11-29,Idli,Friday,0,11,0,0,25.1,0.0,50,109,89,20,0
2024-11-29,Lassi,Friday,0,11,0,0,25.1,0.0,60,58,41,17,0
2024-11-29,Meals,Friday,0,11,0,0,25.1,0.0,140,107,70,37,0
2024-11-29,Parotta,Friday,0,11,0,0,25.1,0.0,40,74,68,6,0
2024-11-29,Veg Noodles,Friday,0,11,0,0,25.1,0.0,120,44,32,12,0
2024-11-30,Biryani,Saturday,1,11,0,0,26.4,0.0,220,166,128,38,0
2024-11-30,Chicken Curry,Saturday,1,11,0,0,26.4,0.0,190,54,40,14,0
2024-11-30,Dosa,Saturday,1,11,0,0,26.4,0.0,70,98,81,17,0
2024-11-30,Filter Coffee,Saturday,1,11,0,0,26.4,0.0,30,119,110,9,0
2024-11-30,Fried Rice,Saturday,1,11,0,0,26.4,0.0,160,67,52,15,0
2024-11-30,Idli,Saturday,1,11,0,0,26.4,0.0,50,102,81,21,0
2024-11-30,Lassi,Saturday,1,11,0,0,26.4,0.0,60,59,44,15,0
2024-11-30,Meals,Saturday,1,11,0,0,26.4,0.0,140,105,71,34,0
2024-11-30,Parotta,Saturday,1,11,0,0,26.4,0.0,40,86,86,0,0
2024-11-30,Veg Noodles,Saturday,1,11,0,0,26.4,0.0,120,46,36,10,0
2024-12-01,Biryani,Sunday,1,12,0,0,27.5,0.0,220,163,149,14,0
2024-12-01,Chicken Curry,Sunday,1,12,0,0,27.5,0.0,190,54,41,13,0
2024-12-01,Dosa,Sunday,1,12,0,0,27.5,0.0,70,92,65,27,0
2024-12-01,Filter Coffee,Sunday,1,12,0,0,27.5,0.0,30,113,94,19,0
2024-12-01,Fried Rice,Sunday,1,12,0,0,27.5,0.0,160,66,66,0,1
2024-12-01,Idli,Sunday,1,12,0,0,27.5,0.0,50,114,68,46,0
2024-12-01,Lassi,Sunday,1,12,0,0,27.5,0.0,60,68,45,23,0
2024-12-01,Meals,Sunday,1,12,0,0,27.5,0.0,140,95,84,11,0
2024-12-01,Parotta,Sunday,1,12,0,0,27.5,0.0,40,91,81,10,0
2024-12-01,Veg Noodles,Sunday,1,12,0,0,27.5,0.0,120,51,39,12,0
2024-12-02,Biryani,Monday,0,12,0,0,23.7,7.7,220,130,108,22,0
2024-12-02,Chicken Curry,Monday,0,12,0,0,23.7,7.7,190,44,42,2,0
2024-12-02,Dosa,Monday,0,12,0,0,23.7,7.7,70,92,79,13,0
2024-12-02,Filter Coffee,Monday,0,12,0,0,23.7,7.7,30,127,114,13,0
2024-12-02,Fried Rice,Monday,0,12,0,0,23.7,7.7,160,66,56,10,0
2024-12-02,Idli,Monday,0,12,0,0,23.7,7.7,50,117,92,25,0
2024-12-02,Lassi,Monday,0,12,0,0,23.7,7.7,60,50,35,15,0
2024-12-02,Meals,Monday,0,12,0,0,23.7,7.7,140,86,74,12,0
2024-12-02,Parotta,Monday,0,12,0,0,23.7,7.7,40,78,64,14,0
2024-12-02,Veg Noodles,Monday,0,12,0,0,23.7,7.7,120,41,29,12,0
2024-12-03,Biryani,Tuesday,0,12,0,0,25.8,0.0,220,152,106,46,0
2024-12-03,Chicken Curry,Tuesday,0,12,0,0,25.8,0.0,190,49,40,9,0
2024-12-03,Dosa,Tuesday,0,12,0,0,25.8,0.0,70,99,69,30,0
2024-12-03,Filter Coffee,Tuesday,0,12,0,0,25.8,0.0,30,130,106,24,0
2024-12-03,Fried Rice,Tuesday,0,12,0,0,25.8,0.0,160,67,52,15,0
2024-12-03,Idli,Tuesday,0,12,0,0,25.8,0.0,50,100,93,7,0
2024-12-03,Lassi,Tuesday,0,12,0,0,25.8,0.0,60,52,38,14,0
2024-12-03,Meals,Tuesday,0,12,0,0,25.8,0.0,140,106,75,31,0
2024-12-03,Parotta,Tuesday,0,12,0,0,25.8,0.0,40,88,62,26,0
2024-12-03,Veg Noodles,Tuesday,0,12,0,0,25.8,0.0,120,41,31,10,0
2024-12-04,Biryani,Wednesday,0,12,0,0,24.0,0.0,220,135,107,28,0
2024-12-04,Chicken Curry,Wednesday,0,12,0,0,24.0,0.0,190,51,42,9,0
2024-12-04,Dosa,Wednesday,0,12,0,0,24.0,0.0,70,78,71,7,0
2024-12-04,Filter Coffee,Wednesday,0,12,0,0,24.0,0.0,30,136,104,32,0
2024-12-04,Fried Rice,Wednesday,0,12,0,0,24.0,0.0,160,59,50,9,0
2024-12-04,Idli,Wednesday,0,12,0,0,24.0,0.0,50,107,97,10,0
2024-12-04,Lassi,Wednesday,0,12,0,0,24.0,0.0,60,59,32,27,0
2024-12-04,Meals,Wednesday,0,12,0,0,24.0,0.0,140,86,79,7,0
2024-12-04,Parotta,Wednesday,0,12,0,0,24.0,0.0,40,73,51,22,0
2024-12-04,Veg Noodles,Wednesday,0,12,0,0,24.0,0.0,120,39,34,5,0
2024-12-05,Biryani,Thursday,0,12,0,0,25.8,3.2,220,121,117,4,0
2024-12-05,Chicken Curry,Thursday,0,12,0,0,25.8,3.2,190,49,39,10,0
2024-12-05,Dosa,Thursday,0,12,0,0,25.8,3.2,70,91,77,14,0
2024-12-05,Filter Coffee,Thursday,0,12,0,0,25.8,3.2,30,125,107,18,0
2024-12-05,Fried Rice,Thursday,0,12,0,0,25.8,3.2,160,62,42,20,0
2024-12-05,Idli,Thursday,0,12,0,0,25.8,3.2,50,107,82,25,0
2024-12-05,Lassi,Thursday,0,12,0,0,25.8,3.2,60,57,34,23,0
2024-12-05,Meals,Thursday,0,12,0,0,25.8,3.2,140,90,65,25,0
2024-12-05,Parotta,Thursday,0,12,0,0,25.8,3.2,40,79,71,8,0
2024-12-05,Veg Noodles,Thursday,0,12,0,0,25.8,3.2,120,43,34,9,0
2024-12-06,Biryani,Friday,0,12,0,0,25.0,0.0,220,135,128,7,0
2024-12-06,Chicken Curry,Friday,0,12,0,0,25.0,0.0,190,48,32,16,0
2024-12-06,Dosa,Friday,0,12,0,0,25.0,0.0,70,83,82,1,0
2024-12-06,Filter Coffee,Friday,0,12,0,0,25.0,0.0,30,116,102,14,0
2024-12-06,Fried Rice,Friday,0,12,0,0,25.0,0.0,160,69,52,17,0
2024-12-06,Idli,Friday,0,12,0,0,25.0,0.0,50,104,87,17,0
2024-12-06,Lassi,Friday,0,12,0,0,25.0,0.0,60,57,36,21,0
2024-12-06,Meals,Friday,0,12,0,0,25.0,0.0,140,89,85,4,0
2024-12-06,Parotta,Friday,0,12,0,0,25.0,0.0,40,89,71,18,0
2024-12-06,Veg Noodles,Friday,0,12,0,0,25.0,0.0,120,39,32,7,0
2024-12-07,Biryani,Saturday,1,12,0,1,23.0,0.0,220,154,138,16,0
2024-12-07,Chicken Curry,Saturday,1,12,0,1,23.0,0.0,190,49,44,5,0
2024-12-07,Dosa,Saturday,1,12,0,1,23.0,0.0,70,102,91,11,0
2024-12-07,Filter Coffee,Saturday,1,12,0,1,23.0,0.0,30,110,110,0,1
2024-12-07,Fried Rice,Saturday,1,12,0,1,23.0,0.0,160,64,59,5,0
2024-12-07,Idli,Saturday,1,12,0,1,23.0,0.0,50,105,95,10,0
2024-12-07,Lassi,Saturday,1,12,0,1,23.0,0.0,60,57,45,12,0
2024-12-07,Meals,Saturday,1,12,0,1,23.0,0.0,140,87,86,1,0
2024-12-07,Parotta,Saturday,1,12,0,1,23.0,0.0,40,88,76,12,0
2024-12-07,Veg Noodles,Saturday,1,12,0,1,23.0,0.0,120,42,41,1,0
2024-12-08,Biryani,Sunday,1,12,0,0,26.2,0.0,220,197,132,65,0
2024-12-08,Chicken Curry,Sunday,1,12,0,0,26.2,0.0,190,58,48,10,0
2024-12-08,Dosa,Sunday,1,12,0,0,26.2,0.0,70,101,79,22,0
2024-12-08,Filter Coffee,Sunday,1,12,0,0,26.2,0.0,30,116,116,0,1
2024-12-08,Fried Rice,Sunday,1,12,0,0,26.2,0.0,160,76,54,22,0
2024-12-08,Idli,Sunday,1,12,0,0,26.2,0.0,50,106,81,25,0
2024-12-08,Lassi,Sunday,1,12,0,0,26.2,0.0,60,60,47,13,0
2024-12-08,Meals,Sunday,1,12,0,0,26.2,0.0,140,97,83,14,0
2024-12-08,Parotta,Sunday,1,12,0,0,26.2,0.0,40,86,66,20,0
2024-12-08,Veg Noodles,Sunday,1,12,0,0,26.2,0.0,120,47,37,10,0
2024-12-09,Biryani,Monday,0,12,0,0,24.4,6.7,220,130,111,19,0
2024-12-09,Chicken Curry,Monday,0,12,0,0,24.4,6.7,190,48,37,11,0
2024-12-09,Dosa,Monday,0,12,0,0,24.4,6.7,70,98,63,35,0
2024-12-09,Filter Coffee,Monday,0,12,0,0,24.4,6.7,30,126,96,30,0
2024-12-09,Fried Rice,Monday,0,12,0,0,24.4,6.7,160,60,49,11,0
2024-12-09,Idli,Monday,0,12,0,0,24.4,6.7,50,113,89,24,0
2024-12-09,Lassi,Monday,0,12,0,0,24.4,6.7,60,60,32,28,0
2024-12-09,Meals,Monday,0,12,0,0,24.4,6.7,140,107,79,28,0
2024-12-09,Parotta,Monday,0,12,0,0,24.4,6.7,40,84,60,24,0
2024-12-09,Veg Noodles,Monday,0,12,0,0,24.4,6.7,120,40,34,6,0
2024-12-10,Biryani,Tuesday,0,12,0,0,24.4,52.0,220,120,112,8,0
2024-12-10,Chicken Curry,Tuesday,0,12,0,0,24.4,52.0,190,51,38,13,0
2024-12-10,Dosa,Tuesday,0,12,0,0,24.4,52.0,70,92,62,30,0
2024-12-10,Filter Coffee,Tuesday,0,12,0,0,24.4,52.0,30,137,95,42,0
2024-12-10,Fried Rice,Tuesday,0,12,0,0,24.4,52.0,160,56,45,11,0
2024-12-10,Idli,Tuesday,0,12,0,0,24.4,52.0,50,105,95,10,0
2024-12-10,Lassi,Tuesday,0,12,0,0,24.4,52.0,60,57,29,28,0
2024-12-10,Meals,Tuesday,0,12,0,0,24.4,52.0,140,92,84,8,0
2024-12-10,Parotta,Tuesday,0,12,0,0,24.4,52.0,40,82,74,8,0
2024-12-10,Veg Noodles,Tuesday,0,12,0,0,24.4,52.0,120,38,32,6,0
2024-12-11,Biryani,Wednesday,0,12,0,0,23.7,0.0,220,137,120,17,0
2024-12-11,Chicken Curry,Wednesday,0,12,0,0,23.7,0.0,190,49,35,14,0
2024-12-11,Dosa,Wednesday,0,12,0,0,23.7,0.0,70,78,75,3,0
2024-12-11,Filter Coffee,Wednesday,0,12,0,0,23.7,0.0,30,110,102,8,0
2024-12-11,Fried Rice,Wednesday,0,12,0,0,23.7,0.0,160,66,53,13,0
2024-12-11,Idli,Wednesday,0,12,0,0,23.7,0.0,50,115,88,27,0
2024-12-11,Lassi,Wednesday,0,12,0,0,23.7,0.0,60,60,33,27,0
2024-12-11,Meals,Wednesday,0,12,0,0,23.7,0.0,140,96,75,21,0
2024-12-11,Parotta,Wednesday,0,12,0,0,23.7,0.0,40,92,64,28,0
2024-12-11,Veg Noodles,Wednesday,0,12,0,0,23.7,0.0,120,38,32,6,0
2024-12-12,Biryani,Thursday,0,12,0,0,24.2,0.0,220,122,99,23,0
2024-12-12,Chicken Curry,Thursday,0,12,0,0,24.2,0.0,190,52,41,11,0
2024-12-12,Dosa,Thursday,0,12,0,0,24.2,0.0,70,89,78,11,0
2024-12-12,Filter Coffee,Thursday,0,12,0,0,24.2,0.0,30,119,100,19,0
2024-12-12,Fried Rice,Thursday,0,12,0,0,24.2,0.0,160,59,42,17,0
2024-12-12,Idli,Thursday,0,12,0,0,24.2,0.0,50,104,92,12,0
2024-12-12,Lassi,Thursday,0,12,0,0,24.2,0.0,60,61,35,26,0
2024-12-12,Meals,Thursday,0,12,0,0,24.2,0.0,140,101,64,37,0
2024-12-12,Parotta,Thursday,0,12,0,0,24.2,0.0,40,87,68,19,0
2024-12-12,Veg Noodles,Thursday,0,12,0,0,24.2,0.0,120,45,34,11,0
2024-12-13,Biryani,Friday,0,12,0,0,25.4,0.0,220,137,114,23,0
2024-12-13,Chicken Curry,Friday,0,12,0,0,25.4,0.0,190,54,41,13,0
2024-12-13,Dosa,Friday,0,12,0,0,25.4,0.0,70,100,67,33,0
2024-12-13,Filter Coffee,Friday,0,12,0,0,25.4,0.0,30,128,99,29,0
2024-12-13,Fried Rice,Friday,0,12,0,0,25.4,0.0,160,71,51,20,0
2024-12-13,Idli,Friday,0,12,0,0,25.4,0.0,50,117,94,23,0
2024-12-13,Lassi,Friday,0,12,0,0,25.4,0.0,60,57,36,21,0
2024-12-13,Meals,Friday,0,12,0,0,25.4,0.0,140,98,77,21,0
2024-12-13,Parotta,Friday,0,12,0,0,25.4,0.0,40,95,67,28,0
2024-12-13,Veg Noodles,Friday,0,12,0,0,25.4,0.0,120,43,33,10,0
2024-12-14,Biryani,Saturday,1,12,0,0,24.7,0.0,220,180,119,61,0
2024-12-14,Chicken Curry,Saturday,1,12,0,0,24.7,0.0,190,53,45,8,0
2024-12-14,Dosa,Saturday,1,12,0,0,24.7,0.0,70,88,73,15,0
2024-12-14,Filter Coffee,Saturday,1,12,0,0,24.7,0.0,30,125,96,29,0
2024-12-14,Fried Rice,Saturday,1,12,0,0,24.7,0.0,160,70,51,19,0
2024-12-14,Idli,Saturday,1,12,0,0,24.7,0.0,50,117,78,39,0
2024-12-14,Lassi,Saturday,1,12,0,0,24.7,0.0,60,61,43,18,0
2024-12-14,Meals,Saturday,1,12,0,0,24.7,0.0,140,105,80,25,0
2024-12-14,Parotta,Saturday,1,12,0,0,24.7,0.0,40,83,77,6,0
2024-12-14,Veg Noodles,Saturday,1,12,0,0,24.7,0.0,120,44,37,7,0
2024-12-15,Biryani,Sunday,1,12,0,0,25.3,0.0,220,185,137,48,0
2024-12-15,Chicken Curry,Sunday,1,12,0,0,25.3,0.0,190,61,44,17,0
2024-12-15,Dosa,Sunday,1,12,0,0,25.3,0.0,70,88,74,14,0
2024-12-15,Filter Coffee,Sunday,1,12,0,0,25.3,0.0,30,128,110,18,0
2024-12-15,Fried Rice,Sunday,1,12,0,0,25.3,0.0,160,74,57,17,0
2024-12-15,Idli,Sunday,1,12,0,0,25.3,0.0,50,97,80,17,0
2024-12-15,Lassi,Sunday,1,12,0,0,25.3,0.0,60,64,41,23,0
2024-12-15,Meals,Sunday,1,12,0,0,25.3,0.0,140,106,74,32,0
2024-12-15,Parotta,Sunday,1,12,0,0,25.3,0.0,40,101,77,24,0
2024-12-15,Veg Noodles,Sunday,1,12,0,0,25.3,0.0,120,51,39,12,0
2024-12-16,Biryani,Monday,0,12,0,0,25.3,10.8,220,121,121,0,0
2024-12-16,Chicken Curry,Monday,0,12,0,0,25.3,10.8,190,51,39,12,0
2024-12-16,Dosa,Monday,0,12,0,0,25.3,10.8,70,94,67,27,0
2024-12-16,Filter Coffee,Monday,0,12,0,0,25.3,10.8,30,122,96,26,0
2024-12-16,Fried Rice,Monday,0,12,0,0,25.3,10.8,160,60,50,10,0
2024-12-16,Idli,Monday,0,12,0,0,25.3,10.8,50,117,85,32,0
2024-12-16,Lassi,Monday,0,12,0,0,25.3,10.8,60,59,36,23,0
2024-12-16,Meals,Monday,0,12,0,0,25.3,10.8,140,98,76,22,0
2024-12-16,Parotta,Monday,0,12,0,0,25.3,10.8,40,83,70,13,0
2024-12-16,Veg Noodles,Monday,0,12,0,0,25.3,10.8,120,44,39,5,0
2024-12-17,Biryani,Tuesday,0,12,0,0,26.4,10.6,220,135,95,40,0
2024-12-17,Chicken Curry,Tuesday,0,12,0,0,26.4,10.6,190,53,34,19,0
2024-12-17,Dosa,Tuesday,0,12,0,0,26.4,10.6,70,89,77,12,0
2024-12-17,Filter Coffee,Tuesday,0,12,0,0,26.4,10.6,30,116,109,7,0
2024-12-17,Fried Rice,Tuesday,0,12,0,0,26.4,10.6,160,60,44,16,0
2024-12-17,Idli,Tuesday,0,12,0,0,26.4,10.6,50,118,84,34,0
2024-12-17,Lassi,Tuesday,0,12,0,0,26.4,10.6,60,57,37,20,0
2024-12-17,Meals,Tuesday,0,12,0,0,26.4,10.6,140,99,73,26,0
2024-12-17,Parotta,Tuesday,0,12,0,0,26.4,10.6,40,86,56,30,0
2024-12-17,Veg Noodles,Tuesday,0,12,0,0,26.4,10.6,120,37,31,6,0
2024-12-18,Biryani,Wednesday,0,12,0,0,24.4,21.4,220,126,92,34,0
2024-12-18,Chicken Curry,Wednesday,0,12,0,0,24.4,21.4,190,47,38,9,0
2024-12-18,Dosa,Wednesday,0,12,0,0,24.4,21.4,70,79,73,6,0
2024-12-18,Filter Coffee,Wednesday,0,12,0,0,24.4,21.4,30,122,118,4,0
2024-12-18,Fried Rice,Wednesday,0,12,0,0,24.4,21.4,160,66,49,17,0
2024-12-18,Idli,Wednesday,0,12,0,0,24.4,21.4,50,109,79,30,0
2024-12-18,Lassi,Wednesday,0,12,0,0,24.4,21.4,60,49,30,19,0
2024-12-18,Meals,Wednesday,0,12,0,0,24.4,21.4,140,103,68,35,0
2024-12-18,Parotta,Wednesday,0,12,0,0,24.4,21.4,40,81,61,20,0
2024-12-18,Veg Noodles,Wednesday,0,12,0,0,24.4,21.4,120,42,32,10,0
2024-12-19,Biryani,Thursday,0,12,0,0,23.0,14.8,220,124,100,24,0
2024-12-19,Chicken Curry,Thursday,0,12,0,0,23.0,14.8,190,50,32,18,0
2024-12-19,Dosa,Thursday,0,12,0,0,23.0,14.8,70,84,70,14,0
2024-12-19,Filter Coffee,Thursday,0,12,0,0,23.0,14.8,30,119,115,4,0
2024-12-19,Fried Rice,Thursday,0,12,0,0,23.0,14.8,160,64,48,16,0
2024-12-19,Idli,Thursday,0,12,0,0,23.0,14.8,50,98,90,8,0
2024-12-19,Lassi,Thursday,0,12,0,0,23.0,14.8,60,61,32,29,0
2024-12-19,Meals,Thursday,0,12,0,0,23.0,14.8,140,101,80,21,0
2024-12-19,Parotta,Thursday,0,12,0,0,23.0,14.8,40,76,65,11,0
2024-12-19,Veg Noodles,Thursday,0,12,0,0,23.0,14.8,120,39,31,8,0
2024-12-20,Biryani,Friday,0,12,0,0,26.0,0.0,220,149,119,30,0
2024-12-20,Chicken Curry,Friday,0,12,0,0,26.0,0.0,190,49,35,14,0
2024-12-20,Dosa,Friday,0,12,0,0,26.0,0.0,70,87,87,0,1
2024-12-20,Filter Coffee,Friday,0,12,0,0,26.0,0.0,30,129,106,23,0
2024-12-20,Fried Rice,Friday,0,12,0,0,26.0,0.0,160,69,48,21,0
2024-12-20,Idli,Friday,0,12,0,0,26.0,0.0,50,115,88,27,0
2024-12-20,Lassi,Friday,0,12,0,0,26.0,0.0,60,59,42,17,0
2024-12-20,Meals,Friday,0,12,0,0,26.0,0.0,140,104,73,31,0
2024-12-20,Parotta,Friday,0,12,0,0,26.0,0.0,40,75,73,2,0
2024-12-20,Veg Noodles,Friday,0,12,0,0,26.0,0.0,120,43,31,12,0
2024-12-21,Biryani,Saturday,1,12,0,0,24.3,23.0,220,161,130,31,0
2024-12-21,Chicken Curry,Saturday,1,12,0,0,24.3,23.0,190,58,43,15,0
2024-12-21,Dosa,Saturday,1,12,0,0,24.3,23.0,70,98,68,30,0
2024-12-21,Filter Coffee,Saturday,1,12,0,0,24.3,23.0,30,113,113,0,1
2024-12-21,Fried Rice,Saturday,1,12,0,0,24.3,23.0,160,68,52,16,0
2024-12-21,Idli,Saturday,1,12,0,0,24.3,23.0,50,103,86,17,0
2024-12-21,Lassi,Saturday,1,12,0,0,24.3,23.0,60,64,39,25,0
2024-12-21,Meals,Saturday,1,12,0,0,24.3,23.0,140,91,76,15,0
2024-12-21,Parotta,Saturday,1,12,0,0,24.3,23.0,40,97,86,11,0
2024-12-21,Veg Noodles,Saturday,1,12,0,0,24.3,23.0,120,47,34,13,0
2024-12-22,Biryani,Sunday,1,12,0,0,26.0,10.2,220,186,142,44,0
2024-12-22,Chicken Curry,Sunday,1,12,0,0,26.0,10.2,190,65,57,8,0
2024-12-22,Dosa,Sunday,1,12,0,0,26.0,10.2,70,97,81,16,0
2024-12-22,Filter Coffee,Sunday,1,12,0,0,26.0,10.2,30,123,106,17,0
2024-12-22,Fried Rice,Sunday,1,12,0,0,26.0,10.2,160,69,57,12,0
2024-12-22,Idli,Sunday,1,12,0,0,26.0,10.2,50,95,82,13,0
2024-12-22,Lassi,Sunday,1,12,0,0,26.0,10.2,60,61,37,24,0
2024-12-22,Meals,Sunday,1,12,0,0,26.0,10.2,140,106,77,29,0
2024-12-22,Parotta,Sunday,1,12,0,0,26.0,10.2,40,102,75,27,0
2024-12-22,Veg Noodles,Sunday,1,12,0,0,26.0,10.2,120,42,39,3,0
2024-12-23,Biryani,Monday,0,12,0,0,25.1,0.0,220,150,120,30,0
2024-12-23,Chicken Curry,Monday,0,12,0,0,25.1,0.0,190,53,33,20,0
2024-12-23,Dosa,Monday,0,12,0,0,25.1,0.0,70,89,64,25,0
2024-12-23,Filter Coffee,Monday,0,12,0,0,25.1,0.0,30,137,100,37,0
2024-12-23,Fried Rice,Monday,0,12,0,0,25.1,0.0,160,55,46,9,0
2024-12-23,Idli,Monday,0,12,0,0,25.1,0.0,50,113,90,23,0
2024-12-23,Lassi,Monday,0,12,0,0,25.1,0.0,60,54,32,22,0
2024-12-23,Meals,Monday,0,12,0,0,25.1,0.0,140,101,83,18,0
2024-12-23,Parotta,Monday,0,12,0,0,25.1,0.0,40,75,62,13,0
2024-12-23,Veg Noodles,Monday,0,12,0,0,25.1,0.0,120,41,35,6,0
2024-12-24,Biryani,Tuesday,0,12,0,0,24.5,6.0,220,128,94,34,0
2024-12-24,Chicken Curry,Tuesday,0,12,0,0,24.5,6.0,190,44,35,9,0
2024-12-24,Dosa,Tuesday,0,12,0,0,24.5,6.0,70,96,70,26,0
2024-12-24,Filter Coffee,Tuesday,0,12,0,0,24.5,6.0,30,124,111,13,0
2024-12-24,Fried Rice,Tuesday,0,12,0,0,24.5,6.0,160,66,49,17,0
2024-12-24,Idli,Tuesday,0,12,0,0,24.5,6.0,50,108,98,10,0
2024-12-24,Lassi,Tuesday,0,12,0,0,24.5,6.0,60,57,35,22,0
2024-12-24,Meals,Tuesday,0,12,0,0,24.5,6.0,140,91,75,16,0
2024-12-24,Parotta,Tuesday,0,12,0,0,24.5,6.0,40,85,56,29,0
2024-12-24,Veg Noodles,Tuesday,0,12,0,0,24.5,6.0,120,39,33,6,0
2024-12-25,Biryani,Wednesday,0,12,1,0,25.0,9.0,220,151,139,12,0
2024-12-25,Chicken Curry,Wednesday,0,12,1,0,25.0,9.0,190,44,44,0,1
2024-12-25,Dosa,Wednesday,0,12,1,0,25.0,9.0,70,84,84,0,0
2024-12-25,Filter Coffee,Wednesday,0,12,1,0,25.0,9.0,30,115,115,0,1
2024-12-25,Fried Rice,Wednesday,0,12,1,0,25.0,9.0,160,60,56,4,0
2024-12-25,Idli,Wednesday,0,12,1,0,25.0,9.0,50,98,98,0,1
2024-12-25,Lassi,Wednesday,0,12,1,0,25.0,9.0,60,58,45,13,0
2024-12-25,Meals,Wednesday,0,12,1,0,25.0,9.0,140,105,90,15,0
2024-12-25,Parotta,Wednesday,0,12,1,0,25.0,9.0,40,87,83,4,0
2024-12-25,Veg Noodles,Wednesday,0,12,1,0,25.0,9.0,120,41,37,4,0
2024-12-26,Biryani,Thursday,0,12,0,0,26.9,0.0,220,137,106,31,0
2024-12-26,Chicken Curry,Thursday,0,12,0,0,26.9,0.0,190,51,43,8,0
2024-12-26,Dosa,Thursday,0,12,0,0,26.9,0.0,70,93,75,18,0
2024-12-26,Filter Coffee,Thursday,0,12,0,0,26.9,0.0,30,136,108,28,0
2024-12-26,Fried Rice,Thursday,0,12,0,0,26.9,0.0,160,62,46,16,0
2024-12-26,Idli,Thursday,0,12,0,0,26.9,0.0,50,123,78,45,0
2024-12-26,Lassi,Thursday,0,12,0,0,26.9,0.0,60,49,40,9,0
2024-12-26,Meals,Thursday,0,12,0,0,26.9,0.0,140,91,73,18,0
2024-12-26,Parotta,Thursday,0,12,0,0,26.9,0.0,40,83,62,21,0
2024-12-26,Veg Noodles,Thursday,0,12,0,0,26.9,0.0,120,37,31,6,0
2024-12-27,Biryani,Friday,0,12,0,0,27.1,6.0,220,137,121,16,0
2024-12-27,Chicken Curry,Friday,0,12,0,0,27.1,6.0,190,52,41,11,0
2024-12-27,Dosa,Friday,0,12,0,0,27.1,6.0,70,88,70,18,0
2024-12-27,Filter Coffee,Friday,0,12,0,0,27.1,6.0,30,115,89,26,0
2024-12-27,Fried Rice,Friday,0,12,0,0,27.1,6.0,160,64,57,7,0
2024-12-27,Idli,Friday,0,12,0,0,27.1,6.0,50,101,85,16,0
2024-12-27,Lassi,Friday,0,12,0,0,27.1,6.0,60,55,42,13,0
2024-12-27,Meals,Friday,0,12,0,0,27.1,6.0,140,91,79,12,0
2024-12-27,Parotta,Friday,0,12,0,0,27.1,6.0,40,81,81,0,1
2024-12-27,Veg Noodles,Friday,0,12,0,0,27.1,6.0,120,46,31,15,0
2024-12-28,Biryani,Saturday,1,12,0,0,24.7,0.0,220,175,116,59,0
2024-12-28,Chicken Curry,Saturday,1,12,0,0,24.7,0.0,190,60,46,14,0
2024-12-28,Dosa,Saturday,1,12,0,0,24.7,0.0,70,93,72,21,0
2024-12-28,Filter Coffee,Saturday,1,12,0,0,24.7,0.0,30,131,102,29,0
2024-12-28,Fried Rice,Saturday,1,12,0,0,24.7,0.0,160,68,57,11,0
2024-12-28,Idli,Saturday,1,12,0,0,24.7,0.0,50,105,97,8,0
2024-12-28,Lassi,Saturday,1,12,0,0,24.7,0.0,60,63,35,28,0
2024-12-28,Meals,Saturday,1,12,0,0,24.7,0.0,140,109,88,21,0
2024-12-28,Parotta,Saturday,1,12,0,0,24.7,0.0,40,98,67,31,0
2024-12-28,Veg Noodles,Saturday,1,12,0,0,24.7,0.0,120,45,34,11,0
2024-12-29,Biryani,Sunday,1,12,0,0,24.8,0.0,220,156,141,15,0
2024-12-29,Chicken Curry,Sunday,1,12,0,0,24.8,0.0,190,56,46,10,0
2024-12-29,Dosa,Sunday,1,12,0,0,24.8,0.0,70,100,76,24,0
2024-12-29,Filter Coffee,Sunday,1,12,0,0,24.8,0.0,30,111,95,16,0
2024-12-29,Fried Rice,Sunday,1,12,0,0,24.8,0.0,160,77,57,20,0
2024-12-29,Idli,Sunday,1,12,0,0,24.8,0.0,50,107,74,33,0
2024-12-29,Lassi,Sunday,1,12,0,0,24.8,0.0,60,69,39,30,0
2024-12-29,Meals,Sunday,1,12,0,0,24.8,0.0,140,96,85,11,0
2024-12-29,Parotta,Sunday,1,12,0,0,24.8,0.0,40,98,89,9,0
2024-12-29,Veg Noodles,Sunday,1,12,0,0,24.8,0.0,120,44,34,10,0
2024-12-30,Biryani,Monday,0,12,0,0,25.8,2.2,220,139,111,28,0
2024-12-30,Chicken Curry,Monday,0,12,0,0,25.8,2.2,190,52,36,16,0
2024-12-30,Dosa,Monday,0,12,0,0,25.8,2.2,70,93,64,29,0
2024-12-30,Filter Coffee,Monday,0,12,0,0,25.8,2.2,30,134,108,26,0
2024-12-30,Fried Rice,Monday,0,12,0,0,25.8,2.2,160,63,49,14,0
2024-12-30,Idli,Monday,0,12,0,0,25.8,2.2,50,99,92,7,0
2024-12-30,Lassi,Monday,0,12,0,0,25.8,2.2,60,48,31,17,0
2024-12-30,Meals,Monday,0,12,0,0,25.8,2.2,140,94,80,14,0
2024-12-30,Parotta,Monday,0,12,0,0,25.8,2.2,40,87,69,18,0
2024-12-30,Veg Noodles,Monday,0,12,0,0,25.8,2.2,120,44,36,8,0
2024-12-31,Biryani,Tuesday,0,12,0,0,23.5,0.0,220,144,121,23,0
2024-12-31,Chicken Curry,Tuesday,0,12,0,0,23.5,0.0,190,50,38,12,0
2024-12-31,Dosa,Tuesday,0,12,0,0,23.5,0.0,70,99,74,25,0
2024-12-31,Filter Coffee,Tuesday,0,12,0,0,23.5,0.0,30,113,112,1,0
2024-12-31,Fried Rice,Tuesday,0,12,0,0,23.5,0.0,160,69,45,24,0
2024-12-31,Idli,Tuesday,0,12,0,0,23.5,0.0,50,116,96,20,0
2024-12-31,Lassi,Tuesday,0,12,0,0,23.5,0.0,60,52,34,18,0
2024-12-31,Meals,Tuesday,0,12,0,0,23.5,0.0,140,93,80,13,0
2024-12-31,Parotta,Tuesday,0,12,0,0,23.5,0.0,40,85,60,25,0
2024-12-31,Veg Noodles,Tuesday,0,12,0,0,23.5,0.0,120,36,36,0,1
2025-01-01,Biryani,Wednesday,0,1,1,0,24.9,0.0,220,129,114,15,0
2025-01-01,Chicken Curry,Wednesday,0,1,1,0,24.9,0.0,190,44,43,1,0
2025-01-01,Dosa,Wednesday,0,1,1,0,24.9,0.0,70,84,84,0,1
2025-01-01,Filter Coffee,Wednesday,0,1,1,0,24.9,0.0,30,120,119,1,0
2025-01-01,Fried Rice,Wednesday,0,1,1,0,24.9,0.0,160,56,56,0,0
2025-01-01,Idli,Wednesday,0,1,1,0,24.9,0.0,50,114,85,29,0
2025-01-01,Lassi,Wednesday,0,1,1,0,24.9,0.0,60,54,36,18,0
2025-01-01,Meals,Wednesday,0,1,1,0,24.9,0.0,140,105,80,25,0
2025-01-01,Parotta,Wednesday,0,1,1,0,24.9,0.0,40,87,78,9,0
2025-01-01,Veg Noodles,Wednesday,0,1,1,0,24.9,0.0,120,42,33,9,0
2025-01-02,Biryani,Thursday,0,1,0,0,24.5,0.0,220,149,110,39,0
2025-01-02,Chicken Curry,Thursday,0,1,0,0,24.5,0.0,190,43,40,3,0
2025-01-02,Dosa,Thursday,0,1,0,0,24.5,0.0,70,80,73,7,0
2025-01-02,Filter Coffee,Thursday,0,1,0,0,24.5,0.0,30,137,98,39,0
2025-01-02,Fried Rice,Thursday,0,1,0,0,24.5,0.0,160,63,48,15,0
2025-01-02,Idli,Thursday,0,1,0,0,24.5,0.0,50,109,90,19,0
2025-01-02,Lassi,Thursday,0,1,0,0,24.5,0.0,60,51,40,11,0
2025-01-02,Meals,Thursday,0,1,0,0,24.5,0.0,140,95,71,24,0
2025-01-02,Parotta,Thursday,0,1,0,0,24.5,0.0,40,75,69,6,0
2025-01-02,Veg Noodles,Thursday,0,1,0,0,24.5,0.0,120,41,34,7,0
2025-01-03,Biryani,Friday,0,1,0,0,24.9,0.0,220,137,107,30,0
2025-01-03,Chicken Curry,Friday,0,1,0,0,24.9,0.0,190,53,35,18,0
2025-01-03,Dosa,Friday,0,1,0,0,24.9,0.0,70,90,71,19,0
2025-01-03,Filter Coffee,Friday,0,1,0,0,24.9,0.0,30,126,109,17,0
2025-01-03,Fried Rice,Friday,0,1,0,0,24.9,0.0,160,57,46,11,0
2025-01-03,Idli,Friday,0,1,0,0,24.9,0.0,50,109,90,19,0
2025-01-03,Lassi,Friday,0,1,0,0,24.9,0.0,60,50,42,8,0
2025-01-03,Meals,Friday,0,1,0,0,24.9,0.0,140,102,75,27,0
2025-01-03,Parotta,Friday,0,1,0,0,24.9,0.0,40,94,66,28,0
2025-01-03,Veg Noodles,Friday,0,1,0,0,24.9,0.0,120,38,35,3,0
2025-01-04,Biryani,Saturday,1,1,0,0,23.5,0.0,220,175,135,40,0
2025-01-04,Chicken Curry,Saturday,1,1,0,0,23.5,0.0,190,50,47,3,0
2025-01-04,Dosa,Saturday,1,1,0,0,23.5,0.0,70,96,74,22,0
2025-01-04,Filter Coffee,Saturday,1,1,0,0,23.5,0.0,30,116,104,12,0
2025-01-04,Fried Rice,Saturday,1,1,0,0,23.5,0.0,160,74,57,17,0
2025-01-04,Idli,Saturday,1,1,0,0,23.5,0.0,50,117,82,35,0
2025-01-04,Lassi,Saturday,1,1,0,0,23.5,0.0,60,60,38,22,0
2025-01-04,Meals,Saturday,1,1,0,0,23.5,0.0,140,107,74,33,0
2025-01-04,Parotta,Saturday,1,1,0,0,23.5,0.0,40,85,76,9,0
2025-01-04,Veg Noodles,Saturday,1,1,0,0,23.5,0.0,120,42,37,5,0
2025-01-05,Biryani,Sunday,1,1,0,1,22.6,0.0,220,158,158,0,1
2025-01-05,Chicken Curry,Sunday,1,1,0,1,22.6,0.0,190,63,53,10,0
2025-01-05,Dosa,Sunday,1,1,0,1,22.6,0.0,70,92,92,0,1
2025-01-05,Filter Coffee,Sunday,1,1,0,1,22.6,0.0,30,108,108,0,1
2025-01-05,Fried Rice,Sunday,1,1,0,1,22.6,0.0,160,76,64,12,0
2025-01-05,Idli,Sunday,1,1,0,1,22.6,0.0,50,113,87,26,0
2025-01-05,Lassi,Sunday,1,1,0,1,22.6,0.0,60,64,37,27,0
2025-01-05,Meals,Sunday,1,1,0,1,22.6,0.0,140,105,83,22,0
2025-01-05,Parotta,Sunday,1,1,0,1,22.6,0.0,40,103,90,13,0
2025-01-05,Veg Noodles,Sunday,1,1,0,1,22.6,0.0,120,43,41,2,0
2025-01-06,Biryani,Monday,0,1,0,0,22.0,0.0,220,125,123,2,0
2025-01-06,Chicken Curry,Monday,0,1,0,0,22.0,0.0,190,49,38,11,0
2025-01-06,Dosa,Monday,0,1,0,0,22.0,0.0,70,98,77,21,0
2025-01-06,Filter Coffee,Monday,0,1,0,0,22.0,0.0,30,108,108,0,1
2025-01-06,Fried Rice,Monday,0,1,0,0,22.0,0.0,160,61,48,13,0
2025-01-06,Idli,Monday,0,1,0,0,22.0,0.0,50,99,84,15,0
2025-01-06,Lassi,Monday,0,1,0,0,22.0,0.0,60,54,34,20,0
2025-01-06,Meals,Monday,0,1,0,0,22.0,0.0,140,106,65,41,0
2025-01-06,Parotta,Monday,0,1,0,0,22.0,0.0,40,90,68,22,0
2025-01-06,Veg Noodles,Monday,0,1,0,0,22.0,0.0,120,43,36,7,0
2025-01-07,Biryani,Tuesday,0,1,0,0,23.2,0.7,220,133,106,27,0
2025-01-07,Chicken Curry,Tuesday,0,1,0,0,23.2,0.7,190,48,34,14,0
2025-01-07,Dosa,Tuesday,0,1,0,0,23.2,0.7,70,96,79,17,0
2025-01-07,Filter Coffee,Tuesday,0,1,0,0,23.2,0.7,30,116,115,1,0
2025-01-07,Fried Rice,Tuesday,0,1,0,0,23.2,0.7,160,66,47,19,0
2025-01-07,Idli,Tuesday,0,1,0,0,23.2,0.7,50,106,85,21,0
2025-01-07,Lassi,Tuesday,0,1,0,0,23.2,0.7,60,53,39,14,0
2025-01-07,Meals,Tuesday,0,1,0,0,23.2,0.7,140,103,68,35,0
2025-01-07,Parotta,Tuesday,0,1,0,0,23.2,0.7,40,85,65,20,0
2025-01-07,Veg Noodles,Tuesday,0,1,0,0,23.2,0.7,120,43,34,9,0
2025-01-08,Biryani,Wednesday,0,1,0,0,23.9,0.0,220,149,119,30,0
2025-01-08,Chicken Curry,Wednesday,0,1,0,0,23.9,0.0,190,45,35,10,0
2025-01-08,Dosa,Wednesday,0,1,0,0,23.9,0.0,70,89,73,16,0
2025-01-08,Filter Coffee,Wednesday,0,1,0,0,23.9,0.0,30,124,107,17,0
2025-01-08,Fried Rice,Wednesday,0,1,0,0,23.9,0.0,160,61,61,0,1
2025-01-08,Idli,Wednesday,0,1,0,0,23.9,0.0,50,110,85,25,0
2025-01-08,Lassi,Wednesday,0,1,0,0,23.9,0.0,60,61,36,25,0
2025-01-08,Meals,Wednesday,0,1,0,0,23.9,0.0,140,94,74,20,0
2025-01-08,Parotta,Wednesday,0,1,0,0,23.9,0.0,40,84,59,25,0
2025-01-08,Veg Noodles,Wednesday,0,1,0,0,23.9,0.0,120,37,36,1,0
2025-01-09,Biryani,Thursday,0,1,0,0,24.1,0.0,220,125,123,2,0
2025-01-09,Chicken Curry,Thursday,0,1,0,0,24.1,0.0,190,54,42,12,0
2025-01-09,Dosa,Thursday,0,1,0,0,24.1,0.0,70,88,78,10,0
2025-01-09,Filter Coffee,Thursday,0,1,0,0,24.1,0.0,30,123,121,2,0
2025-01-09,Fried Rice,Thursday,0,1,0,0,24.1,0.0,160,58,47,11,0
2025-01-09,Idli,Thursday,0,1,0,0,24.1,0.0,50,121,84,37,0
2025-01-09,Lassi,Thursday,0,1,0,0,24.1,0.0,60,55,39,16,0
2025-01-09,Meals,Thursday,0,1,0,0,24.1,0.0,140,107,75,32,0
2025-01-09,Parotta,Thursday,0,1,0,0,24.1,0.0,40,74,65,9,0
2025-01-09,Veg Noodles,Thursday,0,1,0,0,24.1,0.0,120,37,31,6,0
2025-01-10,Biryani,Friday,0,1,0,0,26.8,0.0,220,160,102,58,0
2025-01-10,Chicken Curry,Friday,0,1,0,0,26.8,0.0,190,53,39,14,0
2025-01-10,Dosa,Friday,0,1,0,0,26.8,0.0,70,81,69,12,0
2025-01-10,Filter Coffee,Friday,0,1,0,0,26.8,0.0,30,136,103,33,0
2025-01-10,Fried Rice,Friday,0,1,0,0,26.8,0.0,160,64,43,21,0
2025-01-10,Idli,Friday,0,1,0,0,26.8,0.0,50,116,83,33,0
2025-01-10,Lassi,Friday,0,1,0,0,26.8,0.0,60,61,38,23,0
2025-01-10,Meals,Friday,0,1,0,0,26.8,0.0,140,98,72,26,0
2025-01-10,Parotta,Friday,0,1,0,0,26.8,0.0,40,84,68,16,0
2025-01-10,Veg Noodles,Friday,0,1,0,0,26.8,0.0,120,47,30,17,0
2025-01-11,Biryani,Saturday,1,1,0,0,25.8,0.0,220,150,135,15,0
2025-01-11,Chicken Curry,Saturday,1,1,0,0,25.8,0.0,190,59,44,15,0
2025-01-11,Dosa,Saturday,1,1,0,0,25.8,0.0,70,96,73,23,0
2025-01-11,Filter Coffee,Saturday,1,1,0,0,25.8,0.0,30,131,98,33,0
2025-01-11,Fried Rice,Saturday,1,1,0,0,25.8,0.0,160,62,48,14,0
2025-01-11,Idli,Saturday,1,1,0,0,25.8,0.0,50,102,92,10,0
2025-01-11,Lassi,Saturday,1,1,0,0,25.8,0.0,60,56,38,18,0
2025-01-11,Meals,Saturday,1,1,0,0,25.8,0.0,140,88,79,9,0
2025-01-11,Parotta,Saturday,1,1,0,0,25.8,0.0,40,93,61,32,0
2025-01-11,Veg Noodles,Saturday,1,1,0,0,25.8,0.0,120,42,37,5,0
2025-01-12,Biryani,Sunday,1,1,0,0,23.4,7.9,220,174,151,23,0
2025-01-12,Chicken Curry,Sunday,1,1,0,0,23.4,7.9,190,63,44,19,0
2025-01-12,Dosa,Sunday,1,1,0,0,23.4,7.9,70,101,86,15,0
2025-01-12,Filter Coffee,Sunday,1,1,0,0,23.4,7.9,30,136,103,33,0
2025-01-12,Fried Rice,Sunday,1,1,0,0,23.4,7.9,160,81,62,19,0
2025-01-12,Idli,Sunday,1,1,0,0,23.4,7.9,50,112,75,37,0
2025-01-12,Lassi,Sunday,1,1,0,0,23.4,7.9,60,67,37,30,0
2025-01-12,Meals,Sunday,1,1,0,0,23.4,7.9,140,96,78,18,0
2025-01-12,Parotta,Sunday,1,1,0,0,23.4,7.9,40,85,77,8,0
2025-01-12,Veg Noodles,Sunday,1,1,0,0,23.4,7.9,120,45,35,10,0
2025-01-13,Biryani,Monday,0,1,0,0,24.9,0.0,220,132,108,24,0
2025-01-13,Chicken Curry,Monday,0,1,0,0,24.9,0.0,190,49,38,11,0
2025-01-13,Dosa,Monday,0,1,0,0,24.9,0.0,70,98,75,23,0
2025-01-13,Filter Coffee,Monday,0,1,0,0,24.9,0.0,30,124,98,26,0
2025-01-13,Fried Rice,Monday,0,1,0,0,24.9,0.0,160,65,55,10,0
2025-01-13,Idli,Monday,0,1,0,0,24.9,0.0,50,106,76,30,0
2025-01-13,Lassi,Monday,0,1,0,0,24.9,0.0,60,59,31,28,0
2025-01-13,Meals,Monday,0,1,0,0,24.9,0.0,140,99,83,16,0
2025-01-13,Parotta,Monday,0,1,0,0,24.9,0.0,40,74,64,10,0
2025-01-13,Veg Noodles,Monday,0,1,0,0,24.9,0.0,120,43,36,7,0
2025-01-14,Biryani,Tuesday,0,1,1,0,24.0,0.0,220,124,118,6,0
2025-01-14,Chicken Curry,Tuesday,0,1,1,0,24.0,0.0,190,53,40,13,0
2025-01-14,Dosa,Tuesday,0,1,1,0,24.0,0.0,70,89,81,8,0
2025-01-14,Filter Coffee,Tuesday,0,1,1,0,24.0,0.0,30,122,122,0,1
2025-01-14,Fried Rice,Tuesday,0,1,1,0,24.0,0.0,160,66,55,11,0
2025-01-14,Idli,Tuesday,0,1,1,0,24.0,0.0,50,104,104,0,1
2025-01-14,Lassi,Tuesday,0,1,1,0,24.0,0.0,60,52,50,2,0
2025-01-14,Meals,Tuesday,0,1,1,0,24.0,0.0,140,88,88,0,0
2025-01-14,Parotta,Tuesday,0,1,1,0,24.0,0.0,40,92,69,23,0
2025-01-14,Veg Noodles,Tuesday,0,1,1,0,24.0,0.0,120,37,33,4,0
2025-01-15,Biryani,Wednesday,0,1,1,0,24.2,0.0,220,152,140,12,0
2025-01-15,Chicken Curry,Wednesday,0,1,1,0,24.2,0.0,190,49,45,4,0
2025-01-15,Dosa,Wednesday,0,1,1,0,24.2,0.0,70,82,76,6,0
2025-01-15,Filter Coffee,Wednesday,0,1,1,0,24.2,0.0,30,125,125,0,1
2025-01-15,Fried Rice,Wednesday,0,1,1,0,24.2,0.0,160,67,64,3,0
2025-01-15,Idli,Wednesday,0,1,1,0,24.2,0.0,50,113,101,12,0
2025-01-15,Lassi,Wednesday,0,1,1,0,24.2,0.0,60,57,42,15,0
2025-01-15,Meals,Wednesday,0,1,1,0,24.2,0.0,140,98,95,3,0
2025-01-15,Parotta,Wednesday,0,1,1,0,24.2,0.0,40,79,75,4,0
2025-01-15,Veg Noodles,Wednesday,0,1,1,0,24.2,0.0,120,46,37,9,0
2025-01-16,Biryani,Thursday,0,1,0,0,24.8,0.0,220,135,100,35,0
2025-01-16,Chicken Curry,Thursday,0,1,0,0,24.8,0.0,190,48,39,9,0
2025-01-16,Dosa,Thursday,0,1,0,0,24.8,0.0,70,82,69,13,0
2025-01-16,Filter Coffee,Thursday,0,1,0,0,24.8,0.0,30,120,93,27,0
2025-01-16,Fried Rice,Thursday,0,1,0,0,24.8,0.0,160,66,52,14,0
2025-01-16,Idli,Thursday,0,1,0,0,24.8,0.0,50,106,84,22,0
2025-01-16,Lassi,Thursday,0,1,0,0,24.8,0.0,60,57,39,18,0
2025-01-16,Meals,Thursday,0,1,0,0,24.8,0.0,140,93,77,16,0
2025-01-16,Parotta,Thursday,0,1,0,0,24.8,0.0,40,79,63,16,0
2025-01-16,Veg Noodles,Thursday,0,1,0,0,24.8,0.0,120,36,31,5,0
2025-01-17,Biryani,Friday,0,1,0,0,25.3,0.0,220,153,115,38,0
2025-01-17,Chicken Curry,Friday,0,1,0,0,25.3,0.0,190,48,41,7,0
2025-01-17,Dosa,Friday,0,1,0,0,25.3,0.0,70,84,68,16,0
2025-01-17,Filter Coffee,Friday,0,1,0,0,25.3,0.0,30,115,100,15,0
2025-01-17,Fried Rice,Friday,0,1,0,0,25.3,0.0,160,63,51,12,0
2025-01-17,Idli,Friday,0,1,0,0,25.3,0.0,50,111,85,26,0
2025-01-17,Lassi,Friday,0,1,0,0,25.3,0.0,60,56,37,19,0
2025-01-17,Meals,Friday,0,1,0,0,25.3,0.0,140,98,69,29,0
2025-01-17,Parotta,Friday,0,1,0,0,25.3,0.0,40,80,78,2,0
2025-01-17,Veg Noodles,Friday,0,1,0,0,25.3,0.0,120,46,33,13,0
2025-01-18,Biryani,Saturday,1,1,0,0,24.1,0.0,220,164,129,35,0
2025-01-18,Chicken Curry,Saturday,1,1,0,0,24.1,0.0,190,52,41,11,0
2025-01-18,Dosa,Saturday,1,1,0,0,24.1,0.0,70,105,86,19,0
2025-01-18,Filter Coffee,Saturday,1,1,0,0,24.1,0.0,30,134,107,27,0
2025-01-18,Fried Rice,Saturday,1,1,0,0,24.1,0.0,160,63,54,9,0
2025-01-18,Idli,Saturday,1,1,0,0,24.1,0.0,50,103,85,18,0
2025-01-18,Lassi,Saturday,1,1,0,0,24.1,0.0,60,63,34,29,0
2025-01-18,Meals,Saturday,1,1,0,0,24.1,0.0,140,88,78,10,0
2025-01-18,Parotta,Saturday,1,1,0,0,24.1,0.0,40,94,73,21,0
2025-01-18,Veg Noodles,Saturday,1,1,0,0,24.1,0.0,120,44,37,7,0
2025-01-19,Biryani,Sunday,1,1,0,0,25.8,0.0,220,177,149,28,0
2025-01-19,Chicken Curry,Sunday,1,1,0,0,25.8,0.0,190,63,46,17,0
2025-01-19,Dosa,Sunday,1,1,0,0,25.8,0.0,70,106,82,24,0
2025-01-19,Filter Coffee,Sunday,1,1,0,0,25.8,0.0,30,129,108,21,0
2025-01-19,Fried Rice,Sunday,1,1,0,0,25.8,0.0,160,71,59,12,0
2025-01-19,Idli,Sunday,1,1,0,0,25.8,0.0,50,110,78,32,0
2025-01-19,Lassi,Sunday,1,1,0,0,25.8,0.0,60,59,48,11,0
2025-01-19,Meals,Sunday,1,1,0,0,25.8,0.0,140,111,73,38,0
2025-01-19,Parotta,Sunday,1,1,0,0,25.8,0.0,40,95,81,14,0
2025-01-19,Veg Noodles,Sunday,1,1,0,0,25.8,0.0,120,43,39,4,0
2025-01-20,Biryani,Monday,0,1,0,0,23.2,0.0,220,141,105,36,0
2025-01-20,Chicken Curry,Monday,0,1,0,0,23.2,0.0,190,46,40,6,0
2025-01-20,Dosa,Monday,0,1,0,0,23.2,0.0,70,96,66,30,0
2025-01-20,Filter Coffee,Monday,0,1,0,0,23.2,0.0,30,118,106,12,0
2025-01-20,Fried Rice,Monday,0,1,0,0,23.2,0.0,160,68,53,15,0
2025-01-20,Idli,Monday,0,1,0,0,23.2,0.0,50,122,91,31,0
2025-01-20,Lassi,Monday,0,1,0,0,23.2,0.0,60,55,31,24,0
2025-01-20,Meals,Monday,0,1,0,0,23.2,0.0,140,93,75,18,0
2025-01-20,Parotta,Monday,0,1,0,0,23.2,0.0,40,88,65,23,0
2025-01-20,Veg Noodles,Monday,0,1,0,0,23.2,0.0,120,40,35,5,0
2025-01-21,Biryani,Tuesday,0,1,0,0,24.6,0.0,220,151,104,47,0
2025-01-21,Chicken Curry,Tuesday,0,1,0,0,24.6,0.0,190,51,37,14,0
2025-01-21,Dosa,Tuesday,0,1,0,0,24.6,0.0,70,97,65,32,0
2025-01-21,Filter Coffee,Tuesday,0,1,0,0,24.6,0.0,30,122,106,16,0
2025-01-21,Fried Rice,Tuesday,0,1,0,0,24.6,0.0,160,69,51,18,0
2025-01-21,Idli,Tuesday,0,1,0,0,24.6,0.0,50,104,81,23,0
2025-01-21,Lassi,Tuesday,0,1,0,0,24.6,0.0,60,62,37,25,0
2025-01-21,Meals,Tuesday,0,1,0,0,24.6,0.0,140,88,71,17,0
2025-01-21,Parotta,Tuesday,0,1,0,0,24.6,0.0,40,83,56,27,0
2025-01-21,Veg Noodles,Tuesday,0,1,0,0,24.6,0.0,120,46,35,11,0
2025-01-22,Biryani,Wednesday,0,1,0,0,27.7,0.0,220,144,109,35,0
2025-01-22,Chicken Curry,Wednesday,0,1,0,0,27.7,0.0,190,53,37,16,0
2025-01-22,Dosa,Wednesday,0,1,0,0,27.7,0.0,70,80,66,14,0
2025-01-22,Filter Coffee,Wednesday,0,1,0,0,27.7,0.0,30,115,90,25,0
2025-01-22,Fried Rice,Wednesday,0,1,0,0,27.7,0.0,160,66,46,20,0
2025-01-22,Idli,Wednesday,0,1,0,0,27.7,0.0,50,110,84,26,0
2025-01-22,Lassi,Wednesday,0,1,0,0,27.7,0.0,60,51,41,10,0
2025-01-22,Meals,Wednesday,0,1,0,0,27.7,0.0,140,95,78,17,0
2025-01-22,Parotta,Wednesday,0,1,0,0,27.7,0.0,40,72,68,4,0
2025-01-22,Veg Noodles,Wednesday,0,1,0,0,27.7,0.0,120,41,32,9,0
2025-01-23,Biryani,Thursday,0,1,0,0,24.9,0.0,220,138,119,19,0
2025-01-23,Chicken Curry,Thursday,0,1,0,0,24.9,0.0,190,47,44,3,0
2025-01-23,Dosa,Thursday,0,1,0,0,24.9,0.0,70,94,67,27,0
2025-01-23,Filter Coffee,Thursday,0,1,0,0,24.9,0.0,30,126,97,29,0
2025-01-23,Fried Rice,Thursday,0,1,0,0,24.9,0.0,160,57,49,8,0
2025-01-23,Idli,Thursday,0,1,0,0,24.9,0.0,50,116,73,43,0
2025-01-23,Lassi,Thursday,0,1,0,0,24.9,0.0,60,50,37,13,0
2025-01-23,Meals,Thursday,0,1,0,0,24.9,0.0,140,96,68,28,0
2025-01-23,Parotta,Thursday,0,1,0,0,24.9,0.0,40,82,62,20,0
2025-01-23,Veg Noodles,Thursday,0,1,0,0,24.9,0.0,120,37,37,0,1
2025-01-24,Biryani,Friday,0,1,0,0,26.4,0.0,220,152,140,12,0
2025-01-24,Chicken Curry,Friday,0,1,0,0,26.4,0.0,190,46,37,9,0
2025-01-24,Dosa,Friday,0,1,0,0,26.4,0.0,70,96,71,25,0
2025-01-24,Filter Coffee,Friday,0,1,0,0,26.4,0.0,30,119,101,18,0
2025-01-24,Fried Rice,Friday,0,1,0,0,26.4,0.0,160,60,60,0,0
2025-01-24,Idli,Friday,0,1,0,0,26.4,0.0,50,99,94,5,0
2025-01-24,Lassi,Friday,0,1,0,0,26.4,0.0,60,52,37,15,0
2025-01-24,Meals,Friday,0,1,0,0,26.4,0.0,140,101,77,24,0
2025-01-24,Parotta,Friday,0,1,0,0,26.4,0.0,40,76,65,11,0
2025-01-24,Veg Noodles,Friday,0,1,0,0,26.4,0.0,120,47,38,9,0
2025-01-25,Biryani,Saturday,1,1,0,0,24.8,0.0,220,166,115,51,0
2025-01-25,Chicken Curry,Saturday,1,1,0,0,24.8,0.0,190,57,48,9,0
2025-01-25,Dosa,Saturday,1,1,0,0,24.8,0.0,70,89,82,7,0
2025-01-25,Filter Coffee,Saturday,1,1,0,0,24.8,0.0,30,135,108,27,0
2025-01-25,Fried Rice,Saturday,1,1,0,0,24.8,0.0,160,76,56,20,0
2025-01-25,Idli,Saturday,1,1,0,0,24.8,0.0,50,113,82,31,0
2025-01-25,Lassi,Saturday,1,1,0,0,24.8,0.0,60,67,39,28,0
2025-01-25,Meals,Saturday,1,1,0,0,24.8,0.0,140,101,83,18,0
2025-01-25,Parotta,Saturday,1,1,0,0,24.8,0.0,40,98,65,33,0
2025-01-25,Veg Noodles,Saturday,1,1,0,0,24.8,0.0,120,41,35,6,0
2025-01-26,Biryani,Sunday,1,1,1,1,25.4,0.0,220,174,174,0,1
2025-01-26,Chicken Curry,Sunday,1,1,1,1,25.4,0.0,190,52,52,0,1
2025-01-26,Dosa,Sunday,1,1,1,1,25.4,0.0,70,98,95,3,0
2025-01-26,Filter Coffee,Sunday,1,1,1,1,25.4,0.0,30,125,125,0,1
2025-01-26,Fried Rice,Sunday,1,1,1,1,25.4,0.0,160,67,67,0,1
2025-01-26,Idli,Sunday,1,1,1,1,25.4,0.0,50,105,105,0,1
2025-01-26,Lassi,Sunday,1,1,1,1,25.4,0.0,60,57,51,6,0
2025-01-26,Meals,Sunday,1,1,1,1,25.4,0.0,140,91,91,0,1
2025-01-26,Parotta,Sunday,1,1,1,1,25.4,0.0,40,86,86,0,1
2025-01-26,Veg Noodles,Sunday,1,1,1,1,25.4,0.0,120,42,42,0,1
2025-01-27,Biryani,Monday,0,1,0,0,24.7,0.0,220,142,101,41,0
2025-01-27,Chicken Curry,Monday,0,1,0,0,24.7,0.0,190,52,40,12,0
2025-01-27,Dosa,Monday,0,1,0,0,24.7,0.0,70,93,85,8,0
2025-01-27,Filter Coffee,Monday,0,1,0,0,24.7,0.0,30,121,97,24,0
2025-01-27,Fried Rice,Monday,0,1,0,0,24.7,0.0,160,63,51,12,0
2025-01-27,Idli,Monday,0,1,0,0,24.7,0.0,50,100,91,9,0
2025-01-27,Lassi,Monday,0,1,0,0,24.7,0.0,60,51,38,13,0
2025-01-27,Meals,Monday,0,1,0,0,24.7,0.0,140,105,71,34,0
2025-01-27,Parotta,Monday,0,1,0,0,24.7,0.0,40,77,71,6,0
2025-01-27,Veg Noodles,Monday,0,1,0,0,24.7,0.0,120,37,32,5,0
2025-01-28,Biryani,Tuesday,0,1,0,0,24.5,0.0,220,135,120,15,0
2025-01-28,Chicken Curry,Tuesday,0,1,0,0,24.5,0.0,190,48,40,8,0
2025-01-28,Dosa,Tuesday,0,1,0,0,24.5,0.0,70,98,65,33,0
2025-01-28,Filter Coffee,Tuesday,0,1,0,0,24.5,0.0,30,131,102,29,0
2025-01-28,Fried Rice,Tuesday,0,1,0,0,24.5,0.0,160,60,50,10,0
2025-01-28,Idli,Tuesday,0,1,0,0,24.5,0.0,50,120,91,29,0
2025-01-28,Lassi,Tuesday,0,1,0,0,24.5,0.0,60,58,38,20,0
2025-01-28,Meals,Tuesday,0,1,0,0,24.5,0.0,140,95,76,19,0
2025-01-28,Parotta,Tuesday,0,1,0,0,24.5,0.0,40,82,70,12,0
2025-01-28,Veg Noodles,Tuesday,0,1,0,0,24.5,0.0,120,45,34,11,0
2025-01-29,Biryani,Wednesday,0,1,0,0,23.8,0.0,220,146,103,43,0
2025-01-29,Chicken Curry,Wednesday,0,1,0,0,23.8,0.0,190,48,37,11,0
2025-01-29,Dosa,Wednesday,0,1,0,0,23.8,0.0,70,81,63,18,0
2025-01-29,Filter Coffee,Wednesday,0,1,0,0,23.8,0.0,30,136,119,17,0
2025-01-29,Fried Rice,Wednesday,0,1,0,0,23.8,0.0,160,59,50,9,0
2025-01-29,Idli,Wednesday,0,1,0,0,23.8,0.0,50,108,87,21,0
2025-01-29,Lassi,Wednesday,0,1,0,0,23.8,0.0,60,59,35,24,0
2025-01-29,Meals,Wednesday,0,1,0,0,23.8,0.0,140,86,77,9,0
2025-01-29,Parotta,Wednesday,0,1,0,0,23.8,0.0,40,76,74,2,0
2025-01-29,Veg Noodles,Wednesday,0,1,0,0,23.8,0.0,120,38,31,7,0
2025-01-30,Biryani,Thursday,0,1,0,0,25.3,27.9,220,153,98,55,0
2025-01-30,Chicken Curry,Thursday,0,1,0,0,25.3,27.9,190,49,35,14,0
2025-01-30,Dosa,Thursday,0,1,0,0,25.3,27.9,70,98,83,15,0
2025-01-30,Filter Coffee,Thursday,0,1,0,0,25.3,27.9,30,133,119,14,0
2025-01-30,Fried Rice,Thursday,0,1,0,0,25.3,27.9,160,65,51,14,0
2025-01-30,Idli,Thursday,0,1,0,0,25.3,27.9,50,101,95,6,0
2025-01-30,Lassi,Thursday,0,1,0,0,25.3,27.9,60,55,32,23,0
2025-01-30,Meals,Thursday,0,1,0,0,25.3,27.9,140,103,86,17,0
2025-01-30,Parotta,Thursday,0,1,0,0,25.3,27.9,40,83,79,4,0
2025-01-30,Veg Noodles,Thursday,0,1,0,0,25.3,27.9,120,38,30,8,0
2025-01-31,Biryani,Friday,0,1,0,0,23.8,0.0,220,163,113,50,0
2025-01-31,Chicken Curry,Friday,0,1,0,0,23.8,0.0,190,51,34,17,0
2025-01-31,Dosa,Friday,0,1,0,0,23.8,0.0,70,101,80,21,0
2025-01-31,Filter Coffee,Friday,0,1,0,0,23.8,0.0,30,124,104,20,0
2025-01-31,Fried Rice,Friday,0,1,0,0,23.8,0.0,160,72,55,17,0
2025-01-31,Idli,Friday,0,1,0,0,23.8,0.0,50,100,80,20,0
2025-01-31,Lassi,Friday,0,1,0,0,23.8,0.0,60,63,43,20,0
2025-01-31,Meals,Friday,0,1,0,0,23.8,0.0,140,102,69,33,0
2025-01-31,Parotta,Friday,0,1,0,0,23.8,0.0,40,85,57,28,0
2025-01-31,Veg Noodles,Friday,0,1,0,0,23.8,0.0,120,47,29,18,0
2025-02-01,Biryani,Saturday,1,2,0,1,25.7,0.0,220,175,144,31,0
2025-02-01,Chicken Curry,Saturday,1,2,0,1,25.7,0.0,190,53,46,7,0
2025-02-01,Dosa,Saturday,1,2,0,1,25.7,0.0,70,105,83,22,0
2025-02-01,Filter Coffee,Saturday,1,2,0,1,25.7,0.0,30,119,106,13,0
2025-02-01,Fried Rice,Saturday,1,2,0,1,25.7,0.0,160,74,63,11,0
2025-02-01,Idli,Saturday,1,2,0,1,25.7,0.0,50,113,85,28,0
2025-02-01,Lassi,Saturday,1,2,0,1,25.7,0.0,60,53,41,12,0
2025-02-01,Meals,Saturday,1,2,0,1,25.7,0.0,140,104,82,22,0
2025-02-01,Parotta,Saturday,1,2,0,1,25.7,0.0,40,101,72,29,0
2025-02-01,Veg Noodles,Saturday,1,2,0,1,25.7,0.0,120,46,39,7,0
2025-02-02,Biryani,Sunday,1,2,0,0,26.2,13.2,220,181,141,40,0
2025-02-02,Chicken Curry,Sunday,1,2,0,0,26.2,13.2,190,56,50,6,0
2025-02-02,Dosa,Sunday,1,2,0,0,26.2,13.2,70,87,81,6,0
2025-02-02,Filter Coffee,Sunday,1,2,0,0,26.2,13.2,30,129,101,28,0
2025-02-02,Fried Rice,Sunday,1,2,0,0,26.2,13.2,160,74,55,19,0
2025-02-02,Idli,Sunday,1,2,0,0,26.2,13.2,50,114,83,31,0
2025-02-02,Lassi,Sunday,1,2,0,0,26.2,13.2,60,64,36,28,0
2025-02-02,Meals,Sunday,1,2,0,0,26.2,13.2,140,101,101,0,0
2025-02-02,Parotta,Sunday,1,2,0,0,26.2,13.2,40,86,67,19,0
2025-02-02,Veg Noodles,Sunday,1,2,0,0,26.2,13.2,120,45,41,4,0
2025-02-03,Biryani,Monday,0,2,0,0,25.4,0.0,220,146,114,32,0
2025-02-03,Chicken Curry,Monday,0,2,0,0,25.4,0.0,190,47,35,12,0
2025-02-03,Dosa,Monday,0,2,0,0,25.4,0.0,70,83,73,10,0
2025-02-03,Filter Coffee,Monday,0,2,0,0,25.4,0.0,30,133,103,30,0
2025-02-03,Fried Rice,Monday,0,2,0,0,25.4,0.0,160,61,51,10,0
2025-02-03,Idli,Monday,0,2,0,0,25.4,0.0,50,107,82,25,0
2025-02-03,Lassi,Monday,0,2,0,0,25.4,0.0,60,56,37,19,0
2025-02-03,Meals,Monday,0,2,0,0,25.4,0.0,140,94,74,20,0
2025-02-03,Parotta,Monday,0,2,0,0,25.4,0.0,40,84,68,16,0
2025-02-03,Veg Noodles,Monday,0,2,0,0,25.4,0.0,120,42,32,10,0
2025-02-04,Biryani,Tuesday,0,2,0,0,24.6,0.0,220,127,110,17,0
2025-02-04,Chicken Curry,Tuesday,0,2,0,0,24.6,0.0,190,53,38,15,0
2025-02-04,Dosa,Tuesday,0,2,0,0,24.6,0.0,70,94,71,23,0
2025-02-04,Filter Coffee,Tuesday,0,2,0,0,24.6,0.0,30,138,107,31,0
2025-02-04,Fried Rice,Tuesday,0,2,0,0,24.6,0.0,160,68,49,19,0
2025-02-04,Idli,Tuesday,0,2,0,0,24.6,0.0,50,99,98,1,0
2025-02-04,Lassi,Tuesday,0,2,0,0,24.6,0.0,60,53,35,18,0
2025-02-04,Meals,Tuesday,0,2,0,0,24.6,0.0,140,97,65,32,0
2025-02-04,Parotta,Tuesday,0,2,0,0,24.6,0.0,40,87,62,25,0
2025-02-04,Veg Noodles,Tuesday,0,2,0,0,24.6,0.0,120,39,33,6,0
2025-02-05,Biryani,Wednesday,0,2,0,0,25.5,0.0,220,137,99,38,0
2025-02-05,Chicken Curry,Wednesday,0,2,0,0,25.5,0.0,190,44,34,10,0
2025-02-05,Dosa,Wednesday,0,2,0,0,25.5,0.0,70,85,63,22,0
2025-02-05,Filter Coffee,Wednesday,0,2,0,0,25.5,0.0,30,123,108,15,0
2025-02-05,Fried Rice,Wednesday,0,2,0,0,25.5,0.0,160,63,48,15,0
2025-02-05,Idli,Wednesday,0,2,0,0,25.5,0.0,50,99,90,9,0
2025-02-05,Lassi,Wednesday,0,2,0,0,25.5,0.0,60,60,41,19,0
2025-02-05,Meals,Wednesday,0,2,0,0,25.5,0.0,140,86,72,14,0
2025-02-05,Parotta,Wednesday,0,2,0,0,25.5,0.0,40,75,63,12,0
2025-02-05,Veg Noodles,Wednesday,0,2,0,0,25.5,0.0,120,41,34,7,0
2025-02-06,Biryani,Thursday,0,2,0,0,24.7,0.0,220,129,117,12,0
2025-02-06,Chicken Curry,Thursday,0,2,0,0,24.7,0.0,190,46,37,9,0
2025-02-06,Dosa,Thursday,0,2,0,0,24.7,0.0,70,80,58,22,0
2025-02-06,Filter Coffee,Thursday,0,2,0,0,24.7,0.0,30,129,108,21,0
2025-02-06,Fried Rice,Thursday,0,2,0,0,24.7,0.0,160,62,61,1,0
2025-02-06,Idli,Thursday,0,2,0,0,24.7,0.0,50,114,82,32,0
2025-02-06,Lassi,Thursday,0,2,0,0,24.7,0.0,60,56,38,18,0
2025-02-06,Meals,Thursday,0,2,0,0,24.7,0.0,140,92,61,31,0
2025-02-06,Parotta,Thursday,0,2,0,0,24.7,0.0,40,85,64,21,0
2025-02-06,Veg Noodles,Thursday,0,2,0,0,24.7,0.0,120,40,30,10,0
2025-02-07,Biryani,Friday,0,2,0,0,26.2,0.0,220,129,116,13,0
2025-02-07,Chicken Curry,Friday,0,2,0,0,26.2,0.0,190,47,37,10,0
2025-02-07,Dosa,Friday,0,2,0,0,26.2,0.0,70,98,67,31,0
2025-02-07,Filter Coffee,Friday,0,2,0,0,26.2,0.0,30,118,99,19,0
2025-02-07,Fried Rice,Friday,0,2,0,0,26.2,0.0,160,68,45,23,0
2025-02-07,Idli,Friday,0,2,0,0,26.2,0.0,50,105,84,21,0
2025-02-07,Lassi,Friday,0,2,0,0,26.2,0.0,60,53,39,14,0
2025-02-07,Meals,Friday,0,2,0,0,26.2,0.0,140,110,78,32,0
2025-02-07,Parotta,Friday,0,2,0,0,26.2,0.0,40,93,69,24,0
2025-02-07,Veg Noodles,Friday,0,2,0,0,26.2,0.0,120,44,34,10,0
2025-02-08,Biryani,Saturday,1,2,0,0,22.9,0.0,220,181,144,37,0
2025-02-08,Chicken Curry,Saturday,1,2,0,0,22.9,0.0,190,54,44,10,0
2025-02-08,Dosa,Saturday,1,2,0,0,22.9,0.0,70,84,84,0,1
2025-02-08,Filter Coffee,Saturday,1,2,0,0,22.9,0.0,30,111,103,8,0
2025-02-08,Fried Rice,Saturday,1,2,0,0,22.9,0.0,160,65,60,5,0
2025-02-08,Idli,Saturday,1,2,0,0,22.9,0.0,50,104,85,19,0
2025-02-08,Lassi,Saturday,1,2,0,0,22.9,0.0,60,53,38,15,0
2025-02-08,Meals,Saturday,1,2,0,0,22.9,0.0,140,104,85,19,0
2025-02-08,Parotta,Saturday,1,2,0,0,22.9,0.0,40,97,64,33,0
2025-02-08,Veg Noodles,Saturday,1,2,0,0,22.9,0.0,120,48,39,9,0
2025-02-09,Biryani,Sunday,1,2,0,0,24.7,0.3,220,193,134,59,0
2025-02-09,Chicken Curry,Sunday,1,2,0,0,24.7,0.3,190,54,45,9,0
2025-02-09,Dosa,Sunday,1,2,0,0,24.7,0.3,70,97,90,7,0
2025-02-09,Filter Coffee,Sunday,1,2,0,0,24.7,0.3,30,116,116,0,1
2025-02-09,Fried Rice,Sunday,1,2,0,0,24.7,0.3,160,66,55,11,0
2025-02-09,Idli,Sunday,1,2,0,0,24.7,0.3,50,99,81,18,0
2025-02-09,Lassi,Sunday,1,2,0,0,24.7,0.3,60,56,42,14,0
2025-02-09,Meals,Sunday,1,2,0,0,24.7,0.3,140,101,75,26,0
2025-02-09,Parotta,Sunday,1,2,0,0,24.7,0.3,40,106,68,38,0
2025-02-09,Veg Noodles,Sunday,1,2,0,0,24.7,0.3,120,46,39,7,0
2025-02-10,Biryani,Monday,0,2,0,0,22.8,2.9,220,138,97,41,0
2025-02-10,Chicken Curry,Monday,0,2,0,0,22.8,2.9,190,51,35,16,0
2025-02-10,Dosa,Monday,0,2,0,0,22.8,2.9,70,99,70,29,0
2025-02-10,Filter Coffee,Monday,0,2,0,0,22.8,2.9,30,109,104,5,0
2025-02-10,Fried Rice,Monday,0,2,0,0,22.8,2.9,160,67,50,17,0
2025-02-10,Idli,Monday,0,2,0,0,22.8,2.9,50,109,90,19,0
2025-02-10,Lassi,Monday,0,2,0,0,22.8,2.9,60,60,39,21,0
2025-02-10,Meals,Monday,0,2,0,0,22.8,2.9,140,90,73,17,0
2025-02-10,Parotta,Monday,0,2,0,0,22.8,2.9,40,87,66,21,0
2025-02-10,Veg Noodles,Monday,0,2,0,0,22.8,2.9,120,38,36,2,0
2025-02-11,Biryani,Tuesday,0,2,0,0,23.4,0.0,220,129,111,18,0
2025-02-11,Chicken Curry,Tuesday,0,2,0,0,23.4,0.0,190,43,36,7,0
2025-02-11,Dosa,Tuesday,0,2,0,0,23.4,0.0,70,88,66,22,0
2025-02-11,Filter Coffee,Tuesday,0,2,0,0,23.4,0.0,30,124,96,28,0
2025-02-11,Fried Rice,Tuesday,0,2,0,0,23.4,0.0,160,64,61,3,0
2025-02-11,Idli,Tuesday,0,2,0,0,23.4,0.0,50,114,88,26,0
2025-02-11,Lassi,Tuesday,0,2,0,0,23.4,0.0,60,52,35,17,0
2025-02-11,Meals,Tuesday,0,2,0,0,23.4,0.0,140,102,82,20,0
2025-02-11,Parotta,Tuesday,0,2,0,0,23.4,0.0,40,80,72,8,0
2025-02-11,Veg Noodles,Tuesday,0,2,0,0,23.4,0.0,120,40,37,3,0
2025-02-12,Biryani,Wednesday,0,2,0,0,26.9,0.0,220,144,121,23,0
2025-02-12,Chicken Curry,Wednesday,0,2,0,0,26.9,0.0,190,50,35,15,0
2025-02-12,Dosa,Wednesday,0,2,0,0,26.9,0.0,70,99,72,27,0
2025-02-12,Filter Coffee,Wednesday,0,2,0,0,26.9,0.0,30,120,89,31,0
2025-02-12,Fried Rice,Wednesday,0,2,0,0,26.9,0.0,160,57,45,12,0
2025-02-12,Idli,Wednesday,0,2,0,0,26.9,0.0,50,111,78,33,0
2025-02-12,Lassi,Wednesday,0,2,0,0,26.9,0.0,60,61,37,24,0
2025-02-12,Meals,Wednesday,0,2,0,0,26.9,0.0,140,91,66,25,0
2025-02-12,Parotta,Wednesday,0,2,0,0,26.9,0.0,40,91,65,26,0
2025-02-12,Veg Noodles,Wednesday,0,2,0,0,26.9,0.0,120,44,34,10,0
2025-02-13,Biryani,Thursday,0,2,0,0,26.4,3.8,220,136,110,26,0
2025-02-13,Chicken Curry,Thursday,0,2,0,0,26.4,3.8,190,45,34,11,0
2025-02-13,Dosa,Thursday,0,2,0,0,26.4,3.8,70,88,73,15,0
2025-02-13,Filter Coffee,Thursday,0,2,0,0,26.4,3.8,30,129,101,28,0
2025-02-13,Fried Rice,Thursday,0,2,0,0,26.4,3.8,160,59,46,13,0
2025-02-13,Idli,Thursday,0,2,0,0,26.4,3.8,50,101,74,27,0
2025-02-13,Lassi,Thursday,0,2,0,0,26.4,3.8,60,50,38,12,0
2025-02-13,Meals,Thursday,0,2,0,0,26.4,3.8,140,88,68,20,0
2025-02-13,Parotta,Thursday,0,2,0,0,26.4,3.8,40,77,61,16,0
2025-02-13,Veg Noodles,Thursday,0,2,0,0,26.4,3.8,120,44,31,13,0
2025-02-14,Biryani,Friday,0,2,0,0,24.5,0.0,220,158,116,42,0
2025-02-14,Chicken Curry,Friday,0,2,0,0,24.5,0.0,190,50,44,6,0
2025-02-14,Dosa,Friday,0,2,0,0,24.5,0.0,70,88,76,12,0
2025-02-14,Filter Coffee,Friday,0,2,0,0,24.5,0.0,30,128,113,15,0
2025-02-14,Fried Rice,Friday,0,2,0,0,24.5,0.0,160,73,52,21,0
2025-02-14,Idli,Friday,0,2,0,0,24.5,0.0,50,108,84,24,0
2025-02-14,Lassi,Friday,0,2,0,0,24.5,0.0,60,64,30,34,0
2025-02-14,Meals,Friday,0,2,0,0,24.5,0.0,140,89,76,13,0
2025-02-14,Parotta,Friday,0,2,0,0,24.5,0.0,40,87,57,30,0
2025-02-14,Veg Noodles,Friday,0,2,0,0,24.5,0.0,120,46,33,13,0
2025-02-15,Biryani,Saturday,1,2,0,0,23.6,0.0,220,182,122,60,0
2025-02-15,Chicken Curry,Saturday,1,2,0,0,23.6,0.0,190,51,43,8,0
2025-02-15,Dosa,Saturday,1,2,0,0,23.6,0.0,70,86,62,24,0
2025-02-15,Filter Coffee,Saturday,1,2,0,0,23.6,0.0,30,114,101,13,0
2025-02-15,Fried Rice,Saturday,1,2,0,0,23.6,0.0,160,72,52,20,0
2025-02-15,Idli,Saturday,1,2,0,0,23.6,0.0,50,105,88,17,0
2025-02-15,Lassi,Saturday,1,2,0,0,23.6,0.0,60,64,37,27,0
2025-02-15,Meals,Saturday,1,2,0,0,23.6,0.0,140,106,75,31,0
2025-02-15,Parotta,Saturday,1,2,0,0,23.6,0.0,40,97,77,20,0
2025-02-15,Veg Noodles,Saturday,1,2,0,0,23.6,0.0,120,51,42,9,0
2025-02-16,Biryani,Sunday,1,2,0,0,21.9,0.0,220,171,166,5,0
2025-02-16,Chicken Curry,Sunday,1,2,0,0,21.9,0.0,190,63,40,23,0
2025-02-16,Dosa,Sunday,1,2,0,0,21.9,0.0,70,95,95,0,1
2025-02-16,Filter Coffee,Sunday,1,2,0,0,21.9,0.0,30,129,122,7,0
2025-02-16,Fried Rice,Sunday,1,2,0,0,21.9,0.0,160,77,64,13,0
2025-02-16,Idli,Sunday,1,2,0,0,21.9,0.0,50,104,80,24,0
2025-02-16,Lassi,Sunday,1,2,0,0,21.9,0.0,60,56,40,16,0
2025-02-16,Meals,Sunday,1,2,0,0,21.9,0.0,140,106,80,26,0
2025-02-16,Parotta,Sunday,1,2,0,0,21.9,0.0,40,104,71,33,0
2025-02-16,Veg Noodles,Sunday,1,2,0,0,21.9,0.0,120,52,39,13,0
2025-02-17,Biryani,Monday,0,2,0,0,24.8,0.0,220,129,102,27,0
2025-02-17,Chicken Curry,Monday,0,2,0,0,24.8,0.0,190,54,36,18,0
2025-02-17,Dosa,Monday,0,2,0,0,24.8,0.0,70,86,77,9,0
2025-02-17,Filter Coffee,Monday,0,2,0,0,24.8,0.0,30,114,104,10,0
2025-02-17,Fried Rice,Monday,0,2,0,0,24.8,0.0,160,55,47,8,0
2025-02-17,Idli,Monday,0,2,0,0,24.8,0.0,50,100,96,4,0
2025-02-17,Lassi,Monday,0,2,0,0,24.8,0.0,60,49,38,11,0
2025-02-17,Meals,Monday,0,2,0,0,24.8,0.0,140,86,69,17,0
2025-02-17,Parotta,Monday,0,2,0,0,24.8,0.0,40,91,59,32,0
2025-02-17,Veg Noodles,Monday,0,2,0,0,24.8,0.0,120,46,33,13,0
2025-02-18,Biryani,Tuesday,0,2,0,0,28.4,0.0,220,130,102,28,0
2025-02-18,Chicken Curry,Tuesday,0,2,0,0,28.4,0.0,190,45,41,4,0
2025-02-18,Dosa,Tuesday,0,2,0,0,28.4,0.0,70,97,69,28,0
2025-02-18,Filter Coffee,Tuesday,0,2,0,0,28.4,0.0,30,109,108,1,0
2025-02-18,Fried Rice,Tuesday,0,2,0,0,28.4,0.0,160,69,51,18,0
2025-02-18,Idli,Tuesday,0,2,0,0,28.4,0.0,50,101,86,15,0
2025-02-18,Lassi,Tuesday,0,2,0,0,28.4,0.0,60,59,42,17,0
2025-02-18,Meals,Tuesday,0,2,0,0,28.4,0.0,140,87,77,10,0
2025-02-18,Parotta,Tuesday,0,2,0,0,28.4,0.0,40,74,56,18,0
2025-02-18,Veg Noodles,Tuesday,0,2,0,0,28.4,0.0,120,43,30,13,0
2025-02-19,Biryani,Wednesday,0,2,0,0,26.1,0.0,220,124,115,9,0
2025-02-19,Chicken Curry,Wednesday,0,2,0,0,26.1,0.0,190,54,36,18,0
2025-02-19,Dosa,Wednesday,0,2,0,0,26.1,0.0,70,99,67,32,0
2025-02-19,Filter Coffee,Wednesday,0,2,0,0,26.1,0.0,30,139,96,43,0
2025-02-19,Fried Rice,Wednesday,0,2,0,0,26.1,0.0,160,68,44,24,0
2025-02-19,Idli,Wednesday,0,2,0,0,26.1,0.0,50,111,97,14,0
2025-02-19,Lassi,Wednesday,0,2,0,0,26.1,0.0,60,49,40,9,0
2025-02-19,Meals,Wednesday,0,2,0,0,26.1,0.0,140,100,75,25,0
2025-02-19,Parotta,Wednesday,0,2,0,0,26.1,0.0,40,87,58,29,0
2025-02-19,Veg Noodles,Wednesday,0,2,0,0,26.1,0.0,120,39,33,6,0
2025-02-20,Biryani,Thursday,0,2,0,0,25.0,0.0,220,134,95,39,0
2025-02-20,Chicken Curry,Thursday,0,2,0,0,25.0,0.0,190,46,43,3,0
2025-02-20,Dosa,Thursday,0,2,0,0,25.0,0.0,70,79,76,3,0
2025-02-20,Filter Coffee,Thursday,0,2,0,0,25.0,0.0,30,110,98,12,0
2025-02-20,Fried Rice,Thursday,0,2,0,0,25.0,0.0,160,63,43,20,0
2025-02-20,Idli,Thursday,0,2,0,0,25.0,0.0,50,104,96,8,0
2025-02-20,Lassi,Thursday,0,2,0,0,25.0,0.0,60,52,40,12,0
2025-02-20,Meals,Thursday,0,2,0,0,25.0,0.0,140,98,80,18,0
2025-02-20,Parotta,Thursday,0,2,0,0,25.0,0.0,40,77,60,17,0
2025-02-20,Veg Noodles,Thursday,0,2,0,0,25.0,0.0,120,42,35,7,0
2025-02-21,Biryani,Friday,0,2,0,0,26.2,0.0,220,129,129,0,0
2025-02-21,Chicken Curry,Friday,0,2,0,0,26.2,0.0,190,52,37,15,0
2025-02-21,Dosa,Friday,0,2,0,0,26.2,0.0,70,83,75,8,0
2025-02-21,Filter Coffee,Friday,0,2,0,0,26.2,0.0,30,119,103,16,0
2025-02-21,Fried Rice,Friday,0,2,0,0,26.2,0.0,160,62,50,12,0
2025-02-21,Idli,Friday,0,2,0,0,26.2,0.0,50,112,93,19,0
2025-02-21,Lassi,Friday,0,2,0,0,26.2,0.0,60,61,44,17,0
2025-02-21,Meals,Friday,0,2,0,0,26.2,0.0,140,102,78,24,0
2025-02-21,Parotta,Friday,0,2,0,0,26.2,0.0,40,92,66,26,0
2025-02-21,Veg Noodles,Friday,0,2,0,0,26.2,0.0,120,40,34,6,0
2025-02-22,Biryani,Saturday,1,2,0,0,23.9,0.0,220,147,137,10,0
2025-02-22,Chicken Curry,Saturday,1,2,0,0,23.9,0.0,190,58,46,12,0
2025-02-22,Dosa,Saturday,1,2,0,0,23.9,0.0,70,99,76,23,0
2025-02-22,Filter Coffee,Saturday,1,2,0,0,23.9,0.0,30,128,110,18,0
2025-02-22,Fried Rice,Saturday,1,2,0,0,23.9,0.0,160,73,49,24,0
2025-02-22,Idli,Saturday,1,2,0,0,23.9,0.0,50,103,76,27,0
2025-02-22,Lassi,Saturday,1,2,0,0,23.9,0.0,60,66,39,27,0
2025-02-22,Meals,Saturday,1,2,0,0,23.9,0.0,140,92,81,11,0
2025-02-22,Parotta,Saturday,1,2,0,0,23.9,0.0,40,95,65,30,0
2025-02-22,Veg Noodles,Saturday,1,2,0,0,23.9,0.0,120,41,35,6,0
2025-02-23,Biryani,Sunday,1,2,0,0,25.4,6.2,220,167,150,17,0
2025-02-23,Chicken Curry,Sunday,1,2,0,0,25.4,6.2,190,55,52,3,0
2025-02-23,Dosa,Sunday,1,2,0,0,25.4,6.2,70,99,81,18,0
2025-02-23,Filter Coffee,Sunday,1,2,0,0,25.4,6.2,30,120,104,16,0
2025-02-23,Fried Rice,Sunday,1,2,0,0,25.4,6.2,160,80,66,14,0
2025-02-23,Idli,Sunday,1,2,0,0,25.4,6.2,50,96,83,13,0
2025-02-23,Lassi,Sunday,1,2,0,0,25.4,6.2,60,66,40,26,0
2025-02-23,Meals,Sunday,1,2,0,0,25.4,6.2,140,109,72,37,0
2025-02-23,Parotta,Sunday,1,2,0,0,25.4,6.2,40,88,77,11,0
2025-02-23,Veg Noodles,Sunday,1,2,0,0,25.4,6.2,120,45,37,8,0
2025-02-24,Biryani,Monday,0,2,0,0,26.0,0.0,220,126,115,11,0
2025-02-24,Chicken Curry,Monday,0,2,0,0,26.0,0.0,190,48,40,8,0
2025-02-24,Dosa,Monday,0,2,0,0,26.0,0.0,70,85,70,15,0
2025-02-24,Filter Coffee,Monday,0,2,0,0,26.0,0.0,30,120,105,15,0
2025-02-24,Fried Rice,Monday,0,2,0,0,26.0,0.0,160,66,44,22,0
2025-02-24,Idli,Monday,0,2,0,0,26.0,0.0,50,115,96,19,0
2025-02-24,Lassi,Monday,0,2,0,0,26.0,0.0,60,61,31,30,0
2025-02-24,Meals,Monday,0,2,0,0,26.0,0.0,140,107,79,28,0
2025-02-24,Parotta,Monday,0,2,0,0,26.0,0.0,40,90,64,26,0
2025-02-24,Veg Noodles,Monday,0,2,0,0,26.0,0.0,120,40,36,4,0
2025-02-25,Biryani,Tuesday,0,2,0,0,25.8,0.4,220,146,108,38,0
2025-02-25,Chicken Curry,Tuesday,0,2,0,0,25.8,0.4,190,43,34,9,0
2025-02-25,Dosa,Tuesday,0,2,0,0,25.8,0.4,70,84,73,11,0
2025-02-25,Filter Coffee,Tuesday,0,2,0,0,25.8,0.4,30,131,108,23,0
2025-02-25,Fried Rice,Tuesday,0,2,0,0,25.8,0.4,160,69,45,24,0
2025-02-25,Idli,Tuesday,0,2,0,0,25.8,0.4,50,107,89,18,0
2025-02-25,Lassi,Tuesday,0,2,0,0,25.8,0.4,60,56,41,15,0
2025-02-25,Meals,Tuesday,0,2,0,0,25.8,0.4,140,99,74,25,0
2025-02-25,Parotta,Tuesday,0,2,0,0,25.8,0.4,40,82,78,4,0
2025-02-25,Veg Noodles,Tuesday,0,2,0,0,25.8,0.4,120,44,35,9,0
2025-02-26,Biryani,Wednesday,0,2,0,0,26.9,0.0,220,125,100,25,0
2025-02-26,Chicken Curry,Wednesday,0,2,0,0,26.9,0.0,190,51,35,16,0
2025-02-26,Dosa,Wednesday,0,2,0,0,26.9,0.0,70,84,75,9,0
2025-02-26,Filter Coffee,Wednesday,0,2,0,0,26.9,0.0,30,127,91,36,0
2025-02-26,Fried Rice,Wednesday,0,2,0,0,26.9,0.0,160,64,51,13,0
2025-02-26,Idli,Wednesday,0,2,0,0,26.9,0.0,50,101,91,10,0
2025-02-26,Lassi,Wednesday,0,2,0,0,26.9,0.0,60,59,41,18,0
2025-02-26,Meals,Wednesday,0,2,0,0,26.9,0.0,140,89,75,14,0
2025-02-26,Parotta,Wednesday,0,2,0,0,26.9,0.0,40,84,57,27,0
2025-02-26,Veg Noodles,Wednesday,0,2,0,0,26.9,0.0,120,40,34,6,0
2025-02-27,Biryani,Thursday,0,2,0,0,26.4,16.2,220,151,105,46,0
2025-02-27,Chicken Curry,Thursday,0,2,0,0,26.4,16.2,190,47,43,4,0
2025-02-27,Dosa,Thursday,0,2,0,0,26.4,16.2,70,90,74,16,0
2025-02-27,Filter Coffee,Thursday,0,2,0,0,26.4,16.2,30,125,106,19,0
2025-02-27,Fried Rice,Thursday,0,2,0,0,26.4,16.2,160,59,46,13,0
2025-02-27,Idli,Thursday,0,2,0,0,26.4,16.2,50,119,80,39,0
2025-02-27,Lassi,Thursday,0,2,0,0,26.4,16.2,60,53,37,16,0
2025-02-27,Meals,Thursday,0,2,0,0,26.4,16.2,140,101,83,18,0
2025-02-27,Parotta,Thursday,0,2,0,0,26.4,16.2,40,92,68,24,0
2025-02-27,Veg Noodles,Thursday,0,2,0,0,26.4,16.2,120,36,33,3,0
2025-02-28,Biryani,Friday,0,2,0,0,26.9,0.0,220,137,108,29,0
2025-02-28,Chicken Curry,Friday,0,2,0,0,26.9,0.0,190,56,38,18,0
2025-02-28,Dosa,Friday,0,2,0,0,26.9,0.0,70,81,74,7,0
2025-02-28,Filter Coffee,Friday,0,2,0,0,26.9,0.0,30,136,97,39,0
2025-02-28,Fried Rice,Friday,0,2,0,0,26.9,0.0,160,65,45,20,0
2025-02-28,Idli,Friday,0,2,0,0,26.9,0.0,50,107,100,7,0
2025-02-28,Lassi,Friday,0,2,0,0,26.9,0.0,60,61,38,23,0
2025-02-28,Meals,Friday,0,2,0,0,26.9,0.0,140,94,73,21,0
2025-02-28,Parotta,Friday,0,2,0,0,26.9,0.0,40,89,68,21,0
2025-02-28,Veg Noodles,Friday,0,2,0,0,26.9,0.0,120,47,31,16,0
2025-03-01,Biryani,Saturday,1,3,0,0,25.3,0.0,220,147,135,12,0
2025-03-01,Chicken Curry,Saturday,1,3,0,0,25.3,0.0,190,52,47,5,0
2025-03-01,Dosa,Saturday,1,3,0,0,25.3,0.0,70,101,84,17,0
2025-03-01,Filter Coffee,Saturday,1,3,0,0,25.3,0.0,30,112,100,12,0
2025-03-01,Fried Rice,Saturday,1,3,0,0,25.3,0.0,160,75,65,10,0
2025-03-01,Idli,Saturday,1,3,0,0,25.3,0.0,50,117,79,38,0
2025-03-01,Lassi,Saturday,1,3,0,0,25.3,0.0,60,62,43,19,0
2025-03-01,Meals,Saturday,1,3,0,0,25.3,0.0,140,89,88,1,0
2025-03-01,Parotta,Saturday,1,3,0,0,25.3,0.0,40,93,66,27,0
2025-03-01,Veg Noodles,Saturday,1,3,0,0,25.3,0.0,120,46,37,9,0
2025-03-02,Biryani,Sunday,1,3,0,0,27.3,0.0,220,156,150,6,0
2025-03-02,Chicken Curry,Sunday,1,3,0,0,27.3,0.0,190,66,45,21,0
2025-03-02,Dosa,Sunday,1,3,0,0,27.3,0.0,70,94,68,26,0
2025-03-02,Filter Coffee,Sunday,1,3,0,0,27.3,0.0,30,123,104,19,0
2025-03-02,Fried Rice,Sunday,1,3,0,0,27.3,0.0,160,70,54,16,0
2025-03-02,Idli,Sunday,1,3,0,0,27.3,0.0,50,95,69,26,0
2025-03-02,Lassi,Sunday,1,3,0,0,27.3,0.0,60,64,44,20,0
2025-03-02,Meals,Sunday,1,3,0,0,27.3,0.0,140,98,91,7,0
2025-03-02,Parotta,Sunday,1,3,0,0,27.3,0.0,40,84,76,8,0
2025-03-02,Veg Noodles,Sunday,1,3,0,0,27.3,0.0,120,44,41,3,0
2025-03-03,Biryani,Monday,0,3,0,0,28.2,0.0,220,145,122,23,0
2025-03-03,Chicken Curry,Monday,0,3,0,0,28.2,0.0,190,44,38,6,0
2025-03-03,Dosa,Monday,0,3,0,0,28.2,0.0,70,88,66,22,0
2025-03-03,Filter Coffee,Monday,0,3,0,0,28.2,0.0,30,116,96,20,0
2025-03-03,Fried Rice,Monday,0,3,0,0,28.2,0.0,160,58,48,10,0
2025-03-03,Idli,Monday,0,3,0,0,28.2,0.0,50,121,84,37,0
2025-03-03,Lassi,Monday,0,3,0,0,28.2,0.0,60,62,41,21,0
2025-03-03,Meals,Monday,0,3,0,0,28.2,0.0,140,106,80,26,0
2025-03-03,Parotta,Monday,0,3,0,0,28.2,0.0,40,77,69,8,0
2025-03-03,Veg Noodles,Monday,0,3,0,0,28.2,0.0,120,39,32,7,0
2025-03-04,Biryani,Tuesday,0,3,0,0,25.2,0.0,220,130,114,16,0
2025-03-04,Chicken Curry,Tuesday,0,3,0,0,25.2,0.0,190,50,34,16,0
2025-03-04,Dosa,Tuesday,0,3,0,0,25.2,0.0,70,90,71,19,0
2025-03-04,Filter Coffee,Tuesday,0,3,0,0,25.2,0.0,30,110,89,21,0
2025-03-04,Fried Rice,Tuesday,0,3,0,0,25.2,0.0,160,66,49,17,0
2025-03-04,Idli,Tuesday,0,3,0,0,25.2,0.0,50,119,72,47,0
2025-03-04,Lassi,Tuesday,0,3,0,0,25.2,0.0,60,55,37,18,0
2025-03-04,Meals,Tuesday,0,3,0,0,25.2,0.0,140,95,70,25,0
2025-03-04,Parotta,Tuesday,0,3,0,0,25.2,0.0,40,73,66,7,0
2025-03-04,Veg Noodles,Tuesday,0,3,0,0,25.2,0.0,120,38,36,2,0
2025-03-05,Biryani,Wednesday,0,3,0,0,25.3,0.0,220,138,119,19,0
2025-03-05,Chicken Curry,Wednesday,0,3,0,0,25.3,0.0,190,46,36,10,0
2025-03-05,Dosa,Wednesday,0,3,0,0,25.3,0.0,70,83,67,16,0
2025-03-05,Filter Coffee,Wednesday,0,3,0,0,25.3,0.0,30,139,102,37,0
2025-03-05,Fried Rice,Wednesday,0,3,0,0,25.3,0.0,160,61,52,9,0
2025-03-05,Idli,Wednesday,0,3,0,0,25.3,0.0,50,100,80,20,0
2025-03-05,Lassi,Wednesday,0,3,0,0,25.3,0.0,60,57,38,19,0
2025-03-05,Meals,Wednesday,0,3,0,0,25.3,0.0,140,105,64,41,0
2025-03-05,Parotta,Wednesday,0,3,0,0,25.3,0.0,40,79,73,6,0
2025-03-05,Veg Noodles,Wednesday,0,3,0,0,25.3,0.0,120,46,34,12,0
2025-03-06,Biryani,Thursday,0,3,0,0,28.1,0.0,220,125,106,19,0
2025-03-06,Chicken Curry,Thursday,0,3,0,0,28.1,0.0,190,45,35,10,0
2025-03-06,Dosa,Thursday,0,3,0,0,28.1,0.0,70,98,68,30,0
2025-03-06,Filter Coffee,Thursday,0,3,0,0,28.1,0.0,30,132,92,40,0
2025-03-06,Fried Rice,Thursday,0,3,0,0,28.1,0.0,160,67,51,16,0
2025-03-06,Idli,Thursday,0,3,0,0,28.1,0.0,50,111,106,5,0
2025-03-06,Lassi,Thursday,0,3,0,0,28.1,0.0,60,55,37,18,0
2025-03-06,Meals,Thursday,0,3,0,0,28.1,0.0,140,97,83,14,0
2025-03-06,Parotta,Thursday,0,3,0,0,28.1,0.0,40,80,55,25,0
2025-03-06,Veg Noodles,Thursday,0,3,0,0,28.1,0.0,120,39,35,4,0
2025-03-07,Biryani,Friday,0,3,0,0,26.3,0.0,220,165,113,52,0
2025-03-07,Chicken Curry,Friday,0,3,0,0,26.3,0.0,190,46,41,5,0
2025-03-07,Dosa,Friday,0,3,0,0,26.3,0.0,70,96,80,16,0
2025-03-07,Filter Coffee,Friday,0,3,0,0,26.3,0.0,30,116,107,9,0
2025-03-07,Fried Rice,Friday,0,3,0,0,26.3,0.0,160,59,48,11,0
2025-03-07,Idli,Friday,0,3,0,0,26.3,0.0,50,113,83,30,0
2025-03-07,Lassi,Friday,0,3,0,0,26.3,0.0,60,54,41,13,0
2025-03-07,Meals,Friday,0,3,0,0,26.3,0.0,140,99,78,21,0
2025-03-07,Parotta,Friday,0,3,0,0,26.3,0.0,40,87,63,24,0
2025-03-07,Veg Noodles,Friday,0,3,0,0,26.3,0.0,120,48,34,14,0
2025-03-08,Biryani,Saturday,1,3,0,0,28.3,0.0,220,147,133,14,0
2025-03-08,Chicken Curry,Saturday,1,3,0,0,28.3,0.0,190,57,44,13,0
2025-03-08,Dosa,Saturday,1,3,0,0,28.3,0.0,70,104,74,30,0
2025-03-08,Filter Coffee,Saturday,1,3,0,0,28.3,0.0,30,121,106,15,0
2025-03-08,Fried Rice,Saturday,1,3,0,0,28.3,0.0,160,67,53,14,0
2025-03-08,Idli,Saturday,1,3,0,0,28.3,0.0,50,106,74,32,0
2025-03-08,Lassi,Saturday,1,3,0,0,28.3,0.0,60,57,42,15,0
2025-03-08,Meals,Saturday,1,3,0,0,28.3,0.0,140,88,74,14,0
2025-03-08,Parotta,Saturday,1,3,0,0,28.3,0.0,40,95,80,15,0
2025-03-08,Veg Noodles,Saturday,1,3,0,0,28.3,0.0,120,43,38,5,0
2025-03-09,Biryani,Sunday,1,3,0,0,26.1,0.0,220,174,137,37,0
2025-03-09,Chicken Curry,Sunday,1,3,0,0,26.1,0.0,190,56,49,7,0
2025-03-09,Dosa,Sunday,1,3,0,0,26.1,0.0,70,99,67,32,0
2025-03-09,Filter Coffee,Sunday,1,3,0,0,26.1,0.0,30,116,86,30,0
2025-03-09,Fried Rice,Sunday,1,3,0,0,26.1,0.0,160,70,58,12,0
2025-03-09,Idli,Sunday,1,3,0,0,26.1,0.0,50,101,82,19,0
2025-03-09,Lassi,Sunday,1,3,0,0,26.1,0.0,60,70,41,29,0
2025-03-09,Meals,Sunday,1,3,0,0,26.1,0.0,140,107,89,18,0
2025-03-09,Parotta,Sunday,1,3,0,0,26.1,0.0,40,88,81,7,0
2025-03-09,Veg Noodles,Sunday,1,3,0,0,26.1,0.0,120,51,34,17,0
2025-03-10,Biryani,Monday,0,3,0,0,28.5,0.0,220,150,111,39,0
2025-03-10,Chicken Curry,Monday,0,3,0,0,28.5,0.0,190,49,36,13,0
2025-03-10,Dosa,Monday,0,3,0,0,28.5,0.0,70,88,68,20,0
2025-03-10,Filter Coffee,Monday,0,3,0,0,28.5,0.0,30,130,93,37,0
2025-03-10,Fried Rice,Monday,0,3,0,0,28.5,0.0,160,65,52,13,0
2025-03-10,Idli,Monday,0,3,0,0,28.5,0.0,50,123,81,42,0
2025-03-10,Lassi,Monday,0,3,0,0,28.5,0.0,60,54,44,10,0
2025-03-10,Meals,Monday,0,3,0,0,28.5,0.0,140,87,71,16,0
2025-03-10,Parotta,Monday,0,3,0,0,28.5,0.0,40,85,68,17,0
2025-03-10,Veg Noodles,Monday,0,3,0,0,28.5,0.0,120,36,33,3,0
2025-03-11,Biryani,Tuesday,0,3,0,0,26.9,4.2,220,129,100,29,0
2025-03-11,Chicken Curry,Tuesday,0,3,0,0,26.9,4.2,190,54,36,18,0
2025-03-11,Dosa,Tuesday,0,3,0,0,26.9,4.2,70,84,71,13,0
2025-03-11,Filter Coffee,Tuesday,0,3,0,0,26.9,4.2,30,120,106,14,0
2025-03-11,Fried Rice,Tuesday,0,3,0,0,26.9,4.2,160,66,45,21,0
2025-03-11,Idli,Tuesday,0,3,0,0,26.9,4.2,50,116,94,22,0
2025-03-11,Lassi,Tuesday,0,3,0,0,26.9,4.2,60,58,36,22,0
2025-03-11,Meals,Tuesday,0,3,0,0,26.9,4.2,140,96,73,23,0
2025-03-11,Parotta,Tuesday,0,3,0,0,26.9,4.2,40,91,72,19,0
2025-03-11,Veg Noodles,Tuesday,0,3,0,0,26.9,4.2,120,41,35,6,0
2025-03-12,Biryani,Wednesday,0,3,0,0,27.2,0.0,220,130,102,28,0
2025-03-12,Chicken Curry,Wednesday,0,3,0,0,27.2,0.0,190,46,39,7,0
2025-03-12,Dosa,Wednesday,0,3,0,0,27.2,0.0,70,91,71,20,0
2025-03-12,Filter Coffee,Wednesday,0,3,0,0,27.2,0.0,30,137,90,47,0
2025-03-12,Fried Rice,Wednesday,0,3,0,0,27.2,0.0,160,62,58,4,0
2025-03-12,Idli,Wednesday,0,3,0,0,27.2,0.0,50,123,81,42,0
2025-03-12,Lassi,Wednesday,0,3,0,0,27.2,0.0,60,56,42,14,0
2025-03-12,Meals,Wednesday,0,3,0,0,27.2,0.0,140,91,79,12,0
2025-03-12,Parotta,Wednesday,0,3,0,0,27.2,0.0,40,76,56,20,0
2025-03-12,Veg Noodles,Wednesday,0,3,0,0,27.2,0.0,120,40,34,6,0
2025-03-13,Biryani,Thursday,0,3,0,0,28.8,0.0,220,149,114,35,0
2025-03-13,Chicken Curry,Thursday,0,3,0,0,28.8,0.0,190,43,35,8,0
2025-03-13,Dosa,Thursday,0,3,0,0,28.8,0.0,70,92,74,18,0
2025-03-13,Filter Coffee,Thursday,0,3,0,0,28.8,0.0,30,115,105,10,0
2025-03-13,Fried Rice,Thursday,0,3,0,0,28.8,0.0,160,62,46,16,0
2025-03-13,Idli,Thursday,0,3,0,0,28.8,0.0,50,120,89,31,0
2025-03-13,Lassi,Thursday,0,3,0,0,28.8,0.0,60,61,42,19,0
2025-03-13,Meals,Thursday,0,3,0,0,28.8,0.0,140,94,69,25,0
2025-03-13,Parotta,Thursday,0,3,0,0,28.8,0.0,40,86,69,17,0
2025-03-13,Veg Noodles,Thursday,0,3,0,0,28.8,0.0,120,40,36,4,0
2025-03-14,Biryani,Friday,0,3,0,0,26.5,0.0,220,139,126,13,0
2025-03-14,Chicken Curry,Friday,0,3,0,0,26.5,0.0,190,47,44,3,0
2025-03-14,Dosa,Friday,0,3,0,0,26.5,0.0,70,90,75,15,0
2025-03-14,Filter Coffee,Friday,0,3,0,0,26.5,0.0,30,120,111,9,0
2025-03-14,Fried Rice,Friday,0,3,0,0,26.5,0.0,160,59,51,8,0
2025-03-14,Idli,Friday,0,3,0,0,26.5,0.0,50,118,78,40,0
2025-03-14,Lassi,Friday,0,3,0,0,26.5,0.0,60,61,35,26,0
2025-03-14,Meals,Friday,0,3,0,0,26.5,0.0,140,99,77,22,0
2025-03-14,Parotta,Friday,0,3,0,0,26.5,0.0,40,76,74,2,0
2025-03-14,Veg Noodles,Friday,0,3,0,0,26.5,0.0,120,48,34,14,0
2025-03-15,Biryani,Saturday,1,3,0,0,25.9,0.0,220,143,120,23,0
2025-03-15,Chicken Curry,Saturday,1,3,0,0,25.9,0.0,190,50,43,7,0
2025-03-15,Dosa,Saturday,1,3,0,0,25.9,0.0,70,87,74,13,0
2025-03-15,Filter Coffee,Saturday,1,3,0,0,25.9,0.0,30,138,102,36,0
2025-03-15,Fried Rice,Saturday,1,3,0,0,25.9,0.0,160,73,50,23,0
2025-03-15,Idli,Saturday,1,3,0,0,25.9,0.0,50,112,103,9,0
2025-03-15,Lassi,Saturday,1,3,0,0,25.9,0.0,60,54,46,8,0
2025-03-15,Meals,Saturday,1,3,0,0,25.9,0.0,140,89,86,3,0
2025-03-15,Parotta,Saturday,1,3,0,0,25.9,0.0,40,92,68,24,0
2025-03-15,Veg Noodles,Saturday,1,3,0,0,25.9,0.0,120,48,35,13,0
2025-03-16,Biryani,Sunday,1,3,0,0,26.6,0.0,220,175,149,26,0
2025-03-16,Chicken Curry,Sunday,1,3,0,0,26.6,0.0,190,59,46,13,0
2025-03-16,Dosa,Sunday,1,3,0,0,26.6,0.0,70,94,71,23,0
2025-03-16,Filter Coffee,Sunday,1,3,0,0,26.6,0.0,30,136,96,40,0
2025-03-16,Fried Rice,Sunday,1,3,0,0,26.6,0.0,160,83,53,30,0
2025-03-16,Idli,Sunday,1,3,0,0,26.6,0.0,50,107,85,22,0
2025-03-16,Lassi,Sunday,1,3,0,0,26.6,0.0,60,60,45,15,0
2025-03-16,Meals,Sunday,1,3,0,0,26.6,0.0,140,98,82,16,0
2025-03-16,Parotta,Sunday,1,3,0,0,26.6,0.0,40,102,93,9,0
2025-03-16,Veg Noodles,Sunday,1,3,0,0,26.6,0.0,120,45,33,12,0
2025-03-17,Biryani,Monday,0,3,0,0,27.7,0.0,220,122,105,17,0
2025-03-17,Chicken Curry,Monday,0,3,0,0,27.7,0.0,190,51,39,12,0
2025-03-17,Dosa,Monday,0,3,0,0,27.7,0.0,70,79,68,11,0
2025-03-17,Filter Coffee,Monday,0,3,0,0,27.7,0.0,30,118,84,34,0
2025-03-17,Fried Rice,Monday,0,3,0,0,27.7,0.0,160,67,46,21,0
2025-03-17,Idli,Monday,0,3,0,0,27.7,0.0,50,121,86,35,0
2025-03-17,Lassi,Monday,0,3,0,0,27.7,0.0,60,58,42,16,0
2025-03-17,Meals,Monday,0,3,0,0,27.7,0.0,140,109,84,25,0
2025-03-17,Parotta,Monday,0,3,0,0,27.7,0.0,40,73,66,7,0
2025-03-17,Veg Noodles,Monday,0,3,0,0,27.7,0.0,120,44,32,12,0
2025-03-18,Biryani,Tuesday,0,3,0,0,25.4,0.0,220,152,111,41,0
2025-03-18,Chicken Curry,Tuesday,0,3,0,0,25.4,0.0,190,46,38,8,0
2025-03-18,Dosa,Tuesday,0,3,0,0,25.4,0.0,70,86,67,19,0
2025-03-18,Filter Coffee,Tuesday,0,3,0,0,25.4,0.0,30,124,111,13,0
2025-03-18,Fried Rice,Tuesday,0,3,0,0,25.4,0.0,160,58,46,12,0
2025-03-18,Idli,Tuesday,0,3,0,0,25.4,0.0,50,114,86,28,0
2025-03-18,Lassi,Tuesday,0,3,0,0,25.4,0.0,60,51,40,11,0
2025-03-18,Meals,Tuesday,0,3,0,0,25.4,0.0,140,86,84,2,0
2025-03-18,Parotta,Tuesday,0,3,0,0,25.4,0.0,40,80,55,25,0
2025-03-18,Veg Noodles,Tuesday,0,3,0,0,25.4,0.0,120,38,34,4,0
2025-03-19,Biryani,Wednesday,0,3,0,0,28.1,1.0,220,143,122,21,0
2025-03-19,Chicken Curry,Wednesday,0,3,0,0,28.1,1.0,190,44,33,11,0
2025-03-19,Dosa,Wednesday,0,3,0,0,28.1,1.0,70,92,69,23,0
2025-03-19,Filter Coffee,Wednesday,0,3,0,0,28.1,1.0,30,136,118,18,0
2025-03-19,Fried Rice,Wednesday,0,3,0,0,28.1,1.0,160,64,47,17,0
2025-03-19,Idli,Wednesday,0,3,0,0,28.1,1.0,50,99,83,16,0
2025-03-19,Lassi,Wednesday,0,3,0,0,28.1,1.0,60,55,46,9,0
2025-03-19,Meals,Wednesday,0,3,0,0,28.1,1.0,140,93,76,17,0
2025-03-19,Parotta,Wednesday,0,3,0,0,28.1,1.0,40,91,67,24,0
2025-03-19,Veg Noodles,Wednesday,0,3,0,0,28.1,1.0,120,46,35,11,0
2025-03-20,Biryani,Thursday,0,3,0,1,26.8,0.0,220,141,131,10,0
2025-03-20,Chicken Curry,Thursday,0,3,0,1,26.8,0.0,190,50,39,11,0
2025-03-20,Dosa,Thursday,0,3,0,1,26.8,0.0,70,100,84,16,0
2025-03-20,Filter Coffee,Thursday,0,3,0,1,26.8,0.0,30,130,130,0,1
2025-03-20,Fried Rice,Thursday,0,3,0,1,26.8,0.0,160,59,51,8,0
2025-03-20,Idli,Thursday,0,3,0,1,26.8,0.0,50,113,92,21,0
2025-03-20,Lassi,Thursday,0,3,0,1,26.8,0.0,60,53,44,9,0
2025-03-20,Meals,Thursday,0,3,0,1,26.8,0.0,140,93,71,22,0
2025-03-20,Parotta,Thursday,0,3,0,1,26.8,0.0,40,77,69,8,0
2025-03-20,Veg Noodles,Thursday,0,3,0,1,26.8,0.0,120,41,33,8,0
2025-03-21,Biryani,Friday,0,3,0,0,28.9,0.0,220,137,123,14,0
2025-03-21,Chicken Curry,Friday,0,3,0,0,28.9,0.0,190,49,44,5,0
2025-03-21,Dosa,Friday,0,3,0,0,28.9,0.0,70,85,74,11,0
2025-03-21,Filter Coffee,Friday,0,3,0,0,28.9,0.0,30,129,97,32,0
2025-03-21,Fried Rice,Friday,0,3,0,0,28.9,0.0,160,58,54,4,0
2025-03-21,Idli,Friday,0,3,0,0,28.9,0.0,50,98,80,18,0
2025-03-21,Lassi,Friday,0,3,0,0,28.9,0.0,60,51,45,6,0
2025-03-21,Meals,Friday,0,3,0,0,28.9,0.0,140,95,70,25,0
2025-03-21,Parotta,Friday,0,3,0,0,28.9,0.0,40,91,74,17,0
2025-03-21,Veg Noodles,Friday,0,3,0,0,28.9,0.0,120,40,37,3,0
2025-03-22,Biryani,Saturday,1,3,0,0,24.7,0.0,220,171,152,19,0
2025-03-22,Chicken Curry,Saturday,1,3,0,0,24.7,0.0,190,56,44,12,0
2025-03-22,Dosa,Saturday,1,3,0,0,24.7,0.0,70,85,81,4,0
2025-03-22,Filter Coffee,Saturday,1,3,0,0,24.7,0.0,30,130,96,34,0
2025-03-22,Fried Rice,Saturday,1,3,0,0,24.7,0.0,160,64,52,12,0
2025-03-22,Idli,Saturday,1,3,0,0,24.7,0.0,50,118,96,22,0
2025-03-22,Lassi,Saturday,1,3,0,0,24.7,0.0,60,67,40,27,0
2025-03-22,Meals,Saturday,1,3,0,0,24.7,0.0,140,105,85,20,0
2025-03-22,Parotta,Saturday,1,3,0,0,24.7,0.0,40,94,75,19,0
2025-03-22,Veg Noodles,Saturday,1,3,0,0,24.7,0.0,120,43,34,9,0
2025-03-23,Biryani,Sunday,1,3,0,0,26.7,0.0,220,186,134,52,0
2025-03-23,Chicken Curry,Sunday,1,3,0,0,26.7,0.0,190,66,41,25,0
2025-03-23,Dosa,Sunday,1,3,0,0,26.7,0.0,70,94,76,18,0
2025-03-23,Filter Coffee,Sunday,1,3,0,0,26.7,0.0,30,138,109,29,0
2025-03-23,Fried Rice,Sunday,1,3,0,0,26.7,0.0,160,67,55,12,0
2025-03-23,Idli,Sunday,1,3,0,0,26.7,0.0,50,107,78,29,0
2025-03-23,Lassi,Sunday,1,3,0,0,26.7,0.0,60,69,43,26,0
2025-03-23,Meals,Sunday,1,3,0,0,26.7,0.0,140,97,72,25,0
2025-03-23,Parotta,Sunday,1,3,0,0,26.7,0.0,40,88,72,16,0
2025-03-23,Veg Noodles,Sunday,1,3,0,0,26.7,0.0,120,44,38,6,0
2025-03-24,Biryani,Monday,0,3,0,0,25.7,0.0,220,123,102,21,0
2025-03-24,Chicken Curry,Monday,0,3,0,0,25.7,0.0,190,46,39,7,0
2025-03-24,Dosa,Monday,0,3,0,0,25.7,0.0,70,82,80,2,0
2025-03-24,Filter Coffee,Monday,0,3,0,0,25.7,0.0,30,125,103,22,0
2025-03-24,Fried Rice,Monday,0,3,0,0,25.7,0.0,160,58,48,10,0
2025-03-24,Idli,Monday,0,3,0,0,25.7,0.0,50,112,74,38,0
2025-03-24,Lassi,Monday,0,3,0,0,25.7,0.0,60,59,33,26,0
2025-03-24,Meals,Monday,0,3,0,0,25.7,0.0,140,96,74,22,0
2025-03-24,Parotta,Monday,0,3,0,0,25.7,0.0,40,88,74,14,0
2025-03-24,Veg Noodles,Monday,0,3,0,0,25.7,0.0,120,46,32,14,0
2025-03-25,Biryani,Tuesday,0,3,0,0,26.8,0.0,220,152,104,48,0
2025-03-25,Chicken Curry,Tuesday,0,3,0,0,26.8,0.0,190,49,37,12,0
2025-03-25,Dosa,Tuesday,0,3,0,0,26.8,0.0,70,94,75,19,0
2025-03-25,Filter Coffee,Tuesday,0,3,0,0,26.8,0.0,30,115,106,9,0
2025-03-25,Fried Rice,Tuesday,0,3,0,0,26.8,0.0,160,67,53,14,0
2025-03-25,Idli,Tuesday,0,3,0,0,26.8,0.0,50,103,80,23,0
2025-03-25,Lassi,Tuesday,0,3,0,0,26.8,0.0,60,51,40,11,0
2025-03-25,Meals,Tuesday,0,3,0,0,26.8,0.0,140,100,78,22,0
2025-03-25,Parotta,Tuesday,0,3,0,0,26.8,0.0,40,84,70,14,0
2025-03-25,Veg Noodles,Tuesday,0,3,0,0,26.8,0.0,120,40,34,6,0
2025-03-26,Biryani,Wednesday,0,3,0,0,28.1,0.0,220,141,107,34,0
2025-03-26,Chicken Curry,Wednesday,0,3,0,0,28.1,0.0,190,52,35,17,0
2025-03-26,Dosa,Wednesday,0,3,0,0,28.1,0.0,70,79,71,8,0
2025-03-26,Filter Coffee,Wednesday,0,3,0,0,28.1,0.0,30,124,102,22,0
2025-03-26,Fried Rice,Wednesday,0,3,0,0,28.1,0.0,160,59,50,9,0
2025-03-26,Idli,Wednesday,0,3,0,0,28.1,0.0,50,111,94,17,0
2025-03-26,Lassi,Wednesday,0,3,0,0,28.1,0.0,60,62,46,16,0
2025-03-26,Meals,Wednesday,0,3,0,0,28.1,0.0,140,93,85,8,0
2025-03-26,Parotta,Wednesday,0,3,0,0,28.1,0.0,40,75,61,14,0
2025-03-26,Veg Noodles,Wednesday,0,3,0,0,28.1,0.0,120,38,33,5,0
2025-03-27,Biryani,Thursday,0,3,0,0,27.7,0.0,220,149,91,58,0
2025-03-27,Chicken Curry,Thursday,0,3,0,0,27.7,0.0,190,51,35,16,0
2025-03-27,Dosa,Thursday,0,3,0,0,27.7,0.0,70,101,74,27,0
2025-03-27,Filter Coffee,Thursday,0,3,0,0,27.7,0.0,30,132,101,31,0
2025-03-27,Fried Rice,Thursday,0,3,0,0,27.7,0.0,160,66,49,17,0
2025-03-27,Idli,Thursday,0,3,0,0,27.7,0.0,50,107,85,22,0
2025-03-27,Lassi,Thursday,0,3,0,0,27.7,0.0,60,57,42,15,0
2025-03-27,Meals,Thursday,0,3,0,0,27.7,0.0,140,108,73,35,0
2025-03-27,Parotta,Thursday,0,3,0,0,27.7,0.0,40,92,64,28,0
2025-03-27,Veg Noodles,Thursday,0,3,0,0,27.7,0.0,120,45,35,10,0
2025-03-28,Biryani,Friday,0,3,0,0,27.7,0.0,220,139,115,24,0
2025-03-28,Chicken Curry,Friday,0,3,0,0,27.7,0.0,190,54,44,10,0
2025-03-28,Dosa,Friday,0,3,0,0,27.7,0.0,70,100,69,31,0
2025-03-28,Filter Coffee,Friday,0,3,0,0,27.7,0.0,30,124,109,15,0
2025-03-28,Fried Rice,Friday,0,3,0,0,27.7,0.0,160,72,46,26,0
2025-03-28,Idli,Friday,0,3,0,0,27.7,0.0,50,114,85,29,0
2025-03-28,Lassi,Friday,0,3,0,0,27.7,0.0,60,64,38,26,0
2025-03-28,Meals,Friday,0,3,0,0,27.7,0.0,140,110,73,37,0
2025-03-28,Parotta,Friday,0,3,0,0,27.7,0.0,40,86,70,16,0
2025-03-28,Veg Noodles,Friday,0,3,0,0,27.7,0.0,120,40,39,1,0
2025-03-29,Biryani,Saturday,1,3,0,0,27.9,0.0,220,148,123,25,0
2025-03-29,Chicken Curry,Saturday,1,3,0,0,27.9,0.0,190,59,37,22,0
2025-03-29,Dosa,Saturday,1,3,0,0,27.9,0.0,70,96,63,33,0
2025-03-29,Filter Coffee,Saturday,1,3,0,0,27.9,0.0,30,119,109,10,0
2025-03-29,Fried Rice,Saturday,1,3,0,0,27.9,0.0,160,71,50,21,0
2025-03-29,Idli,Saturday,1,3,0,0,27.9,0.0,50,109,92,17,0
2025-03-29,Lassi,Saturday,1,3,0,0,27.9,0.0,60,53,48,5,0
2025-03-29,Meals,Saturday,1,3,0,0,27.9,0.0,140,91,79,12,0
2025-03-29,Parotta,Saturday,1,3,0,0,27.9,0.0,40,97,69,28,0
2025-03-29,Veg Noodles,Saturday,1,3,0,0,27.9,0.0,120,41,37,4,0
2025-03-30,Biryani,Sunday,1,3,0,0,28.4,0.0,220,187,149,38,0
2025-03-30,Chicken Curry,Sunday,1,3,0,0,28.4,0.0,190,60,44,16,0
2025-03-30,Dosa,Sunday,1,3,0,0,28.4,0.0,70,110,74,36,0
2025-03-30,Filter Coffee,Sunday,1,3,0,0,28.4,0.0,30,130,96,34,0
2025-03-30,Fried Rice,Sunday,1,3,0,0,28.4,0.0,160,74,53,21,0
2025-03-30,Idli,Sunday,1,3,0,0,28.4,0.0,50,104,76,28,0
2025-03-30,Lassi,Sunday,1,3,0,0,28.4,0.0,60,58,45,13,0
2025-03-30,Meals,Sunday,1,3,0,0,28.4,0.0,140,99,83,16,0
2025-03-30,Parotta,Sunday,1,3,0,0,28.4,0.0,40,89,73,16,0
2025-03-30,Veg Noodles,Sunday,1,3,0,0,28.4,0.0,120,50,36,14,0
2025-03-31,Biryani,Monday,0,3,0,0,27.0,0.0,220,149,113,36,0
2025-03-31,Chicken Curry,Monday,0,3,0,0,27.0,0.0,190,49,39,10,0
2025-03-31,Dosa,Monday,0,3,0,0,27.0,0.0,70,93,75,18,0
2025-03-31,Filter Coffee,Monday,0,3,0,0,27.0,0.0,30,123,94,29,0
2025-03-31,Fried Rice,Monday,0,3,0,0,27.0,0.0,160,66,55,11,0
2025-03-31,Idli,Monday,0,3,0,0,27.0,0.0,50,104,92,12,0
2025-03-31,Lassi,Monday,0,3,0,0,27.0,0.0,60,58,33,25,0
2025-03-31,Meals,Monday,0,3,0,0,27.0,0.0,140,90,75,15,0
2025-03-31,Parotta,Monday,0,3,0,0,27.0,0.0,40,76,66,10,0
2025-03-31,Veg Noodles,Monday,0,3,0,0,27.0,0.0,120,37,34,3,0
2025-04-01,Biryani,Tuesday,0,4,0,0,29.2,0.0,220,135,104,31,0
2025-04-01,Chicken Curry,Tuesday,0,4,0,0,29.2,0.0,190,51,43,8,0
2025-04-01,Dosa,Tuesday,0,4,0,0,29.2,0.0,70,101,71,30,0
2025-04-01,Filter Coffee,Tuesday,0,4,0,0,29.2,0.0,30,139,81,58,0
2025-04-01,Fried Rice,Tuesday,0,4,0,0,29.2,0.0,160,56,51,5,0
2025-04-01,Idli,Tuesday,0,4,0,0,29.2,0.0,50,112,82,30,0
2025-04-01,Lassi,Tuesday,0,4,0,0,29.2,0.0,60,61,46,15,0
2025-04-01,Meals,Tuesday,0,4,0,0,29.2,0.0,140,90,83,7,0
2025-04-01,Parotta,Tuesday,0,4,0,0,29.2,0.0,40,88,60,28,0
2025-04-01,Veg Noodles,Tuesday,0,4,0,0,29.2,0.0,120,45,38,7,0
2025-04-02,Biryani,Wednesday,0,4,0,0,29.2,0.0,220,122,114,8,0
2025-04-02,Chicken Curry,Wednesday,0,4,0,0,29.2,0.0,190,51,40,11,0
2025-04-02,Dosa,Wednesday,0,4,0,0,29.2,0.0,70,85,70,15,0
2025-04-02,Filter Coffee,Wednesday,0,4,0,0,29.2,0.0,30,120,96,24,0
2025-04-02,Fried Rice,Wednesday,0,4,0,0,29.2,0.0,160,61,46,15,0
2025-04-02,Idli,Wednesday,0,4,0,0,29.2,0.0,50,110,91,19,0
2025-04-02,Lassi,Wednesday,0,4,0,0,29.2,0.0,60,51,39,12,0
2025-04-02,Meals,Wednesday,0,4,0,0,29.2,0.0,140,97,71,26,0
2025-04-02,Parotta,Wednesday,0,4,0,0,29.2,0.0,40,87,54,33,0
2025-04-02,Veg Noodles,Wednesday,0,4,0,0,29.2,0.0,120,42,34,8,0
2025-04-03,Biryani,Thursday,0,4,0,0,28.9,0.0,220,150,115,35,0
2025-04-03,Chicken Curry,Thursday,0,4,0,0,28.9,0.0,190,51,36,15,0
2025-04-03,Dosa,Thursday,0,4,0,0,28.9,0.0,70,101,66,35,0
2025-04-03,Filter Coffee,Thursday,0,4,0,0,28.9,0.0,30,132,91,41,0
2025-04-03,Fried Rice,Thursday,0,4,0,0,28.9,0.0,160,62,47,15,0
2025-04-03,Idli,Thursday,0,4,0,0,28.9,0.0,50,121,84,37,0
2025-04-03,Lassi,Thursday,0,4,0,0,28.9,0.0,60,53,48,5,0
2025-04-03,Meals,Thursday,0,4,0,0,28.9,0.0,140,99,77,22,0
2025-04-03,Parotta,Thursday,0,4,0,0,28.9,0.0,40,79,66,13,0
2025-04-03,Veg Noodles,Thursday,0,4,0,0,28.9,0.0,120,39,35,4,0
2025-04-04,Biryani,Friday,0,4,0,0,29.2,0.0,220,137,109,28,0
2025-04-04,Chicken Curry,Friday,0,4,0,0,29.2,0.0,190,50,45,5,0
2025-04-04,Dosa,Friday,0,4,0,0,29.2,0.0,70,85,62,23,0
2025-04-04,Filter Coffee,Friday,0,4,0,0,29.2,0.0,30,127,102,25,0
2025-04-04,Fried Rice,Friday,0,4,0,0,29.2,0.0,160,71,48,23,0
2025-04-04,Idli,Friday,0,4,0,0,29.2,0.0,50,120,84,36,0
2025-04-04,Lassi,Friday,0,4,0,0,29.2,0.0,60,58,48,10,0
2025-04-04,Meals,Friday,0,4,0,0,29.2,0.0,140,97,80,17,0
2025-04-04,Parotta,Friday,0,4,0,0,29.2,0.0,40,91,57,34,0
2025-04-04,Veg Noodles,Friday,0,4,0,0,29.2,0.0,120,43,30,13,0
2025-04-05,Biryani,Saturday,1,4,0,0,29.0,0.0,220,157,123,34,0
2025-04-05,Chicken Curry,Saturday,1,4,0,0,29.0,0.0,190,60,39,21,0
2025-04-05,Dosa,Saturday,1,4,0,0,29.0,0.0,70,92,84,8,0
2025-04-05,Filter Coffee,Saturday,1,4,0,0,29.0,0.0,30,112,96,16,0
2025-04-05,Fried Rice,Saturday,1,4,0,0,29.0,0.0,160,75,51,24,0
2025-04-05,Idli,Saturday,1,4,0,0,29.0,0.0,50,113,89,24,0
2025-04-05,Lassi,Saturday,1,4,0,0,29.0,0.0,60,67,45,22,0
2025-04-05,Meals,Saturday,1,4,0,0,29.0,0.0,140,95,77,18,0
2025-04-05,Parotta,Saturday,1,4,0,0,29.0,0.0,40,91,66,25,0
2025-04-05,Veg Noodles,Saturday,1,4,0,0,29.0,0.0,120,43,37,6,0
2025-04-06,Biryani,Sunday,1,4,0,0,31.1,0.0,220,184,116,68,0
2025-04-06,Chicken Curry,Sunday,1,4,0,0,31.1,0.0,190,56,48,8,0
2025-04-06,Dosa,Sunday,1,4,0,0,31.1,0.0,70,110,76,34,0
2025-04-06,Filter Coffee,Sunday,1,4,0,0,31.1,0.0,30,124,94,30,0
2025-04-06,Fried Rice,Sunday,1,4,0,0,31.1,0.0,160,81,60,21,0
2025-04-06,Idli,Sunday,1,4,0,0,31.1,0.0,50,99,86,13,0
2025-04-06,Lassi,Sunday,1,4,0,0,31.1,0.0,60,67,53,14,0
2025-04-06,Meals,Sunday,1,4,0,0,31.1,0.0,140,98,86,12,0
2025-04-06,Parotta,Sunday,1,4,0,0,31.1,0.0,40,93,65,28,0
2025-04-06,Veg Noodles,Sunday,1,4,0,0,31.1,0.0,120,49,37,12,0
2025-04-07,Biryani,Monday,0,4,0,0,28.7,0.0,220,125,100,25,0
2025-04-07,Chicken Curry,Monday,0,4,0,0,28.7,0.0,190,44,40,4,0
2025-04-07,Dosa,Monday,0,4,0,0,28.7,0.0,70,87,68,19,0
2025-04-07,Filter Coffee,Monday,0,4,0,0,28.7,0.0,30,110,106,4,0
2025-04-07,Fried Rice,Monday,0,4,0,0,28.7,0.0,160,65,48,17,0
2025-04-07,Idli,Monday,0,4,0,0,28.7,0.0,50,98,86,12,0
2025-04-07,Lassi,Monday,0,4,0,0,28.7,0.0,60,61,50,11,0
2025-04-07,Meals,Monday,0,4,0,0,28.7,0.0,140,109,77,32,0
2025-04-07,Parotta,Monday,0,4,0,0,28.7,0.0,40,89,57,32,0
2025-04-07,Veg Noodles,Monday,0,4,0,0,28.7,0.0,120,42,31,11,0
2025-04-08,Biryani,Tuesday,0,4,0,0,28.5,0.0,220,124,103,21,0
2025-04-08,Chicken Curry,Tuesday,0,4,0,0,28.5,0.0,190,47,35,12,0
2025-04-08,Dosa,Tuesday,0,4,0,0,28.5,0.0,70,84,67,17,0
2025-04-08,Filter Coffee,Tuesday,0,4,0,0,28.5,0.0,30,134,103,31,0
2025-04-08,Fried Rice,Tuesday,0,4,0,0,28.5,0.0,160,63,58,5,0
2025-04-08,Idli,Tuesday,0,4,0,0,28.5,0.0,50,123,84,39,0
2025-04-08,Lassi,Tuesday,0,4,0,0,28.5,0.0,60,58,45,13,0
2025-04-08,Meals,Tuesday,0,4,0,0,28.5,0.0,140,107,81,26,0
2025-04-08,Parotta,Tuesday,0,4,0,0,28.5,0.0,40,86,67,19,0
2025-04-08,Veg Noodles,Tuesday,0,4,0,0,28.5,0.0,120,44,33,11,0
2025-04-09,Biryani,Wednesday,0,4,0,0,28.0,0.0,220,122,110,12,0
2025-04-09,Chicken Curry,Wednesday,0,4,0,0,28.0,0.0,190,46,40,6,0
2025-04-09,Dosa,Wednesday,0,4,0,0,28.0,0.0,70,80,78,2,0
2025-04-09,Filter Coffee,Wednesday,0,4,0,0,28.0,0.0,30,132,99,33,0
2025-04-09,Fried Rice,Wednesday,0,4,0,0,28.0,0.0,160,68,54,14,0
2025-04-09,Idli,Wednesday,0,4,0,0,28.0,0.0,50,125,99,26,0
2025-04-09,Lassi,Wednesday,0,4,0,0,28.0,0.0,60,61,42,19,0
2025-04-09,Meals,Wednesday,0,4,0,0,28.0,0.0,140,87,77,10,0
2025-04-09,Parotta,Wednesday,0,4,0,0,28.0,0.0,40,83,64,19,0
2025-04-09,Veg Noodles,Wednesday,0,4,0,0,28.0,0.0,120,41,33,8,0
2025-04-10,Biryani,Thursday,0,4,0,0,27.8,0.0,220,153,102,51,0
2025-04-10,Chicken Curry,Thursday,0,4,0,0,27.8,0.0,190,51,37,14,0
2025-04-10,Dosa,Thursday,0,4,0,0,27.8,0.0,70,82,76,6,0
2025-04-10,Filter Coffee,Thursday,0,4,0,0,27.8,0.0,30,111,111,0,1
2025-04-10,Fried Rice,Thursday,0,4,0,0,27.8,0.0,160,68,55,13,0
2025-04-10,Idli,Thursday,0,4,0,0,27.8,0.0,50,101,91,10,0
2025-04-10,Lassi,Thursday,0,4,0,0,27.8,0.0,60,56,51,5,0
2025-04-10,Meals,Thursday,0,4,0,0,27.8,0.0,140,101,79,22,0
2025-04-10,Parotta,Thursday,0,4,0,0,27.8,0.0,40,89,64,25,0
2025-04-10,Veg Noodles,Thursday,0,4,0,0,27.8,0.0,120,45,31,14,0
2025-04-11,Biryani,Friday,0,4,0,0,27.6,0.0,220,141,112,29,0
2025-04-11,Chicken Curry,Friday,0,4,0,0,27.6,0.0,190,48,43,5,0
2025-04-11,Dosa,Friday,0,4,0,0,27.6,0.0,70,89,67,22,0
2025-04-11,Filter Coffee,Friday,0,4,0,0,27.6,0.0,30,125,107,18,0
2025-04-11,Fried Rice,Friday,0,4,0,0,27.6,0.0,160,65,54,11,0
2025-04-11,Idli,Friday,0,4,0,0,27.6,0.0,50,114,83,31,0
2025-04-11,Lassi,Friday,0,4,0,0,27.6,0.0,60,52,42,10,0
2025-04-11,Meals,Friday,0,4,0,0,27.6,0.0,140,98,74,24,0
2025-04-11,Parotta,Friday,0,4,0,0,27.6,0.0,40,87,61,26,0
2025-04-11,Veg Noodles,Friday,0,4,0,0,27.6,0.0,120,39,35,4,0
2025-04-12,Biryani,Saturday,1,4,0,0,28.1,0.0,220,170,117,53,0
2025-04-12,Chicken Curry,Saturday,1,4,0,0,28.1,0.0,190,58,38,20,0
2025-04-12,Dosa,Saturday,1,4,0,0,28.1,0.0,70,94,83,11,0
2025-04-12,Filter Coffee,Saturday,1,4,0,0,28.1,0.0,30,139,97,42,0
2025-04-12,Fried Rice,Saturday,1,4,0,0,28.1,0.0,160,78,53,25,0
2025-04-12,Idli,Saturday,1,4,0,0,28.1,0.0,50,105,79,26,0
2025-04-12,Lassi,Saturday,1,4,0,0,28.1,0.0,60,63,46,17,0
2025-04-12,Meals,Saturday,1,4,0,0,28.1,0.0,140,106,75,31,0
2025-04-12,Parotta,Saturday,1,4,0,0,28.1,0.0,40,101,68,33,0
2025-04-12,Veg Noodles,Saturday,1,4,0,0,28.1,0.0,120,50,35,15,0
2025-04-13,Biryani,Sunday,1,4,0,0,29.1,0.0,220,200,142,58,0
2025-04-13,Chicken Curry,Sunday,1,4,0,0,29.1,0.0,190,60,48,12,0
2025-04-13,Dosa,Sunday,1,4,0,0,29.1,0.0,70,101,77,24,0
2025-04-13,Filter Coffee,Sunday,1,4,0,0,29.1,0.0,30,118,96,22,0
2025-04-13,Fried Rice,Sunday,1,4,0,0,29.1,0.0,160,82,61,21,0
2025-04-13,Idli,Sunday,1,4,0,0,29.1,0.0,50,95,88,7,0
2025-04-13,Lassi,Sunday,1,4,0,0,29.1,0.0,60,64,44,20,0
2025-04-13,Meals,Sunday,1,4,0,0,29.1,0.0,140,106,89,17,0
2025-04-13,Parotta,Sunday,1,4,0,0,29.1,0.0,40,104,78,26,0
2025-04-13,Veg Noodles,Sunday,1,4,0,0,29.1,0.0,120,44,40,4,0
2025-04-14,Biryani,Monday,0,4,0,0,29.7,13.3,220,145,109,36,0
2025-04-14,Chicken Curry,Monday,0,4,0,0,29.7,13.3,190,44,37,7,0
2025-04-14,Dosa,Monday,0,4,0,0,29.7,13.3,70,97,68,29,0
2025-04-14,Filter Coffee,Monday,0,4,0,0,29.7,13.3,30,138,110,28,0
2025-04-14,Fried Rice,Monday,0,4,0,0,29.7,13.3,160,63,47,16,0
2025-04-14,Idli,Monday,0,4,0,0,29.7,13.3,50,125,90,35,0
2025-04-14,Lassi,Monday,0,4,0,0,29.7,13.3,60,55,36,19,0
2025-04-14,Meals,Monday,0,4,0,0,29.7,13.3,140,107,80,27,0
2025-04-14,Parotta,Monday,0,4,0,0,29.7,13.3,40,80,67,13,0
2025-04-14,Veg Noodles,Monday,0,4,0,0,29.7,13.3,120,45,33,12,0
2025-04-15,Biryani,Tuesday,0,4,0,0,29.4,0.0,220,140,112,28,0
2025-04-15,Chicken Curry,Tuesday,0,4,0,0,29.4,0.0,190,46,42,4,0
2025-04-15,Dosa,Tuesday,0,4,0,0,29.4,0.0,70,79,69,10,0
2025-04-15,Filter Coffee,Tuesday,0,4,0,0,29.4,0.0,30,114,100,14,0
2025-04-15,Fried Rice,Tuesday,0,4,0,0,29.4,0.0,160,56,56,0,0
2025-04-15,Idli,Tuesday,0,4,0,0,29.4,0.0,50,123,86,37,0
2025-04-15,Lassi,Tuesday,0,4,0,0,29.4,0.0,60,52,42,10,0
2025-04-15,Meals,Tuesday,0,4,0,0,29.4,0.0,140,87,70,17,0
2025-04-15,Parotta,Tuesday,0,4,0,0,29.4,0.0,40,83,70,13,0
2025-04-15,Veg Noodles,Tuesday,0,4,0,0,29.4,0.0,120,42,34,8,0
2025-04-16,Biryani,Wednesday,0,4,0,0,28.5,0.0,220,140,109,31,0
2025-04-16,Chicken Curry,Wednesday,0,4,0,0,28.5,0.0,190,49,38,11,0
2025-04-16,Dosa,Wednesday,0,4,0,0,28.5,0.0,70,98,66,32,0
2025-04-16,Filter Coffee,Wednesday,0,4,0,0,28.5,0.0,30,110,91,19,0
2025-04-16,Fried Rice,Wednesday,0,4,0,0,28.5,0.0,160,58,51,7,0
2025-04-16,Idli,Wednesday,0,4,0,0,28.5,0.0,50,124,88,36,0
2025-04-16,Lassi,Wednesday,0,4,0,0,28.5,0.0,60,59,42,17,0
2025-04-16,Meals,Wednesday,0,4,0,0,28.5,0.0,140,94,77,17,0
2025-04-16,Parotta,Wednesday,0,4,0,0,28.5,0.0,40,93,70,23,0
2025-04-16,Veg Noodles,Wednesday,0,4,0,0,28.5,0.0,120,38,35,3,0
2025-04-17,Biryani,Thursday,0,4,0,0,30.6,0.0,220,135,96,39,0
2025-04-17,Chicken Curry,Thursday,0,4,0,0,30.6,0.0,190,51,42,9,0
2025-04-17,Dosa,Thursday,0,4,0,0,30.6,0.0,70,92,63,29,0
2025-04-17,Filter Coffee,Thursday,0,4,0,0,30.6,0.0,30,126,104,22,0
2025-04-17,Fried Rice,Thursday,0,4,0,0,30.6,0.0,160,67,50,17,0
2025-04-17,Idli,Thursday,0,4,0,0,30.6,0.0,50,101,89,12,0
2025-04-17,Lassi,Thursday,0,4,0,0,30.6,0.0,60,60,45,15,0
2025-04-17,Meals,Thursday,0,4,0,0,30.6,0.0,140,109,63,46,0
2025-04-17,Parotta,Thursday,0,4,0,0,30.6,0.0,40,92,64,28,0
2025-04-17,Veg Noodles,Thursday,0,4,0,0,30.6,0.0,120,40,34,6,0
2025-04-18,Biryani,Friday,0,4,0,0,30.5,0.0,220,152,110,42,0
2025-04-18,Chicken Curry,Friday,0,4,0,0,30.5,0.0,190,50,42,8,0
2025-04-18,Dosa,Friday,0,4,0,0,30.5,0.0,70,98,77,21,0
2025-04-18,Filter Coffee,Friday,0,4,0,0,30.5,0.0,30,117,107,10,0
2025-04-18,Fried Rice,Friday,0,4,0,0,30.5,0.0,160,59,51,8,0
2025-04-18,Idli,Friday,0,4,0,0,30.5,0.0,50,109,85,24,0
2025-04-18,Lassi,Friday,0,4,0,0,30.5,0.0,60,55,40,15,0
2025-04-18,Meals,Friday,0,4,0,0,30.5,0.0,140,91,74,17,0
2025-04-18,Parotta,Friday,0,4,0,0,30.5,0.0,40,80,58,22,0
2025-04-18,Veg Noodles,Friday,0,4,0,0,30.5,0.0,120,48,34,14,0
2025-04-19,Biryani,Saturday,1,4,0,1,29.5,0.0,220,182,139,43,0
2025-04-19,Chicken Curry,Saturday,1,4,0,1,29.5,0.0,190,52,48,4,0
2025-04-19,Dosa,Saturday,1,4,0,1,29.5,0.0,70,102,83,19,0
2025-04-19,Filter Coffee,Saturday,1,4,0,1,29.5,0.0,30,137,121,16,0
2025-04-19,Fried Rice,Saturday,1,4,0,1,29.5,0.0,160,70,70,0,1
2025-04-19,Idli,Saturday,1,4,0,1,29.5,0.0,50,117,103,14,0
2025-04-19,Lassi,Saturday,1,4,0,1,29.5,0.0,60,66,55,11,0
2025-04-19,Meals,Saturday,1,4,0,1,29.5,0.0,140,92,92,0,1
2025-04-19,Parotta,Saturday,1,4,0,1,29.5,0.0,40,86,75,11,0
2025-04-19,Veg Noodles,Saturday,1,4,0,1,29.5,0.0,120,49,34,15,0
2025-04-20,Biryani,Sunday,1,4,0,0,29.0,0.0,220,191,136,55,0
2025-04-20,Chicken Curry,Sunday,1,4,0,0,29.0,0.0,190,57,50,7,0
2025-04-20,Dosa,Sunday,1,4,0,0,29.0,0.0,70,110,82,28,0
2025-04-20,Filter Coffee,Sunday,1,4,0,0,29.0,0.0,30,130,112,18,0
2025-04-20,Fried Rice,Sunday,1,4,0,0,29.0,0.0,160,77,52,25,0
2025-04-20,Idli,Sunday,1,4,0,0,29.0,0.0,50,108,90,18,0
2025-04-20,Lassi,Sunday,1,4,0,0,29.0,0.0,60,61,44,17,0
2025-04-20,Meals,Sunday,1,4,0,0,29.0,0.0,140,109,80,29,0
2025-04-20,Parotta,Sunday,1,4,0,0,29.0,0.0,40,93,75,18,0
2025-04-20,Veg Noodles,Sunday,1,4,0,0,29.0,0.0,120,51,39,12,0
2025-04-21,Biryani,Monday,0,4,0,0,30.5,0.0,220,136,109,27,0
2025-04-21,Chicken Curry,Monday,0,4,0,0,30.5,0.0,190,44,40,4,0
2025-04-21,Dosa,Monday,0,4,0,0,30.5,0.0,70,81,72,9,0
2025-04-21,Filter Coffee,Monday,0,4,0,0,30.5,0.0,30,131,114,17,0
2025-04-21,Fried Rice,Monday,0,4,0,0,30.5,0.0,160,68,56,12,0
2025-04-21,Idli,Monday,0,4,0,0,30.5,0.0,50,109,90,19,0
2025-04-21,Lassi,Monday,0,4,0,0,30.5,0.0,60,50,46,4,0
2025-04-21,Meals,Monday,0,4,0,0,30.5,0.0,140,104,77,27,0
2025-04-21,Parotta,Monday,0,4,0,0,30.5,0.0,40,91,61,30,0
2025-04-21,Veg Noodles,Monday,0,4,0,0,30.5,0.0,120,40,30,10,0
2025-04-22,Biryani,Tuesday,0,4,0,0,30.1,0.0,220,133,122,11,0
2025-04-22,Chicken Curry,Tuesday,0,4,0,0,30.1,0.0,190,43,39,4,0
2025-04-22,Dosa,Tuesday,0,4,0,0,30.1,0.0,70,92,74,18,0
2025-04-22,Filter Coffee,Tuesday,0,4,0,0,30.1,0.0,30,130,112,18,0
2025-04-22,Fried Rice,Tuesday,0,4,0,0,30.1,0.0,160,68,48,20,0
2025-04-22,Idli,Tuesday,0,4,0,0,30.1,0.0,50,112,97,15,0
2025-04-22,Lassi,Tuesday,0,4,0,0,30.1,0.0,60,51,47,4,0
2025-04-22,Meals,Tuesday,0,4,0,0,30.1,0.0,140,101,60,41,0
2025-04-22,Parotta,Tuesday,0,4,0,0,30.1,0.0,40,92,60,32,0
2025-04-22,Veg Noodles,Tuesday,0,4,0,0,30.1,0.0,120,43,32,11,0
2025-04-23,Biryani,Wednesday,0,4,0,0,28.3,0.0,220,152,117,35,0
2025-04-23,Chicken Curry,Wednesday,0,4,0,0,28.3,0.0,190,54,32,22,0
2025-04-23,Dosa,Wednesday,0,4,0,0,28.3,0.0,70,100,60,40,0
2025-04-23,Filter Coffee,Wednesday,0,4,0,0,28.3,0.0,30,131,103,28,0
2025-04-23,Fried Rice,Wednesday,0,4,0,0,28.3,0.0,160,67,44,23,0
2025-04-23,Idli,Wednesday,0,4,0,0,28.3,0.0,50,99,87,12,0
2025-04-23,Lassi,Wednesday,0,4,0,0,28.3,0.0,60,56,40,16,0
2025-04-23,Meals,Wednesday,0,4,0,0,28.3,0.0,140,104,74,30,0
2025-04-23,Parotta,Wednesday,0,4,0,0,28.3,0.0,40,90,66,24,0
2025-04-23,Veg Noodles,Wednesday,0,4,0,0,28.3,0.0,120,39,34,5,0
2025-04-24,Biryani,Thursday,0,4,0,0,30.0,0.0,220,127,100,27,0
2025-04-24,Chicken Curry,Thursday,0,4,0,0,30.0,0.0,190,44,35,9,0
2025-04-24,Dosa,Thursday,0,4,0,0,30.0,0.0,70,95,66,29,0
2025-04-24,Filter Coffee,Thursday,0,4,0,0,30.0,0.0,30,133,96,37,0
2025-04-24,Fried Rice,Thursday,0,4,0,0,30.0,0.0,160,61,46,15,0
2025-04-24,Idli,Thursday,0,4,0,0,30.0,0.0,50,114,92,22,0
2025-04-24,Lassi,Thursday,0,4,0,0,30.0,0.0,60,50,40,10,0
2025-04-24,Meals,Thursday,0,4,0,0,30.0,0.0,140,102,78,24,0
2025-04-24,Parotta,Thursday,0,4,0,0,30.0,0.0,40,79,79,0,0
2025-04-24,Veg Noodles,Thursday,0,4,0,0,30.0,0.0,120,43,36,7,0
2025-04-25,Biryani,Friday,0,4,0,0,30.5,0.0,220,161,122,39,0
2025-04-25,Chicken Curry,Friday,0,4,0,0,30.5,0.0,190,47,45,2,0
2025-04-25,Dosa,Friday,0,4,0,0,30.5,0.0,70,83,76,7,0
2025-04-25,Filter Coffee,Friday,0,4,0,0,30.5,0.0,30,130,84,46,0
2025-04-25,Fried Rice,Friday,0,4,0,0,30.5,0.0,160,60,45,15,0
2025-04-25,Idli,Friday,0,4,0,0,30.5,0.0,50,119,93,26,0
2025-04-25,Lassi,Friday,0,4,0,0,30.5,0.0,60,60,51,9,0
2025-04-25,Meals,Friday,0,4,0,0,30.5,0.0,140,90,80,10,0
2025-04-25,Parotta,Friday,0,4,0,0,30.5,0.0,40,95,65,30,0
2025-04-25,Veg Noodles,Friday,0,4,0,0,30.5,0.0,120,41,39,2,0
2025-04-26,Biryani,Saturday,1,4,0,0,29.1,0.0,220,154,135,19,0
2025-04-26,Chicken Curry,Saturday,1,4,0,0,29.1,0.0,190,61,39,22,0
2025-04-26,Dosa,Saturday,1,4,0,0,29.1,0.0,70,99,68,31,0
2025-04-26,Filter Coffee,Saturday,1,4,0,0,29.1,0.0,30,136,99,37,0
2025-04-26,Fried Rice,Saturday,1,4,0,0,29.1,0.0,160,73,58,15,0
2025-04-26,Idli,Saturday,1,4,0,0,29.1,0.0,50,94,91,3,0
2025-04-26,Lassi,Saturday,1,4,0,0,29.1,0.0,60,64,49,15,0
2025-04-26,Meals,Saturday,1,4,0,0,29.1,0.0,140,104,86,18,0
2025-04-26,Parotta,Saturday,1,4,0,0,29.1,0.0,40,81,72,9,0
2025-04-26,Veg Noodles,Saturday,1,4,0,0,29.1,0.0,120,49,33,16,0
2025-04-27,Biryani,Sunday,1,4,0,1,30.5,0.0,220,188,146,42,0
2025-04-27,Chicken Curry,Sunday,1,4,0,1,30.5,0.0,190,63,56,7,0
2025-04-27,Dosa,Sunday,1,4,0,1,30.5,0.0,70,107,90,17,0
2025-04-27,Filter Coffee,Sunday,1,4,0,1,30.5,0.0,30,127,113,14,0
2025-04-27,Fried Rice,Sunday,1,4,0,1,30.5,0.0,160,69,60,9,0
2025-04-27,Idli,Sunday,1,4,0,1,30.5,0.0,50,95,95,0,1
2025-04-27,Lassi,Sunday,1,4,0,1,30.5,0.0,60,64,57,7,0
2025-04-27,Meals,Sunday,1,4,0,1,30.5,0.0,140,111,89,22,0
2025-04-27,Parotta,Sunday,1,4,0,1,30.5,0.0,40,95,76,19,0
2025-04-27,Veg Noodles,Sunday,1,4,0,1,30.5,0.0,120,51,38,13,0
2025-04-28,Biryani,Monday,0,4,0,0,28.6,0.0,220,150,117,33,0
2025-04-28,Chicken Curry,Monday,0,4,0,0,28.6,0.0,190,48,40,8,0
2025-04-28,Dosa,Monday,0,4,0,0,28.6,0.0,70,85,63,22,0
2025-04-28,Filter Coffee,Monday,0,4,0,0,28.6,0.0,30,121,100,21,0
2025-04-28,Fried Rice,Monday,0,4,0,0,28.6,0.0,160,64,50,14,0
2025-04-28,Idli,Monday,0,4,0,0,28.6,0.0,50,112,92,20,0
2025-04-28,Lassi,Monday,0,4,0,0,28.6,0.0,60,61,47,14,0
2025-04-28,Meals,Monday,0,4,0,0,28.6,0.0,140,106,75,31,0
2025-04-28,Parotta,Monday,0,4,0,0,28.6,0.0,40,81,72,9,0
2025-04-28,Veg Noodles,Monday,0,4,0,0,28.6,0.0,120,41,34,7,0
2025-04-29,Biryani,Tuesday,0,4,0,0,32.0,0.0,220,138,106,32,0
2025-04-29,Chicken Curry,Tuesday,0,4,0,0,32.0,0.0,190,51,36,15,0
2025-04-29,Dosa,Tuesday,0,4,0,0,32.0,0.0,70,93,70,23,0
2025-04-29,Filter Coffee,Tuesday,0,4,0,0,32.0,0.0,30,124,81,43,0
2025-04-29,Fried Rice,Tuesday,0,4,0,0,32.0,0.0,160,70,53,17,0
2025-04-29,Idli,Tuesday,0,4,0,0,32.0,0.0,50,113,101,12,0
2025-04-29,Lassi,Tuesday,0,4,0,0,32.0,0.0,60,62,46,16,0
2025-04-29,Meals,Tuesday,0,4,0,0,32.0,0.0,140,91,68,23,0
2025-04-29,Parotta,Tuesday,0,4,0,0,32.0,0.0,40,84,70,14,0
2025-04-29,Veg Noodles,Tuesday,0,4,0,0,32.0,0.0,120,43,33,10,0
2025-04-30,Biryani,Wednesday,0,4,0,0,32.0,0.0,220,129,96,33,0
2025-04-30,Chicken Curry,Wednesday,0,4,0,0,32.0,0.0,190,54,32,22,0
2025-04-30,Dosa,Wednesday,0,4,0,0,32.0,0.0,70,98,80,18,0
2025-04-30,Filter Coffee,Wednesday,0,4,0,0,32.0,0.0,30,123,93,30,0
2025-04-30,Fried Rice,Wednesday,0,4,0,0,32.0,0.0,160,63,46,17,0
2025-04-30,Idli,Wednesday,0,4,0,0,32.0,0.0,50,107,83,24,0
2025-04-30,Lassi,Wednesday,0,4,0,0,32.0,0.0,60,55,44,11,0
2025-04-30,Meals,Wednesday,0,4,0,0,32.0,0.0,140,88,75,13,0
2025-04-30,Parotta,Wednesday,0,4,0,0,32.0,0.0,40,85,69,16,0
2025-04-30,Veg Noodles,Wednesday,0,4,0,0,32.0,0.0,120,40,29,11,0
2025-05-01,Biryani,Thursday,0,5,0,0,30.3,0.0,220,151,113,38,0
2025-05-01,Chicken Curry,Thursday,0,5,0,0,30.3,0.0,190,44,36,8,0
2025-05-01,Dosa,Thursday,0,5,0,0,30.3,0.0,70,91,75,16,0
2025-05-01,Filter Coffee,Thursday,0,5,0,0,30.3,0.0,30,120,103,17,0
2025-05-01,Fried Rice,Thursday,0,5,0,0,30.3,0.0,160,65,48,17,0
2025-05-01,Idli,Thursday,0,5,0,0,30.3,0.0,50,98,86,12,0
2025-05-01,Lassi,Thursday,0,5,0,0,30.3,0.0,60,50,40,10,0
2025-05-01,Meals,Thursday,0,5,0,0,30.3,0.0,140,104,69,35,0
2025-05-01,Parotta,Thursday,0,5,0,0,30.3,0.0,40,78,73,5,0
2025-05-01,Veg Noodles,Thursday,0,5,0,0,30.3,0.0,120,38,33,5,0
2025-05-02,Biryani,Friday,0,5,0,0,31.1,0.0,220,144,117,27,0
2025-05-02,Chicken Curry,Friday,0,5,0,0,31.1,0.0,190,48,47,1,0
2025-05-02,Dosa,Friday,0,5,0,0,31.1,0.0,70,86,62,24,0
2025-05-02,Filter Coffee,Friday,0,5,0,0,31.1,0.0,30,123,89,34,0
2025-05-02,Fried Rice,Friday,0,5,0,0,31.1,0.0,160,68,46,22,0
2025-05-02,Idli,Friday,0,5,0,0,31.1,0.0,50,116,84,32,0
2025-05-02,Lassi,Friday,0,5,0,0,31.1,0.0,60,54,46,8,0
2025-05-02,Meals,Friday,0,5,0,0,31.1,0.0,140,93,66,27,0
2025-05-02,Parotta,Friday,0,5,0,0,31.1,0.0,40,80,65,15,0
2025-05-02,Veg Noodles,Friday,0,5,0,0,31.1,0.0,120,40,35,5,0
2025-05-03,Biryani,Saturday,1,5,0,0,27.8,0.0,220,156,127,29,0
2025-05-03,Chicken Curry,Saturday,1,5,0,0,27.8,0.0,190,61,41,20,0
2025-05-03,Dosa,Saturday,1,5,0,0,27.8,0.0,70,97,81,16,0
2025-05-03,Filter Coffee,Saturday,1,5,0,0,27.8,0.0,30,122,102,20,0
2025-05-03,Fried Rice,Saturday,1,5,0,0,27.8,0.0,160,76,54,22,0
2025-05-03,Idli,Saturday,1,5,0,0,27.8,0.0,50,100,82,18,0
2025-05-03,Lassi,Saturday,1,5,0,0,27.8,0.0,60,63,47,16,0
2025-05-03,Meals,Saturday,1,5,0,0,27.8,0.0,140,90,73,17,0
2025-05-03,Parotta,Saturday,1,5,0,0,27.8,0.0,40,98,70,28,0
2025-05-03,Veg Noodles,Saturday,1,5,0,0,27.8,0.0,120,43,33,10,0
2025-05-04,Biryani,Sunday,1,5,0,0,29.4,0.0,220,180,140,40,0
2025-05-04,Chicken Curry,Sunday,1,5,0,0,29.4,0.0,190,64,44,20,0
2025-05-04,Dosa,Sunday,1,5,0,0,29.4,0.0,70,102,90,12,0
2025-05-04,Filter Coffee,Sunday,1,5,0,0,29.4,0.0,30,113,102,11,0
2025-05-04,Fried Rice,Sunday,1,5,0,0,29.4,0.0,160,74,72,2,0
2025-05-04,Idli,Sunday,1,5,0,0,29.4,0.0,50,108,69,39,0
2025-05-04,Lassi,Sunday,1,5,0,0,29.4,0.0,60,61,54,7,0
2025-05-04,Meals,Sunday,1,5,0,0,29.4,0.0,140,112,92,20,0
2025-05-04,Parotta,Sunday,1,5,0,0,29.4,0.0,40,86,86,0,1
2025-05-04,Veg Noodles,Sunday,1,5,0,0,29.4,0.0,120,45,35,10,0
2025-05-05,Biryani,Monday,0,5,0,0,30.5,0.0,220,137,102,35,0
2025-05-05,Chicken Curry,Monday,0,5,0,0,30.5,0.0,190,55,35,20,0
2025-05-05,Dosa,Monday,0,5,0,0,30.5,0.0,70,88,88,0,0
2025-05-05,Filter Coffee,Monday,0,5,0,0,30.5,0.0,30,136,106,30,0
2025-05-05,Fried Rice,Monday,0,5,0,0,30.5,0.0,160,63,52,11,0
2025-05-05,Idli,Monday,0,5,0,0,30.5,0.0,50,113,97,16,0
2025-05-05,Lassi,Monday,0,5,0,0,30.5,0.0,60,58,44,14,0
2025-05-05,Meals,Monday,0,5,0,0,30.5,0.0,140,98,74,24,0
2025-05-05,Parotta,Monday,0,5,0,0,30.5,0.0,40,83,69,14,0
2025-05-05,Veg Noodles,Monday,0,5,0,0,30.5,0.0,120,44,31,13,0
2025-05-06,Biryani,Tuesday,0,5,0,0,29.7,0.0,220,146,114,32,0
2025-05-06,Chicken Curry,Tuesday,0,5,0,0,29.7,0.0,190,47,42,5,0
2025-05-06,Dosa,Tuesday,0,5,0,0,29.7,0.0,70,95,73,22,0
2025-05-06,Filter Coffee,Tuesday,0,5,0,0,29.7,0.0,30,133,113,20,0
2025-05-06,Fried Rice,Tuesday,0,5,0,0,29.7,0.0,160,58,48,10,0
2025-05-06,Idli,Tuesday,0,5,0,0,29.7,0.0,50,110,80,30,0
2025-05-06,Lassi,Tuesday,0,5,0,0,29.7,0.0,60,58,47,11,0
2025-05-06,Meals,Tuesday,0,5,0,0,29.7,0.0,140,93,78,15,0
2025-05-06,Parotta,Tuesday,0,5,0,0,29.7,0.0,40,77,55,22,0
2025-05-06,Veg Noodles,Tuesday,0,5,0,0,29.7,0.0,120,44,32,12,0
2025-05-07,Biryani,Wednesday,0,5,0,0,31.9,0.0,220,127,107,20,0
2025-05-07,Chicken Curry,Wednesday,0,5,0,0,31.9,0.0,190,54,37,17,0
2025-05-07,Dosa,Wednesday,0,5,0,0,31.9,0.0,70,89,63,26,0
2025-05-07,Filter Coffee,Wednesday,0,5,0,0,31.9,0.0,30,120,92,28,0
2025-05-07,Fried Rice,Wednesday,0,5,0,0,31.9,0.0,160,64,46,18,0
2025-05-07,Idli,Wednesday,0,5,0,0,31.9,0.0,50,114,88,26,0
2025-05-07,Lassi,Wednesday,0,5,0,0,31.9,0.0,60,57,45,12,0
2025-05-07,Meals,Wednesday,0,5,0,0,31.9,0.0,140,86,73,13,0
2025-05-07,Parotta,Wednesday,0,5,0,0,31.9,0.0,40,80,67,13,0
2025-05-07,Veg Noodles,Wednesday,0,5,0,0,31.9,0.0,120,41,34,7,0
2025-05-08,Biryani,Thursday,0,5,0,0,33.5,0.0,220,137,108,29,0
2025-05-08,Chicken Curry,Thursday,0,5,0,0,33.5,0.0,190,47,36,11,0
2025-05-08,Dosa,Thursday,0,5,0,0,33.5,0.0,70,99,73,26,0
2025-05-08,Filter Coffee,Thursday,0,5,0,0,33.5,0.0,30,139,94,45,0
2025-05-08,Fried Rice,Thursday,0,5,0,0,33.5,0.0,160,60,48,12,0
2025-05-08,Idli,Thursday,0,5,0,0,33.5,0.0,50,117,77,40,0
2025-05-08,Lassi,Thursday,0,5,0,0,33.5,0.0,60,51,45,6,0
2025-05-08,Meals,Thursday,0,5,0,0,33.5,0.0,140,86,66,20,0
2025-05-08,Parotta,Thursday,0,5,0,0,33.5,0.0,40,79,62,17,0
2025-05-08,Veg Noodles,Thursday,0,5,0,0,33.5,0.0,120,47,31,16,0
2025-05-09,Biryani,Friday,0,5,0,0,29.7,0.0,220,163,119,44,0
2025-05-09,Chicken Curry,Friday,0,5,0,0,29.7,0.0,190,54,45,9,0
2025-05-09,Dosa,Friday,0,5,0,0,29.7,0.0,70,99,82,17,0
2025-05-09,Filter Coffee,Friday,0,5,0,0,29.7,0.0,30,139,100,39,0
2025-05-09,Fried Rice,Friday,0,5,0,0,29.7,0.0,160,66,52,14,0
2025-05-09,Idli,Friday,0,5,0,0,29.7,0.0,50,112,90,22,0
2025-05-09,Lassi,Friday,0,5,0,0,29.7,0.0,60,54,40,14,0
2025-05-09,Meals,Friday,0,5,0,0,29.7,0.0,140,106,83,23,0
2025-05-09,Parotta,Friday,0,5,0,0,29.7,0.0,40,91,73,18,0
2025-05-09,Veg Noodles,Friday,0,5,0,0,29.7,0.0,120,48,34,14,0
2025-05-10,Biryani,Saturday,1,5,0,0,30.2,0.0,220,145,117,28,0
2025-05-10,Chicken Curry,Saturday,1,5,0,0,30.2,0.0,190,61,46,15,0
2025-05-10,Dosa,Saturday,1,5,0,0,30.2,0.0,70,104,74,30,0
2025-05-10,Filter Coffee,Saturday,1,5,0,0,30.2,0.0,30,137,103,34,0
2025-05-10,Fried Rice,Saturday,1,5,0,0,30.2,0.0,160,75,53,22,0
2025-05-10,Idli,Saturday,1,5,0,0,30.2,0.0,50,109,78,31,0
2025-05-10,Lassi,Saturday,1,5,0,0,30.2,0.0,60,58,45,13,0
2025-05-10,Meals,Saturday,1,5,0,0,30.2,0.0,140,101,67,34,0
2025-05-10,Parotta,Saturday,1,5,0,0,30.2,0.0,40,91,74,17,0
2025-05-10,Veg Noodles,Saturday,1,5,0,0,30.2,0.0,120,41,41,0,1
2025-05-11,Biryani,Sunday,1,5,0,0,31.6,0.0,220,177,129,48,0
2025-05-11,Chicken Curry,Sunday,1,5,0,0,31.6,0.0,190,55,43,12,0
2025-05-11,Dosa,Sunday,1,5,0,0,31.6,0.0,70,101,85,16,0
2025-05-11,Filter Coffee,Sunday,1,5,0,0,31.6,0.0,30,111,100,11,0
2025-05-11,Fried Rice,Sunday,1,5,0,0,31.6,0.0,160,66,61,5,0
2025-05-11,Idli,Sunday,1,5,0,0,31.6,0.0,50,103,74,29,0
2025-05-11,Lassi,Sunday,1,5,0,0,31.6,0.0,60,68,47,21,0
2025-05-11,Meals,Sunday,1,5,0,0,31.6,0.0,140,95,77,18,0
2025-05-11,Parotta,Sunday,1,5,0,0,31.6,0.0,40,92,65,27,0
2025-05-11,Veg Noodles,Sunday,1,5,0,0,31.6,0.0,120,48,35,13,0
2025-05-12,Biryani,Monday,0,5,0,0,33.3,23.7,220,145,85,60,0
2025-05-12,Chicken Curry,Monday,0,5,0,0,33.3,23.7,190,45,35,10,0
2025-05-12,Dosa,Monday,0,5,0,0,33.3,23.7,70,84,67,17,0
2025-05-12,Filter Coffee,Monday,0,5,0,0,33.3,23.7,30,121,115,6,0
2025-05-12,Fried Rice,Monday,0,5,0,0,33.3,23.7,160,64,44,20,0
2025-05-12,Idli,Monday,0,5,0,0,33.3,23.7,50,110,92,18,0
2025-05-12,Lassi,Monday,0,5,0,0,33.3,23.7,60,58,53,5,0
2025-05-12,Meals,Monday,0,5,0,0,33.3,23.7,140,94,75,19,0
2025-05-12,Parotta,Monday,0,5,0,0,33.3,23.7,40,91,69,22,0
2025-05-12,Veg Noodles,Monday,0,5,0,0,33.3,23.7,120,46,30,16,0
2025-05-13,Biryani,Tuesday,0,5,0,0,30.0,0.0,220,153,114,39,0
2025-05-13,Chicken Curry,Tuesday,0,5,0,0,30.0,0.0,190,50,42,8,0
2025-05-13,Dosa,Tuesday,0,5,0,0,30.0,0.0,70,96,73,23,0
2025-05-13,Filter Coffee,Tuesday,0,5,0,0,30.0,0.0,30,124,81,43,0
2025-05-13,Fried Rice,Tuesday,0,5,0,0,30.0,0.0,160,58,45,13,0
2025-05-13,Idli,Tuesday,0,5,0,0,30.0,0.0,50,111,82,29,0
2025-05-13,Lassi,Tuesday,0,5,0,0,30.0,0.0,60,58,45,13,0
2025-05-13,Meals,Tuesday,0,5,0,0,30.0,0.0,140,90,78,12,0
2025-05-13,Parotta,Tuesday,0,5,0,0,30.0,0.0,40,75,66,9,0
2025-05-13,Veg Noodles,Tuesday,0,5,0,0,30.0,0.0,120,39,34,5,0
2025-05-14,Biryani,Wednesday,0,5,0,0,31.8,0.0,220,143,98,45,0
2025-05-14,Chicken Curry,Wednesday,0,5,0,0,31.8,0.0,190,53,38,15,0
2025-05-14,Dosa,Wednesday,0,5,0,0,31.8,0.0,70,81,58,23,0
2025-05-14,Filter Coffee,Wednesday,0,5,0,0,31.8,0.0,30,132,99,33,0
2025-05-14,Fried Rice,Wednesday,0,5,0,0,31.8,0.0,160,59,50,9,0
2025-05-14,Idli,Wednesday,0,5,0,0,31.8,0.0,50,110,83,27,0
2025-05-14,Lassi,Wednesday,0,5,0,0,31.8,0.0,60,58,46,12,0
2025-05-14,Meals,Wednesday,0,5,0,0,31.8,0.0,140,88,72,16,0
2025-05-14,Parotta,Wednesday,0,5,0,0,31.8,0.0,40,89,67,22,0
2025-05-14,Veg Noodles,Wednesday,0,5,0,0,31.8,0.0,120,41,35,6,0
2025-05-15,Biryani,Thursday,0,5,0,0,33.7,0.0,220,151,108,43,0
2025-05-15,Chicken Curry,Thursday,0,5,0,0,33.7,0.0,190,44,33,11,0
2025-05-15,Dosa,Thursday,0,5,0,0,33.7,0.0,70,91,65,26,0
2025-05-15,Filter Coffee,Thursday,0,5,0,0,33.7,0.0,30,130,96,34,0
2025-05-15,Fried Rice,Thursday,0,5,0,0,33.7,0.0,160,56,44,12,0
2025-05-15,Idli,Thursday,0,5,0,0,33.7,0.0,50,110,87,23,0
2025-05-15,Lassi,Thursday,0,5,0,0,33.7,0.0,60,56,56,0,0
2025-05-15,Meals,Thursday,0,5,0,0,33.7,0.0,140,92,65,27,0
2025-05-15,Parotta,Thursday,0,5,0,0,33.7,0.0,40,78,68,10,0
2025-05-15,Veg Noodles,Thursday,0,5,0,0,33.7,0.0,120,46,33,13,0
2025-05-16,Biryani,Friday,0,5,0,0,29.6,0.0,220,138,120,18,0
2025-05-16,Chicken Curry,Friday,0,5,0,0,29.6,0.0,190,56,35,21,0
2025-05-16,Dosa,Friday,0,5,0,0,29.6,0.0,70,83,72,11,0
2025-05-16,Filter Coffee,Friday,0,5,0,0,29.6,0.0,30,131,97,34,0
2025-05-16,Fried Rice,Friday,0,5,0,0,29.6,0.0,160,60,54,6,0
2025-05-16,Idli,Friday,0,5,0,0,29.6,0.0,50,102,92,10,0
2025-05-16,Lassi,Friday,0,5,0,0,29.6,0.0,60,51,40,11,0
2025-05-16,Meals,Friday,0,5,0,0,29.6,0.0,140,100,73,27,0
2025-05-16,Parotta,Friday,0,5,0,0,29.6,0.0,40,96,76,20,0
2025-05-16,Veg Noodles,Friday,0,5,0,0,29.6,0.0,120,46,39,7,0
2025-05-17,Biryani,Saturday,1,5,0,0,30.1,0.0,220,158,134,24,0
2025-05-17,Chicken Curry,Saturday,1,5,0,0,30.1,0.0,190,54,40,14,0
2025-05-17,Dosa,Saturday,1,5,0,0,30.1,0.0,70,97,73,24,0
2025-05-17,Filter Coffee,Saturday,1,5,0,0,30.1,0.0,30,134,82,52,0
2025-05-17,Fried Rice,Saturday,1,5,0,0,30.1,0.0,160,79,55,24,0
2025-05-17,Idli,Saturday,1,5,0,0,30.1,0.0,50,113,78,35,0
2025-05-17,Lassi,Saturday,1,5,0,0,30.1,0.0,60,56,47,9,0
2025-05-17,Meals,Saturday,1,5,0,0,30.1,0.0,140,94,75,19,0
2025-05-17,Parotta,Saturday,1,5,0,0,30.1,0.0,40,81,74,7,0
2025-05-17,Veg Noodles,Saturday,1,5,0,0,30.1,0.0,120,50,37,13,0
2025-05-18,Biryani,Sunday,1,5,0,0,31.2,0.0,220,199,126,73,0
2025-05-18,Chicken Curry,Sunday,1,5,0,0,31.2,0.0,190,59,42,17,0
2025-05-18,Dosa,Sunday,1,5,0,0,31.2,0.0,70,105,70,35,0
2025-05-18,Filter Coffee,Sunday,1,5,0,0,31.2,0.0,30,140,96,44,0
2025-05-18,Fried Rice,Sunday,1,5,0,0,31.2,0.0,160,84,50,34,0
2025-05-18,Idli,Sunday,1,5,0,0,31.2,0.0,50,95,75,20,0
2025-05-18,Lassi,Sunday,1,5,0,0,31.2,0.0,60,57,57,0,1
2025-05-18,Meals,Sunday,1,5,0,0,31.2,0.0,140,100,76,24,0
2025-05-18,Parotta,Sunday,1,5,0,0,31.2,0.0,40,98,76,22,0
2025-05-18,Veg Noodles,Sunday,1,5,0,0,31.2,0.0,120,53,32,21,0
2025-05-19,Biryani,Monday,0,5,0,0,31.2,0.0,220,153,108,45,0
2025-05-19,Chicken Curry,Monday,0,5,0,0,31.2,0.0,190,47,32,15,0
2025-05-19,Dosa,Monday,0,5,0,0,31.2,0.0,70,89,68,21,0
2025-05-19,Filter Coffee,Monday,0,5,0,0,31.2,0.0,30,127,91,36,0
2025-05-19,Fried Rice,Monday,0,5,0,0,31.2,0.0,160,66,49,17,0
2025-05-19,Idli,Monday,0,5,0,0,31.2,0.0,50,123,87,36,0
2025-05-19,Lassi,Monday,0,5,0,0,31.2,0.0,60,50,45,5,0
2025-05-19,Meals,Monday,0,5,0,0,31.2,0.0,140,97,82,15,0
2025-05-19,Parotta,Monday,0,5,0,0,31.2,0.0,40,86,71,15,0
2025-05-19,Veg Noodles,Monday,0,5,0,0,31.2,0.0,120,38,33,5,0
2025-05-20,Biryani,Tuesday,0,5,0,0,32.8,0.0,220,142,123,19,0
2025-05-20,Chicken Curry,Tuesday,0,5,0,0,32.8,0.0,190,54,35,19,0
2025-05-20,Dosa,Tuesday,0,5,0,0,32.8,0.0,70,89,72,17,0
2025-05-20,Filter Coffee,Tuesday,0,5,0,0,32.8,0.0,30,138,107,31,0
2025-05-20,Fried Rice,Tuesday,0,5,0,0,32.8,0.0,160,65,42,23,0
2025-05-20,Idli,Tuesday,0,5,0,0,32.8,0.0,50,115,90,25,0
2025-05-20,Lassi,Tuesday,0,5,0,0,32.8,0.0,60,53,53,0,1
2025-05-20,Meals,Tuesday,0,5,0,0,32.8,0.0,140,96,69,27,0
2025-05-20,Parotta,Tuesday,0,5,0,0,32.8,0.0,40,85,78,7,0
2025-05-20,Veg Noodles,Tuesday,0,5,0,0,32.8,0.0,120,44,31,13,0
2025-05-21,Biryani,Wednesday,0,5,0,0,32.2,59.8,220,139,111,28,0
2025-05-21,Chicken Curry,Wednesday,0,5,0,0,32.2,59.8,190,44,37,7,0
2025-05-21,Dosa,Wednesday,0,5,0,0,32.2,59.8,70,82,74,8,0
2025-05-21,Filter Coffee,Wednesday,0,5,0,0,32.2,59.8,30,135,118,17,0
2025-05-21,Fried Rice,Wednesday,0,5,0,0,32.2,59.8,160,67,49,18,0
2025-05-21,Idli,Wednesday,0,5,0,0,32.2,59.8,50,99,99,0,1
2025-05-21,Lassi,Wednesday,0,5,0,0,32.2,59.8,60,60,43,17,0
2025-05-21,Meals,Wednesday,0,5,0,0,32.2,59.8,140,89,78,11,0
2025-05-21,Parotta,Wednesday,0,5,0,0,32.2,59.8,40,90,77,13,0
2025-05-21,Veg Noodles,Wednesday,0,5,0,0,32.2,59.8,120,45,34,11,0
2025-05-22,Biryani,Thursday,0,5,0,0,29.8,0.0,220,138,118,20,0
2025-05-22,Chicken Curry,Thursday,0,5,0,0,29.8,0.0,190,50,37,13,0
2025-05-22,Dosa,Thursday,0,5,0,0,29.8,0.0,70,86,71,15,0
2025-05-22,Filter Coffee,Thursday,0,5,0,0,29.8,0.0,30,121,92,29,0
2025-05-22,Fried Rice,Thursday,0,5,0,0,29.8,0.0,160,69,48,21,0
2025-05-22,Idli,Thursday,0,5,0,0,29.8,0.0,50,116,80,36,0
2025-05-22,Lassi,Thursday,0,5,0,0,29.8,0.0,60,51,48,3,0
2025-05-22,Meals,Thursday,0,5,0,0,29.8,0.0,140,87,77,10,0
2025-05-22,Parotta,Thursday,0,5,0,0,29.8,0.0,40,76,66,10,0
2025-05-22,Veg Noodles,Thursday,0,5,0,0,29.8,0.0,120,39,35,4,0
2025-05-23,Biryani,Friday,0,5,0,0,32.7,0.0,220,133,118,15,0
2025-05-23,Chicken Curry,Friday,0,5,0,0,32.7,0.0,190,47,46,1,0
2025-05-23,Dosa,Friday,0,5,0,0,32.7,0.0,70,92,77,15,0
2025-05-23,Filter Coffee,Friday,0,5,0,0,32.7,0.0,30,135,80,55,0
2025-05-23,Fried Rice,Friday,0,5,0,0,32.7,0.0,160,66,59,7,0
2025-05-23,Idli,Friday,0,5,0,0,32.7,0.0,50,106,83,23,0
2025-05-23,Lassi,Friday,0,5,0,0,32.7,0.0,60,52,52,0,1
2025-05-23,Meals,Friday,0,5,0,0,32.7,0.0,140,88,83,5,0
2025-05-23,Parotta,Friday,0,5,0,0,32.7,0.0,40,85,70,15,0
2025-05-23,Veg Noodles,Friday,0,5,0,0,32.7,0.0,120,38,30,8,0
2025-05-24,Biryani,Saturday,1,5,0,0,31.4,0.0,220,180,117,63,0
2025-05-24,Chicken Curry,Saturday,1,5,0,0,31.4,0.0,190,62,43,19,0
2025-05-24,Dosa,Saturday,1,5,0,0,31.4,0.0,70,105,73,32,0
2025-05-24,Filter Coffee,Saturday,1,5,0,0,31.4,0.0,30,114,101,13,0
2025-05-24,Fried Rice,Saturday,1,5,0,0,31.4,0.0,160,62,60,2,0
2025-05-24,Idli,Saturday,1,5,0,0,31.4,0.0,50,119,92,27,0
2025-05-24,Lassi,Saturday,1,5,0,0,31.4,0.0,60,55,49,6,0
2025-05-24,Meals,Saturday,1,5,0,0,31.4,0.0,140,98,78,20,0
2025-05-24,Parotta,Saturday,1,5,0,0,31.4,0.0,40,100,73,27,0
2025-05-24,Veg Noodles,Saturday,1,5,0,0,31.4,0.0,120,42,40,2,0
2025-05-25,Biryani,Sunday,1,5,0,0,33.7,0.0,220,194,146,48,0
2025-05-25,Chicken Curry,Sunday,1,5,0,0,33.7,0.0,190,65,46,19,0
2025-05-25,Dosa,Sunday,1,5,0,0,33.7,0.0,70,110,87,23,0
2025-05-25,Filter Coffee,Sunday,1,5,0,0,33.7,0.0,30,115,98,17,0
2025-05-25,Fried Rice,Sunday,1,5,0,0,33.7,0.0,160,79,53,26,0
2025-05-25,Idli,Sunday,1,5,0,0,33.7,0.0,50,116,94,22,0
2025-05-25,Lassi,Sunday,1,5,0,0,33.7,0.0,60,60,53,7,0
2025-05-25,Meals,Sunday,1,5,0,0,33.7,0.0,140,110,86,24,0
2025-05-25,Parotta,Sunday,1,5,0,0,33.7,0.0,40,106,75,31,0
2025-05-25,Veg Noodles,Sunday,1,5,0,0,33.7,0.0,120,51,40,11,0
2025-05-26,Biryani,Monday,0,5,0,0,31.4,0.0,220,138,107,31,0
2025-05-26,Chicken Curry,Monday,0,5,0,0,31.4,0.0,190,46,40,6,0
2025-05-26,Dosa,Monday,0,5,0,0,31.4,0.0,70,101,65,36,0
2025-05-26,Filter Coffee,Monday,0,5,0,0,31.4,0.0,30,141,94,47,0
2025-05-26,Fried Rice,Monday,0,5,0,0,31.4,0.0,160,70,42,28,0
2025-05-26,Idli,Monday,0,5,0,0,31.4,0.0,50,121,80,41,0
2025-05-26,Lassi,Monday,0,5,0,0,31.4,0.0,60,52,45,7,0
2025-05-26,Meals,Monday,0,5,0,0,31.4,0.0,140,89,75,14,0
2025-05-26,Parotta,Monday,0,5,0,0,31.4,0.0,40,84,78,6,0
2025-05-26,Veg Noodles,Monday,0,5,0,0,31.4,0.0,120,44,32,12,0
2025-05-27,Biryani,Tuesday,0,5,0,0,31.5,0.0,220,132,113,19,0
2025-05-27,Chicken Curry,Tuesday,0,5,0,0,31.5,0.0,190,46,37,9,0
2025-05-27,Dosa,Tuesday,0,5,0,0,31.5,0.0,70,82,82,0,0
2025-05-27,Filter Coffee,Tuesday,0,5,0,0,31.5,0.0,30,124,101,23,0
2025-05-27,Fried Rice,Tuesday,0,5,0,0,31.5,0.0,160,59,46,13,0
2025-05-27,Idli,Tuesday,0,5,0,0,31.5,0.0,50,114,82,32,0
2025-05-27,Lassi,Tuesday,0,5,0,0,31.5,0.0,60,49,42,7,0
2025-05-27,Meals,Tuesday,0,5,0,0,31.5,0.0,140,105,79,26,0
2025-05-27,Parotta,Tuesday,0,5,0,0,31.5,0.0,40,85,61,24,0
2025-05-27,Veg Noodles,Tuesday,0,5,0,0,31.5,0.0,120,46,32,14,0
2025-05-28,Biryani,Wednesday,0,5,0,0,33.0,0.0,220,134,102,32,0
2025-05-28,Chicken Curry,Wednesday,0,5,0,0,33.0,0.0,190,47,39,8,0
2025-05-28,Dosa,Wednesday,0,5,0,0,33.0,0.0,70,86,77,9,0
2025-05-28,Filter Coffee,Wednesday,0,5,0,0,33.0,0.0,30,125,91,34,0
2025-05-28,Fried Rice,Wednesday,0,5,0,0,33.0,0.0,160,62,44,18,0
2025-05-28,Idli,Wednesday,0,5,0,0,33.0,0.0,50,123,89,34,0
2025-05-28,Lassi,Wednesday,0,5,0,0,33.0,0.0,60,53,47,6,0
2025-05-28,Meals,Wednesday,0,5,0,0,33.0,0.0,140,103,67,36,0
2025-05-28,Parotta,Wednesday,0,5,0,0,33.0,0.0,40,89,71,18,0
2025-05-28,Veg Noodles,Wednesday,0,5,0,0,33.0,0.0,120,40,36,4,0
2025-05-29,Biryani,Thursday,0,5,0,0,33.3,0.0,220,127,106,21,0
2025-05-29,Chicken Curry,Thursday,0,5,0,0,33.3,0.0,190,48,39,9,0
2025-05-29,Dosa,Thursday,0,5,0,0,33.3,0.0,70,90,68,22,0
2025-05-29,Filter Coffee,Thursday,0,5,0,0,33.3,0.0,30,140,102,38,0
2025-05-29,Fried Rice,Thursday,0,5,0,0,33.3,0.0,160,61,56,5,0
2025-05-29,Idli,Thursday,0,5,0,0,33.3,0.0,50,116,83,33,0
2025-05-29,Lassi,Thursday,0,5,0,0,33.3,0.0,60,63,48,15,0
2025-05-29,Meals,Thursday,0,5,0,0,33.3,0.0,140,86,61,25,0
2025-05-29,Parotta,Thursday,0,5,0,0,33.3,0.0,40,90,64,26,0
2025-05-29,Veg Noodles,Thursday,0,5,0,0,33.3,0.0,120,43,28,15,0
2025-05-30,Biryani,Friday,0,5,0,0,33.0,0.0,220,157,116,41,0
2025-05-30,Chicken Curry,Friday,0,5,0,0,33.0,0.0,190,56,40,16,0
2025-05-30,Dosa,Friday,0,5,0,0,33.0,0.0,70,96,71,25,0
2025-05-30,Filter Coffee,Friday,0,5,0,0,33.0,0.0,30,121,102,19,0
2025-05-30,Fried Rice,Friday,0,5,0,0,33.0,0.0,160,64,51,13,0
2025-05-30,Idli,Friday,0,5,0,0,33.0,0.0,50,120,80,40,0
2025-05-30,Lassi,Friday,0,5,0,0,33.0,0.0,60,55,55,0,1
2025-05-30,Meals,Friday,0,5,0,0,33.0,0.0,140,88,79,9,0
2025-05-30,Parotta,Friday,0,5,0,0,33.0,0.0,40,95,60,35,0
2025-05-30,Veg Noodles,Friday,0,5,0,0,33.0,0.0,120,38,35,3,0
2025-05-31,Biryani,Saturday,1,5,0,0,30.4,0.0,220,167,131,36,0
2025-05-31,Chicken Curry,Saturday,1,5,0,0,30.4,0.0,190,57,54,3,0
2025-05-31,Dosa,Saturday,1,5,0,0,30.4,0.0,70,102,77,25,0
2025-05-31,Filter Coffee,Saturday,1,5,0,0,30.4,0.0,30,118,86,32,0
2025-05-31,Fried Rice,Saturday,1,5,0,0,30.4,0.0,160,74,59,15,0
2025-05-31,Idli,Saturday,1,5,0,0,30.4,0.0,50,98,85,13,0
2025-05-31,Lassi,Saturday,1,5,0,0,30.4,0.0,60,56,50,6,0
2025-05-31,Meals,Saturday,1,5,0,0,30.4,0.0,140,94,82,12,0
2025-05-31,Parotta,Saturday,1,5,0,0,30.4,0.0,40,100,71,29,0
2025-05-31,Veg Noodles,Saturday,1,5,0,0,30.4,0.0,120,51,39,12,0
2025-06-01,Biryani,Sunday,1,6,0,0,33.2,0.0,220,168,144,24,0
2025-06-01,Chicken Curry,Sunday,1,6,0,0,33.2,0.0,190,59,50,9,0
2025-06-01,Dosa,Sunday,1,6,0,0,33.2,0.0,70,107,82,25,0
2025-06-01,Filter Coffee,Sunday,1,6,0,0,33.2,0.0,30,113,84,29,0
2025-06-01,Fried Rice,Sunday,1,6,0,0,33.2,0.0,160,73,57,16,0
2025-06-01,Idli,Sunday,1,6,0,0,33.2,0.0,50,115,92,23,0
2025-06-01,Lassi,Sunday,1,6,0,0,33.2,0.0,60,63,63,0,1
2025-06-01,Meals,Sunday,1,6,0,0,33.2,0.0,140,93,84,9,0
2025-06-01,Parotta,Sunday,1,6,0,0,33.2,0.0,40,95,72,23,0
2025-06-01,Veg Noodles,Sunday,1,6,0,0,33.2,0.0,120,49,37,12,0
2025-06-02,Biryani,Monday,0,6,0,0,31.3,0.0,220,144,104,40,0
2025-06-02,Chicken Curry,Monday,0,6,0,0,31.3,0.0,190,52,35,17,0
2025-06-02,Dosa,Monday,0,6,0,0,31.3,0.0,70,91,77,14,0
2025-06-02,Filter Coffee,Monday,0,6,0,0,31.3,0.0,30,127,113,14,0
2025-06-02,Fried Rice,Monday,0,6,0,0,31.3,0.0,160,70,48,22,0
2025-06-02,Idli,Monday,0,6,0,0,31.3,0.0,50,116,78,38,0
2025-06-02,Lassi,Monday,0,6,0,0,31.3,0.0,60,52,38,14,0
2025-06-02,Meals,Monday,0,6,0,0,31.3,0.0,140,99,73,26,0
2025-06-02,Parotta,Monday,0,6,0,0,31.3,0.0,40,87,68,19,0
2025-06-02,Veg Noodles,Monday,0,6,0,0,31.3,0.0,120,45,34,11,0
2025-06-03,Biryani,Tuesday,0,6,0,0,32.9,0.0,220,156,97,59,0
2025-06-03,Chicken Curry,Tuesday,0,6,0,0,32.9,0.0,190,48,39,9,0
2025-06-03,Dosa,Tuesday,0,6,0,0,32.9,0.0,70,92,63,29,0
2025-06-03,Filter Coffee,Tuesday,0,6,0,0,32.9,0.0,30,116,101,15,0
2025-06-03,Fried Rice,Tuesday,0,6,0,0,32.9,0.0,160,67,48,19,0
2025-06-03,Idli,Tuesday,0,6,0,0,32.9,0.0,50,106,98,8,0
2025-06-03,Lassi,Tuesday,0,6,0,0,32.9,0.0,60,57,43,14,0
2025-06-03,Meals,Tuesday,0,6,0,0,32.9,0.0,140,87,86,1,0
2025-06-03,Parotta,Tuesday,0,6,0,0,32.9,0.0,40,84,66,18,0
2025-06-03,Veg Noodles,Tuesday,0,6,0,0,32.9,0.0,120,40,33,7,0
2025-06-04,Biryani,Wednesday,0,6,0,0,30.9,0.0,220,127,124,3,0
2025-06-04,Chicken Curry,Wednesday,0,6,0,0,30.9,0.0,190,44,36,8,0
2025-06-04,Dosa,Wednesday,0,6,0,0,30.9,0.0,70,101,73,28,0
2025-06-04,Filter Coffee,Wednesday,0,6,0,0,30.9,0.0,30,112,88,24,0
2025-06-04,Fried Rice,Wednesday,0,6,0,0,30.9,0.0,160,56,53,3,0
2025-06-04,Idli,Wednesday,0,6,0,0,30.9,0.0,50,126,83,43,0
2025-06-04,Lassi,Wednesday,0,6,0,0,30.9,0.0,60,55,44,11,0
2025-06-04,Meals,Wednesday,0,6,0,0,30.9,0.0,140,105,74,31,0
2025-06-04,Parotta,Wednesday,0,6,0,0,30.9,0.0,40,76,60,16,0
2025-06-04,Veg Noodles,Wednesday,0,6,0,0,30.9,0.0,120,38,31,7,0
2025-06-05,Biryani,Thursday,0,6,0,0,33.2,0.0,220,138,131,7,0
2025-06-05,Chicken Curry,Thursday,0,6,0,0,33.2,0.0,190,44,39,5,0
2025-06-05,Dosa,Thursday,0,6,0,0,33.2,0.0,70,85,60,25,0
2025-06-05,Filter Coffee,Thursday,0,6,0,0,33.2,0.0,30,136,82,54,0
2025-06-05,Fried Rice,Thursday,0,6,0,0,33.2,0.0,160,68,50,18,0
2025-06-05,Idli,Thursday,0,6,0,0,33.2,0.0,50,117,89,28,0
2025-06-05,Lassi,Thursday,0,6,0,0,33.2,0.0,60,61,54,7,0
2025-06-05,Meals,Thursday,0,6,0,0,33.2,0.0,140,98,79,19,0
2025-06-05,Parotta,Thursday,0,6,0,0,33.2,0.0,40,91,73,18,0
2025-06-05,Veg Noodles,Thursday,0,6,0,0,33.2,0.0,120,37,30,7,0
2025-06-06,Biryani,Friday,0,6,0,0,31.8,0.0,220,149,120,29,0
2025-06-06,Chicken Curry,Friday,0,6,0,0,31.8,0.0,190,49,36,13,0
2025-06-06,Dosa,Friday,0,6,0,0,31.8,0.0,70,100,71,29,0
2025-06-06,Filter Coffee,Friday,0,6,0,0,31.8,0.0,30,121,97,24,0
2025-06-06,Fried Rice,Friday,0,6,0,0,31.8,0.0,160,70,47,23,0
2025-06-06,Idli,Friday,0,6,0,0,31.8,0.0,50,121,97,24,0
2025-06-06,Lassi,Friday,0,6,0,0,31.8,0.0,60,64,47,17,0
2025-06-06,Meals,Friday,0,6,0,0,31.8,0.0,140,105,81,24,0
2025-06-06,Parotta,Friday,0,6,0,0,31.8,0.0,40,89,74,15,0
2025-06-06,Veg Noodles,Friday,0,6,0,0,31.8,0.0,120,47,36,11,0
2025-06-07,Biryani,Saturday,1,6,0,0,31.2,0.0,220,151,115,36,0
2025-06-07,Chicken Curry,Saturday,1,6,0,0,31.2,0.0,190,57,40,17,0
2025-06-07,Dosa,Saturday,1,6,0,0,31.2,0.0,70,102,85,17,0
2025-06-07,Filter Coffee,Saturday,1,6,0,0,31.2,0.0,30,128,88,40,0
2025-06-07,Fried Rice,Saturday,1,6,0,0,31.2,0.0,160,71,62,9,0
2025-06-07,Idli,Saturday,1,6,0,0,31.2,0.0,50,94,86,8,0
2025-06-07,Lassi,Saturday,1,6,0,0,31.2,0.0,60,64,44,20,0
2025-06-07,Meals,Saturday,1,6,0,0,31.2,0.0,140,108,91,17,0
2025-06-07,Parotta,Saturday,1,6,0,0,31.2,0.0,40,82,81,1,0
2025-06-07,Veg Noodles,Saturday,1,6,0,0,31.2,0.0,120,42,34,8,0
2025-06-08,Biryani,Sunday,1,6,0,0,33.7,0.0,220,181,130,51,0
2025-06-08,Chicken Curry,Sunday,1,6,0,0,33.7,0.0,190,55,48,7,0
2025-06-08,Dosa,Sunday,1,6,0,0,33.7,0.0,70,91,69,22,0
2025-06-08,Filter Coffee,Sunday,1,6,0,0,33.7,0.0,30,114,91,23,0
2025-06-08,Fried Rice,Sunday,1,6,0,0,33.7,0.0,160,75,57,18,0
2025-06-08,Idli,Sunday,1,6,0,0,33.7,0.0,50,106,79,27,0
2025-06-08,Lassi,Sunday,1,6,0,0,33.7,0.0,60,59,54,5,0
2025-06-08,Meals,Sunday,1,6,0,0,33.7,0.0,140,104,79,25,0
2025-06-08,Parotta,Sunday,1,6,0,0,33.7,0.0,40,101,77,24,0
2025-06-08,Veg Noodles,Sunday,1,6,0,0,33.7,0.0,120,52,33,19,0
2025-06-09,Biryani,Monday,0,6,0,0,33.2,0.0,220,144,112,32,0
2025-06-09,Chicken Curry,Monday,0,6,0,0,33.2,0.0,190,50,41,9,0
2025-06-09,Dosa,Monday,0,6,0,0,33.2,0.0,70,101,62,39,0
2025-06-09,Filter Coffee,Monday,0,6,0,0,33.2,0.0,30,126,93,33,0
2025-06-09,Fried Rice,Monday,0,6,0,0,33.2,0.0,160,68,47,21,0
2025-06-09,Idli,Monday,0,6,0,0,33.2,0.0,50,118,92,26,0
2025-06-09,Lassi,Monday,0,6,0,0,33.2,0.0,60,56,43,13,0
2025-06-09,Meals,Monday,0,6,0,0,33.2,0.0,140,108,72,36,0
2025-06-09,Parotta,Monday,0,6,0,0,33.2,0.0,40,79,65,14,0
2025-06-09,Veg Noodles,Monday,0,6,0,0,33.2,0.0,120,40,33,7,0
2025-06-10,Biryani,Tuesday,0,6,0,0,32.2,0.0,220,128,120,8,0
2025-06-10,Chicken Curry,Tuesday,0,6,0,0,32.2,0.0,190,46,40,6,0
2025-06-10,Dosa,Tuesday,0,6,0,0,32.2,0.0,70,99,72,27,0
2025-06-10,Filter Coffee,Tuesday,0,6,0,0,32.2,0.0,30,130,94,36,0
2025-06-10,Fried Rice,Tuesday,0,6,0,0,32.2,0.0,160,62,39,23,0
2025-06-10,Idli,Tuesday,0,6,0,0,32.2,0.0,50,98,86,12,0
2025-06-10,Lassi,Tuesday,0,6,0,0,32.2,0.0,60,53,42,11,0
2025-06-10,Meals,Tuesday,0,6,0,0,32.2,0.0,140,110,68,42,0
2025-06-10,Parotta,Tuesday,0,6,0,0,32.2,0.0,40,75,69,6,0
2025-06-10,Veg Noodles,Tuesday,0,6,0,0,32.2,0.0,120,42,31,11,0
2025-06-11,Biryani,Wednesday,0,6,0,0,34.7,0.0,220,128,97,31,0
2025-06-11,Chicken Curry,Wednesday,0,6,0,0,34.7,0.0,190,51,40,11,0
2025-06-11,Dosa,Wednesday,0,6,0,0,34.7,0.0,70,97,79,18,0
2025-06-11,Filter Coffee,Wednesday,0,6,0,0,34.7,0.0,30,124,100,24,0
2025-06-11,Fried Rice,Wednesday,0,6,0,0,34.7,0.0,160,58,51,7,0
2025-06-11,Idli,Wednesday,0,6,0,0,34.7,0.0,50,119,90,29,0
2025-06-11,Lassi,Wednesday,0,6,0,0,34.7,0.0,60,60,59,1,0
2025-06-11,Meals,Wednesday,0,6,0,0,34.7,0.0,140,95,86,9,0
2025-06-11,Parotta,Wednesday,0,6,0,0,34.7,0.0,40,86,62,24,0
2025-06-11,Veg Noodles,Wednesday,0,6,0,0,34.7,0.0,120,40,29,11,0
2025-06-12,Biryani,Thursday,0,6,0,0,32.4,0.0,220,152,107,45,0
2025-06-12,Chicken Curry,Thursday,0,6,0,0,32.4,0.0,190,43,39,4,0
2025-06-12,Dosa,Thursday,0,6,0,0,32.4,0.0,70,83,73,10,0
2025-06-12,Filter Coffee,Thursday,0,6,0,0,32.4,0.0,30,121,110,11,0
2025-06-12,Fried Rice,Thursday,0,6,0,0,32.4,0.0,160,60,49,11,0
2025-06-12,Idli,Thursday,0,6,0,0,32.4,0.0,50,116,85,31,0
2025-06-12,Lassi,Thursday,0,6,0,0,32.4,0.0,60,49,46,3,0
2025-06-12,Meals,Thursday,0,6,0,0,32.4,0.0,140,89,79,10,0
2025-06-12,Parotta,Thursday,0,6,0,0,32.4,0.0,40,89,66,23,0
2025-06-12,Veg Noodles,Thursday,0,6,0,0,32.4,0.0,120,37,33,4,0
2025-06-13,Biryani,Friday,0,6,0,0,33.1,0.0,220,142,117,25,0
2025-06-13,Chicken Curry,Friday,0,6,0,0,33.1,0.0,190,51,41,10,0
2025-06-13,Dosa,Friday,0,6,0,0,33.1,0.0,70,85,62,23,0
2025-06-13,Filter Coffee,Friday,0,6,0,0,33.1,0.0,30,120,90,30,0
2025-06-13,Fried Rice,Friday,0,6,0,0,33.1,0.0,160,62,51,11,0
2025-06-13,Idli,Friday,0,6,0,0,33.1,0.0,50,104,91,13,0
2025-06-13,Lassi,Friday,0,6,0,0,33.1,0.0,60,60,50,10,0
2025-06-13,Meals,Friday,0,6,0,0,33.1,0.0,140,96,80,16,0
2025-06-13,Parotta,Friday,0,6,0,0,33.1,0.0,40,87,67,20,0
2025-06-13,Veg Noodles,Friday,0,6,0,0,33.1,0.0,120,44,36,8,0
2025-06-14,Biryani,Saturday,1,6,0,0,33.4,0.0,220,170,135,35,0
2025-06-14,Chicken Curry,Saturday,1,6,0,0,33.4,0.0,190,50,42,8,0
2025-06-14,Dosa,Saturday,1,6,0,0,33.4,0.0,70,101,66,35,0
2025-06-14,Filter Coffee,Saturday,1,6,0,0,33.4,0.0,30,114,85,29,0
2025-06-14,Fried Rice,Saturday,1,6,0,0,33.4,0.0,160,74,53,21,0
2025-06-14,Idli,Saturday,1,6,0,0,33.4,0.0,50,113,74,39,0
2025-06-14,Lassi,Saturday,1,6,0,0,33.4,0.0,60,58,52,6,0
2025-06-14,Meals,Saturday,1,6,0,0,33.4,0.0,140,95,95,0,1
2025-06-14,Parotta,Saturday,1,6,0,0,33.4,0.0,40,81,64,17,0
2025-06-14,Veg Noodles,Saturday,1,6,0,0,33.4,0.0,120,45,36,9,0
2025-06-15,Biryani,Sunday,1,6,0,0,32.3,0.0,220,186,135,51,0
2025-06-15,Chicken Curry,Sunday,1,6,0,0,32.3,0.0,190,58,50,8,0
2025-06-15,Dosa,Sunday,1,6,0,0,32.3,0.0,70,91,79,12,0
2025-06-15,Filter Coffee,Sunday,1,6,0,0,32.3,0.0,30,114,98,16,0
2025-06-15,Fried Rice,Sunday,1,6,0,0,32.3,0.0,160,69,56,13,0
2025-06-15,Idli,Sunday,1,6,0,0,32.3,0.0,50,95,75,20,0
2025-06-15,Lassi,Sunday,1,6,0,0,32.3,0.0,60,63,52,11,0
2025-06-15,Meals,Sunday,1,6,0,0,32.3,0.0,140,105,83,22,0
2025-06-15,Parotta,Sunday,1,6,0,0,32.3,0.0,40,99,76,23,0
2025-06-15,Veg Noodles,Sunday,1,6,0,0,32.3,0.0,120,48,34,14,0
2025-06-16,Biryani,Monday,0,6,0,0,33.7,0.0,220,152,95,57,0
2025-06-16,Chicken Curry,Monday,0,6,0,0,33.7,0.0,190,43,41,2,0
2025-06-16,Dosa,Monday,0,6,0,0,33.7,0.0,70,82,64,18,0
2025-06-16,Filter Coffee,Monday,0,6,0,0,33.7,0.0,30,126,106,20,0
2025-06-16,Fried Rice,Monday,0,6,0,0,33.7,0.0,160,65,47,18,0
2025-06-16,Idli,Monday,0,6,0,0,33.7,0.0,50,121,77,44,0
2025-06-16,Lassi,Monday,0,6,0,0,33.7,0.0,60,54,45,9,0
2025-06-16,Meals,Monday,0,6,0,0,33.7,0.0,140,95,68,27,0
2025-06-16,Parotta,Monday,0,6,0,0,33.7,0.0,40,74,63,11,0
2025-06-16,Veg Noodles,Monday,0,6,0,0,33.7,0.0,120,43,34,9,0
2025-06-17,Biryani,Tuesday,0,6,0,0,32.5,0.0,220,148,114,34,0
2025-06-17,Chicken Curry,Tuesday,0,6,0,0,32.5,0.0,190,49,38,11,0
2025-06-17,Dosa,Tuesday,0,6,0,0,32.5,0.0,70,89,72,17,0
2025-06-17,Filter Coffee,Tuesday,0,6,0,0,32.5,0.0,30,115,92,23,0
2025-06-17,Fried Rice,Tuesday,0,6,0,0,32.5,0.0,160,63,51,12,0
2025-06-17,Idli,Tuesday,0,6,0,0,32.5,0.0,50,122,86,36,0
2025-06-17,Lassi,Tuesday,0,6,0,0,32.5,0.0,60,54,46,8,0
2025-06-17,Meals,Tuesday,0,6,0,0,32.5,0.0,140,98,75,23,0
2025-06-17,Parotta,Tuesday,0,6,0,0,32.5,0.0,40,93,64,29,0
2025-06-17,Veg Noodles,Tuesday,0,6,0,0,32.5,0.0,120,40,35,5,0
2025-06-18,Biryani,Wednesday,0,6,0,0,32.7,0.0,220,152,118,34,0
2025-06-18,Chicken Curry,Wednesday,0,6,0,0,32.7,0.0,190,52,38,14,0
2025-06-18,Dosa,Wednesday,0,6,0,0,32.7,0.0,70,80,72,8,0
2025-06-18,Filter Coffee,Wednesday,0,6,0,0,32.7,0.0,30,117,101,16,0
2025-06-18,Fried Rice,Wednesday,0,6,0,0,32.7,0.0,160,68,51,17,0
2025-06-18,Idli,Wednesday,0,6,0,0,32.7,0.0,50,112,77,35,0
2025-06-18,Lassi,Wednesday,0,6,0,0,32.7,0.0,60,58,49,9,0
2025-06-18,Meals,Wednesday,0,6,0,0,32.7,0.0,140,104,70,34,0
2025-06-18,Parotta,Wednesday,0,6,0,0,32.7,0.0,40,79,67,12,0
2025-06-18,Veg Noodles,Wednesday,0,6,0,0,32.7,0.0,120,43,39,4,0
2025-06-19,Biryani,Thursday,0,6,0,0,34.8,0.0,220,144,106,38,0
2025-06-19,Chicken Curry,Thursday,0,6,0,0,34.8,0.0,190,44,43,1,0
2025-06-19,Dosa,Thursday,0,6,0,0,34.8,0.0,70,96,68,28,0
2025-06-19,Filter Coffee,Thursday,0,6,0,0,34.8,0.0,30,116,85,31,0
2025-06-19,Fried Rice,Thursday,0,6,0,0,34.8,0.0,160,63,47,16,0
2025-06-19,Idli,Thursday,0,6,0,0,34.8,0.0,50,112,82,30,0
2025-06-19,Lassi,Thursday,0,6,0,0,34.8,0.0,60,57,56,1,0
2025-06-19,Meals,Thursday,0,6,0,0,34.8,0.0,140,93,73,20,0
2025-06-19,Parotta,Thursday,0,6,0,0,34.8,0.0,40,92,72,20,0
2025-06-19,Veg Noodles,Thursday,0,6,0,0,34.8,0.0,120,44,36,8,0
2025-06-20,Biryani,Friday,0,6,0,0,32.0,18.8,220,148,115,33,0
2025-06-20,Chicken Curry,Friday,0,6,0,0,32.0,18.8,190,55,41,14,0
2025-06-20,Dosa,Friday,0,6,0,0,32.0,18.8,70,94,85,9,0
2025-06-20,Filter Coffee,Friday,0,6,0,0,32.0,18.8,30,136,103,33,0
2025-06-20,Fried Rice,Friday,0,6,0,0,32.0,18.8,160,73,54,19,0
2025-06-20,Idli,Friday,0,6,0,0,32.0,18.8,50,108,81,27,0
2025-06-20,Lassi,Friday,0,6,0,0,32.0,18.8,60,54,49,5,0
2025-06-20,Meals,Friday,0,6,0,0,32.0,18.8,140,101,75,26,0
2025-06-20,Parotta,Friday,0,6,0,0,32.0,18.8,40,77,66,11,0
2025-06-20,Veg Noodles,Friday,0,6,0,0,32.0,18.8,120,39,31,8,0
2025-06-21,Biryani,Saturday,1,6,0,1,30.4,0.0,220,161,139,22,0
2025-06-21,Chicken Curry,Saturday,1,6,0,1,30.4,0.0,190,57,49,8,0
2025-06-21,Dosa,Saturday,1,6,0,1,30.4,0.0,70,87,87,0,1
2025-06-21,Filter Coffee,Saturday,1,6,0,1,30.4,0.0,30,125,100,25,0
2025-06-21,Fried Rice,Saturday,1,6,0,1,30.4,0.0,160,78,61,17,0
2025-06-21,Idli,Saturday,1,6,0,1,30.4,0.0,50,104,104,0,1
2025-06-21,Lassi,Saturday,1,6,0,1,30.4,0.0,60,54,49,5,0
2025-06-21,Meals,Saturday,1,6,0,1,30.4,0.0,140,98,85,13,0
2025-06-21,Parotta,Saturday,1,6,0,1,30.4,0.0,40,83,78,5,0
2025-06-21,Veg Noodles,Saturday,1,6,0,1,30.4,0.0,120,44,43,1,0
2025-06-22,Biryani,Sunday,1,6,0,0,35.2,0.0,220,175,128,47,0
2025-06-22,Chicken Curry,Sunday,1,6,0,0,35.2,0.0,190,61,48,13,0
2025-06-22,Dosa,Sunday,1,6,0,0,35.2,0.0,70,102,86,16,0
2025-06-22,Filter Coffee,Sunday,1,6,0,0,35.2,0.0,30,128,91,37,0
2025-06-22,Fried Rice,Sunday,1,6,0,0,35.2,0.0,160,70,55,15,0
2025-06-22,Idli,Sunday,1,6,0,0,35.2,0.0,50,115,74,41,0
2025-06-22,Lassi,Sunday,1,6,0,0,35.2,0.0,60,69,62,7,0
2025-06-22,Meals,Sunday,1,6,0,0,35.2,0.0,140,112,72,40,0
2025-06-22,Parotta,Sunday,1,6,0,0,35.2,0.0,40,96,71,25,0
2025-06-22,Veg Noodles,Sunday,1,6,0,0,35.2,0.0,120,44,38,6,0
2025-06-23,Biryani,Monday,0,6,0,0,36.4,0.0,220,137,115,22,0
2025-06-23,Chicken Curry,Monday,0,6,0,0,36.4,0.0,190,50,37,13,0
2025-06-23,Dosa,Monday,0,6,0,0,36.4,0.0,70,81,76,5,0
2025-06-23,Filter Coffee,Monday,0,6,0,0,36.4,0.0,30,129,88,41,0
2025-06-23,Fried Rice,Monday,0,6,0,0,36.4,0.0,160,66,49,17,0
2025-06-23,Idli,Monday,0,6,0,0,36.4,0.0,50,107,77,30,0
2025-06-23,Lassi,Monday,0,6,0,0,36.4,0.0,60,56,54,2,0
2025-06-23,Meals,Monday,0,6,0,0,36.4,0.0,140,102,86,16,0
2025-06-23,Parotta,Monday,0,6,0,0,36.4,0.0,40,90,61,29,0
2025-06-23,Veg Noodles,Monday,0,6,0,0,36.4,0.0,120,37,29,8,0
2025-06-24,Biryani,Tuesday,0,6,0,0,32.8,0.0,220,127,111,16,0
2025-06-24,Chicken Curry,Tuesday,0,6,0,0,32.8,0.0,190,47,36,11,0
2025-06-24,Dosa,Tuesday,0,6,0,0,32.8,0.0,70,81,70,11,0
2025-06-24,Filter Coffee,Tuesday,0,6,0,0,32.8,0.0,30,123,99,24,0
2025-06-24,Fried Rice,Tuesday,0,6,0,0,32.8,0.0,160,59,44,15,0
2025-06-24,Idli,Tuesday,0,6,0,0,32.8,0.0,50,109,89,20,0
2025-06-24,Lassi,Tuesday,0,6,0,0,32.8,0.0,60,58,45,13,0
2025-06-24,Meals,Tuesday,0,6,0,0,32.8,0.0,140,86,78,8,0
2025-06-24,Parotta,Tuesday,0,6,0,0,32.8,0.0,40,93,62,31,0
2025-06-24,Veg Noodles,Tuesday,0,6,0,0,32.8,0.0,120,37,33,4,0
2025-06-25,Biryani,Wednesday,0,6,0,0,31.0,0.0,220,138,113,25,0
2025-06-25,Chicken Curry,Wednesday,0,6,0,0,31.0,0.0,190,52,39,13,0
2025-06-25,Dosa,Wednesday,0,6,0,0,31.0,0.0,70,91,70,21,0
2025-06-25,Filter Coffee,Wednesday,0,6,0,0,31.0,0.0,30,120,112,8,0
2025-06-25,Fried Rice,Wednesday,0,6,0,0,31.0,0.0,160,68,50,18,0
2025-06-25,Idli,Wednesday,0,6,0,0,31.0,0.0,50,107,100,7,0
2025-06-25,Lassi,Wednesday,0,6,0,0,31.0,0.0,60,56,46,10,0
2025-06-25,Meals,Wednesday,0,6,0,0,31.0,0.0,140,102,75,27,0
2025-06-25,Parotta,Wednesday,0,6,0,0,31.0,0.0,40,85,65,20,0
2025-06-25,Veg Noodles,Wednesday,0,6,0,0,31.0,0.0,120,43,38,5,0
2025-06-26,Biryani,Thursday,0,6,0,0,33.0,0.0,220,136,122,14,0
2025-06-26,Chicken Curry,Thursday,0,6,0,0,33.0,0.0,190,52,38,14,0
2025-06-26,Dosa,Thursday,0,6,0,0,33.0,0.0,70,91,69,22,0
2025-06-26,Filter Coffee,Thursday,0,6,0,0,33.0,0.0,30,123,91,32,0
2025-06-26,Fried Rice,Thursday,0,6,0,0,33.0,0.0,160,65,43,22,0
2025-06-26,Idli,Thursday,0,6,0,0,33.0,0.0,50,117,86,31,0
2025-06-26,Lassi,Thursday,0,6,0,0,33.0,0.0,60,58,50,8,0
2025-06-26,Meals,Thursday,0,6,0,0,33.0,0.0,140,90,81,9,0
2025-06-26,Parotta,Thursday,0,6,0,0,33.0,0.0,40,81,68,13,0
2025-06-26,Veg Noodles,Thursday,0,6,0,0,33.0,0.0,120,38,36,2,0
2025-06-27,Biryani,Friday,0,6,0,0,33.0,0.0,220,132,106,26,0
2025-06-27,Chicken Curry,Friday,0,6,0,0,33.0,0.0,190,55,46,9,0
2025-06-27,Dosa,Friday,0,6,0,0,33.0,0.0,70,90,77,13,0
2025-06-27,Filter Coffee,Friday,0,6,0,0,33.0,0.0,30,127,80,47,0
2025-06-27,Fried Rice,Friday,0,6,0,0,33.0,0.0,160,63,47,16,0
2025-06-27,Idli,Friday,0,6,0,0,33.0,0.0,50,119,85,34,0
2025-06-27,Lassi,Friday,0,6,0,0,33.0,0.0,60,60,49,11,0
2025-06-27,Meals,Friday,0,6,0,0,33.0,0.0,140,105,80,25,0
2025-06-27,Parotta,Friday,0,6,0,0,33.0,0.0,40,77,69,8,0
2025-06-27,Veg Noodles,Friday,0,6,0,0,33.0,0.0,120,48,31,17,0
2025-06-28,Biryani,Saturday,1,6,0,0,33.2,0.0,220,156,121,35,0
2025-06-28,Chicken Curry,Saturday,1,6,0,0,33.2,0.0,190,53,46,7,0
2025-06-28,Dosa,Saturday,1,6,0,0,33.2,0.0,70,100,71,29,0
2025-06-28,Filter Coffee,Saturday,1,6,0,0,33.2,0.0,30,122,92,30,0
2025-06-28,Fried Rice,Saturday,1,6,0,0,33.2,0.0,160,66,46,20,0
2025-06-28,Idli,Saturday,1,6,0,0,33.2,0.0,50,99,92,7,0
2025-06-28,Lassi,Saturday,1,6,0,0,33.2,0.0,60,53,53,0,1
2025-06-28,Meals,Saturday,1,6,0,0,33.2,0.0,140,104,81,23,0
2025-06-28,Parotta,Saturday,1,6,0,0,33.2,0.0,40,94,66,28,0
2025-06-28,Veg Noodles,Saturday,1,6,0,0,33.2,0.0,120,49,36,13,0
2025-06-29,Biryani,Sunday,1,6,0,0,32.1,0.0,220,192,141,51,0
2025-06-29,Chicken Curry,Sunday,1,6,0,0,32.1,0.0,190,63,45,18,0
2025-06-29,Dosa,Sunday,1,6,0,0,32.1,0.0,70,98,90,8,0
2025-06-29,Filter Coffee,Sunday,1,6,0,0,32.1,0.0,30,115,98,17,0
2025-06-29,Fried Rice,Sunday,1,6,0,0,32.1,0.0,160,74,58,16,0
2025-06-29,Idli,Sunday,1,6,0,0,32.1,0.0,50,99,87,12,0
2025-06-29,Lassi,Sunday,1,6,0,0,32.1,0.0,60,64,49,15,0
2025-06-29,Meals,Sunday,1,6,0,0,32.1,0.0,140,102,86,16,0
2025-06-29,Parotta,Sunday,1,6,0,0,32.1,0.0,40,94,84,10,0
2025-06-29,Veg Noodles,Sunday,1,6,0,0,32.1,0.0,120,43,39,4,0
2025-06-30,Biryani,Monday,0,6,0,0,34.1,0.0,220,143,103,40,0
2025-06-30,Chicken Curry,Monday,0,6,0,0,34.1,0.0,190,45,40,5,0
2025-06-30,Dosa,Monday,0,6,0,0,34.1,0.0,70,93,67,26,0
2025-06-30,Filter Coffee,Monday,0,6,0,0,34.1,0.0,30,139,94,45,0
2025-06-30,Fried Rice,Monday,0,6,0,0,34.1,0.0,160,68,55,13,0
2025-06-30,Idli,Monday,0,6,0,0,34.1,0.0,50,101,90,11,0
2025-06-30,Lassi,Monday,0,6,0,0,34.1,0.0,60,56,56,0,1
2025-06-30,Meals,Monday,0,6,0,0,34.1,0.0,140,103,77,26,0
2025-06-30,Parotta,Monday,0,6,0,0,34.1,0.0,40,93,70,23,0
2025-06-30,Veg Noodles,Monday,0,6,0,0,34.1,0.0,120,43,28,15,0
2025-07-01,Biryani,Tuesday,0,7,0,0,34.1,0.0,220,151,114,37,0
2025-07-01,Chicken Curry,Tuesday,0,7,0,0,34.1,0.0,190,49,39,10,0
2025-07-01,Dosa,Tuesday,0,7,0,0,34.1,0.0,70,88,72,16,0
2025-07-01,Filter Coffee,Tuesday,0,7,0,0,34.1,0.0,30,134,91,43,0
2025-07-01,Fried Rice,Tuesday,0,7,0,0,34.1,0.0,160,68,48,20,0
2025-07-01,Idli,Tuesday,0,7,0,0,34.1,0.0,50,103,83,20,0
2025-07-01,Lassi,Tuesday,0,7,0,0,34.1,0.0,60,51,42,9,0
2025-07-01,Meals,Tuesday,0,7,0,0,34.1,0.0,140,107,80,27,0
2025-07-01,Parotta,Tuesday,0,7,0,0,34.1,0.0,40,84,61,23,0
2025-07-01,Veg Noodles,Tuesday,0,7,0,0,34.1,0.0,120,37,28,9,0
2025-07-02,Biryani,Wednesday,0,7,0,0,31.7,0.0,220,142,107,35,0
2025-07-02,Chicken Curry,Wednesday,0,7,0,0,31.7,0.0,190,43,42,1,0
2025-07-02,Dosa,Wednesday,0,7,0,0,31.7,0.0,70,96,70,26,0
2025-07-02,Filter Coffee,Wednesday,0,7,0,0,31.7,0.0,30,113,108,5,0
2025-07-02,Fried Rice,Wednesday,0,7,0,0,31.7,0.0,160,56,52,4,0
2025-07-02,Idli,Wednesday,0,7,0,0,31.7,0.0,50,110,90,20,0
2025-07-02,Lassi,Wednesday,0,7,0,0,31.7,0.0,60,60,48,12,0
2025-07-02,Meals,Wednesday,0,7,0,0,31.7,0.0,140,105,81,24,0
2025-07-02,Parotta,Wednesday,0,7,0,0,31.7,0.0,40,90,72,18,0
2025-07-02,Veg Noodles,Wednesday,0,7,0,0,31.7,0.0,120,38,33,5,0
2025-07-03,Biryani,Thursday,0,7,0,0,34.3,0.0,220,153,99,54,0
2025-07-03,Chicken Curry,Thursday,0,7,0,0,34.3,0.0,190,45,36,9,0
2025-07-03,Dosa,Thursday,0,7,0,0,34.3,0.0,70,93,68,25,0
2025-07-03,Filter Coffee,Thursday,0,7,0,0,34.3,0.0,30,139,93,46,0
2025-07-03,Fried Rice,Thursday,0,7,0,0,34.3,0.0,160,60,59,1,0
2025-07-03,Idli,Thursday,0,7,0,0,34.3,0.0,50,120,78,42,0
2025-07-03,Lassi,Thursday,0,7,0,0,34.3,0.0,60,52,51,1,0
2025-07-03,Meals,Thursday,0,7,0,0,34.3,0.0,140,99,77,22,0
2025-07-03,Parotta,Thursday,0,7,0,0,34.3,0.0,40,92,67,25,0
2025-07-03,Veg Noodles,Thursday,0,7,0,0,34.3,0.0,120,47,33,14,0
2025-07-04,Biryani,Friday,0,7,0,0,35.9,0.0,220,161,114,47,0
2025-07-04,Chicken Curry,Friday,0,7,0,0,35.9,0.0,190,53,40,13,0
2025-07-04,Dosa,Friday,0,7,0,0,35.9,0.0,70,86,86,0,0
2025-07-04,Filter Coffee,Friday,0,7,0,0,35.9,0.0,30,116,89,27,0
2025-07-04,Fried Rice,Friday,0,7,0,0,35.9,0.0,160,65,52,13,0
2025-07-04,Idli,Friday,0,7,0,0,35.9,0.0,50,112,81,31,0
2025-07-04,Lassi,Friday,0,7,0,0,35.9,0.0,60,51,51,0,1
2025-07-04,Meals,Friday,0,7,0,0,35.9,0.0,140,105,76,29,0
2025-07-04,Parotta,Friday,0,7,0,0,35.9,0.0,40,79,66,13,0
2025-07-04,Veg Noodles,Friday,0,7,0,0,35.9,0.0,120,43,29,14,0
2025-07-05,Biryani,Saturday,1,7,0,0,33.7,0.0,220,149,128,21,0
2025-07-05,Chicken Curry,Saturday,1,7,0,0,33.7,0.0,190,61,43,18,0
2025-07-05,Dosa,Saturday,1,7,0,0,33.7,0.0,70,102,73,29,0
2025-07-05,Filter Coffee,Saturday,1,7,0,0,33.7,0.0,30,114,88,26,0
2025-07-05,Fried Rice,Saturday,1,7,0,0,33.7,0.0,160,72,51,21,0
2025-07-05,Idli,Saturday,1,7,0,0,33.7,0.0,50,96,93,3,0
2025-07-05,Lassi,Saturday,1,7,0,0,33.7,0.0,60,65,50,15,0
2025-07-05,Meals,Saturday,1,7,0,0,33.7,0.0,140,100,90,10,0
2025-07-05,Parotta,Saturday,1,7,0,0,33.7,0.0,40,91,74,17,0
2025-07-05,Veg Noodles,Saturday,1,7,0,0,33.7,0.0,120,41,37,4,0
2025-07-06,Biryani,Sunday,1,7,0,0,33.1,0.0,220,202,150,52,0
2025-07-06,Chicken Curry,Sunday,1,7,0,0,33.1,0.0,190,54,47,7,0
2025-07-06,Dosa,Sunday,1,7,0,0,33.1,0.0,70,108,76,32,0
2025-07-06,Filter Coffee,Sunday,1,7,0,0,33.1,0.0,30,116,82,34,0
2025-07-06,Fried Rice,Sunday,1,7,0,0,33.1,0.0,160,69,55,14,0
2025-07-06,Idli,Sunday,1,7,0,0,33.1,0.0,50,108,90,18,0
2025-07-06,Lassi,Sunday,1,7,0,0,33.1,0.0,60,69,59,10,0
2025-07-06,Meals,Sunday,1,7,0,0,33.1,0.0,140,112,78,34,0
2025-07-06,Parotta,Sunday,1,7,0,0,33.1,0.0,40,107,75,32,0
2025-07-06,Veg Noodles,Sunday,1,7,0,0,33.1,0.0,120,53,41,12,0
2025-07-07,Biryani,Monday,0,7,0,0,33.3,0.0,220,124,111,13,0
2025-07-07,Chicken Curry,Monday,0,7,0,0,33.3,0.0,190,50,35,15,0
2025-07-07,Dosa,Monday,0,7,0,0,33.3,0.0,70,82,67,15,0
2025-07-07,Filter Coffee,Monday,0,7,0,0,33.3,0.0,30,140,96,44,0
2025-07-07,Fried Rice,Monday,0,7,0,0,33.3,0.0,160,61,49,12,0
2025-07-07,Idli,Monday,0,7,0,0,33.3,0.0,50,121,90,31,0
2025-07-07,Lassi,Monday,0,7,0,0,33.3,0.0,60,53,48,5,0
2025-07-07,Meals,Monday,0,7,0,0,33.3,0.0,140,106,79,27,0
2025-07-07,Parotta,Monday,0,7,0,0,33.3,0.0,40,83,68,15,0
2025-07-07,Veg Noodles,Monday,0,7,0,0,33.3,0.0,120,47,32,15,0
2025-07-08,Biryani,Tuesday,0,7,0,0,34.2,0.0,220,144,111,33,0
2025-07-08,Chicken Curry,Tuesday,0,7,0,0,34.2,0.0,190,51,40,11,0
2025-07-08,Dosa,Tuesday,0,7,0,0,34.2,0.0,70,94,71,23,0
2025-07-08,Filter Coffee,Tuesday,0,7,0,0,34.2,0.0,30,118,94,24,0
2025-07-08,Fried Rice,Tuesday,0,7,0,0,34.2,0.0,160,69,46,23,0
2025-07-08,Idli,Tuesday,0,7,0,0,34.2,0.0,50,109,74,35,0
2025-07-08,Lassi,Tuesday,0,7,0,0,34.2,0.0,60,59,45,14,0
2025-07-08,Meals,Tuesday,0,7,0,0,34.2,0.0,140,90,79,11,0
2025-07-08,Parotta,Tuesday,0,7,0,0,34.2,0.0,40,86,66,20,0
2025-07-08,Veg Noodles,Tuesday,0,7,0,0,34.2,0.0,120,43,33,10,0
2025-07-09,Biryani,Wednesday,0,7,0,0,31.4,0.0,220,151,112,39,0
2025-07-09,Chicken Curry,Wednesday,0,7,0,0,31.4,0.0,190,54,40,14,0
2025-07-09,Dosa,Wednesday,0,7,0,0,31.4,0.0,70,98,71,27,0
2025-07-09,Filter Coffee,Wednesday,0,7,0,0,31.4,0.0,30,135,89,46,0
2025-07-09,Fried Rice,Wednesday,0,7,0,0,31.4,0.0,160,63,47,16,0
2025-07-09,Idli,Wednesday,0,7,0,0,31.4,0.0,50,105,79,26,0
2025-07-09,Lassi,Wednesday,0,7,0,0,31.4,0.0,60,49,42,7,0
2025-07-09,Meals,Wednesday,0,7,0,0,31.4,0.0,140,92,73,19,0
2025-07-09,Parotta,Wednesday,0,7,0,0,31.4,0.0,40,92,64,28,0
2025-07-09,Veg Noodles,Wednesday,0,7,0,0,31.4,0.0,120,44,34,10,0
2025-07-10,Biryani,Thursday,0,7,0,0,33.7,0.0,220,135,106,29,0
2025-07-10,Chicken Curry,Thursday,0,7,0,0,33.7,0.0,190,51,42,9,0
2025-07-10,Dosa,Thursday,0,7,0,0,33.7,0.0,70,83,65,18,0
2025-07-10,Filter Coffee,Thursday,0,7,0,0,33.7,0.0,30,131,93,38,0
2025-07-10,Fried Rice,Thursday,0,7,0,0,33.7,0.0,160,67,53,14,0
2025-07-10,Idli,Thursday,0,7,0,0,33.7,0.0,50,120,82,38,0
2025-07-10,Lassi,Thursday,0,7,0,0,33.7,0.0,60,59,49,10,0
2025-07-10,Meals,Thursday,0,7,0,0,33.7,0.0,140,93,71,22,0
2025-07-10,Parotta,Thursday,0,7,0,0,33.7,0.0,40,79,56,23,0
2025-07-10,Veg Noodles,Thursday,0,7,0,0,33.7,0.0,120,45,34,11,0
2025-07-11,Biryani,Friday,0,7,0,0,33.0,10.8,220,154,106,48,0
2025-07-11,Chicken Curry,Friday,0,7,0,0,33.0,10.8,190,47,41,6,0
2025-07-11,Dosa,Friday,0,7,0,0,33.0,10.8,70,103,71,32,0
2025-07-11,Filter Coffee,Friday,0,7,0,0,33.0,10.8,30,127,97,30,0
2025-07-11,Fried Rice,Friday,0,7,0,0,33.0,10.8,160,66,55,11,0
2025-07-11,Idli,Friday,0,7,0,0,33.0,10.8,50,98,86,12,0
2025-07-11,Lassi,Friday,0,7,0,0,33.0,10.8,60,57,42,15,0
2025-07-11,Meals,Friday,0,7,0,0,33.0,10.8,140,92,75,17,0
2025-07-11,Parotta,Friday,0,7,0,0,33.0,10.8,40,96,72,24,0
2025-07-11,Veg Noodles,Friday,0,7,0,0,33.0,10.8,120,46,29,17,0
2025-07-12,Biryani,Saturday,1,7,0,0,35.7,0.0,220,160,128,32,0
2025-07-12,Chicken Curry,Saturday,1,7,0,0,35.7,0.0,190,51,42,9,0
2025-07-12,Dosa,Saturday,1,7,0,0,35.7,0.0,70,95,79,16,0
2025-07-12,Filter Coffee,Saturday,1,7,0,0,35.7,0.0,30,122,86,36,0
2025-07-12,Fried Rice,Saturday,1,7,0,0,35.7,0.0,160,70,47,23,0
2025-07-12,Idli,Saturday,1,7,0,0,35.7,0.0,50,116,75,41,0
2025-07-12,Lassi,Saturday,1,7,0,0,35.7,0.0,60,65,64,1,0
2025-07-12,Meals,Saturday,1,7,0,0,35.7,0.0,140,100,76,24,0
2025-07-12,Parotta,Saturday,1,7,0,0,35.7,0.0,40,90,69,21,0
2025-07-12,Veg Noodles,Saturday,1,7,0,0,35.7,0.0,120,46,33,13,0
2025-07-13,Biryani,Sunday,1,7,0,0,33.3,0.0,220,161,135,26,0
2025-07-13,Chicken Curry,Sunday,1,7,0,0,33.3,0.0,190,63,50,13,0
2025-07-13,Dosa,Sunday,1,7,0,0,33.3,0.0,70,107,85,22,0
2025-07-13,Filter Coffee,Sunday,1,7,0,0,33.3,0.0,30,114,88,26,0
2025-07-13,Fried Rice,Sunday,1,7,0,0,33.3,0.0,160,78,55,23,0
2025-07-13,Idli,Sunday,1,7,0,0,33.3,0.0,50,113,80,33,0
2025-07-13,Lassi,Sunday,1,7,0,0,33.3,0.0,60,62,59,3,0
2025-07-13,Meals,Sunday,1,7,0,0,33.3,0.0,140,97,72,25,0
2025-07-13,Parotta,Sunday,1,7,0,0,33.3,0.0,40,100,80,20,0
2025-07-13,Veg Noodles,Sunday,1,7,0,0,33.3,0.0,120,53,36,17,0
2025-07-14,Biryani,Monday,0,7,0,0,35.5,0.0,220,124,122,2,0
2025-07-14,Chicken Curry,Monday,0,7,0,0,35.5,0.0,190,46,35,11,0
2025-07-14,Dosa,Monday,0,7,0,0,35.5,0.0,70,100,71,29,0
2025-07-14,Filter Coffee,Monday,0,7,0,0,35.5,0.0,30,133,94,39,0
2025-07-14,Fried Rice,Monday,0,7,0,0,35.5,0.0,160,60,47,13,0
2025-07-14,Idli,Monday,0,7,0,0,35.5,0.0,50,123,99,24,0
2025-07-14,Lassi,Monday,0,7,0,0,35.5,0.0,60,54,54,0,1
2025-07-14,Meals,Monday,0,7,0,0,35.5,0.0,140,101,72,29,0
2025-07-14,Parotta,Monday,0,7,0,0,35.5,0.0,40,81,68,13,0
2025-07-14,Veg Noodles,Monday,0,7,0,0,35.5,0.0,120,42,30,12,0
2025-07-15,Biryani,Tuesday,0,7,0,0,32.2,0.0,220,127,121,6,0
2025-07-15,Chicken Curry,Tuesday,0,7,0,0,32.2,0.0,190,54,42,12,0
2025-07-15,Dosa,Tuesday,0,7,0,0,32.2,0.0,70,103,71,32,0
2025-07-15,Filter Coffee,Tuesday,0,7,0,0,32.2,0.0,30,123,94,29,0
2025-07-15,Fried Rice,Tuesday,0,7,0,0,32.2,0.0,160,59,51,8,0
2025-07-15,Idli,Tuesday,0,7,0,0,32.2,0.0,50,101,90,11,0
2025-07-15,Lassi,Tuesday,0,7,0,0,32.2,0.0,60,61,54,7,0
2025-07-15,Meals,Tuesday,0,7,0,0,32.2,0.0,140,89,78,11,0
2025-07-15,Parotta,Tuesday,0,7,0,0,32.2,0.0,40,85,64,21,0
2025-07-15,Veg Noodles,Tuesday,0,7,0,0,32.2,0.0,120,40,37,3,0
2025-07-16,Biryani,Wednesday,0,7,0,0,34.2,0.0,220,127,113,14,0
2025-07-16,Chicken Curry,Wednesday,0,7,0,0,34.2,0.0,190,54,41,13,0
2025-07-16,Dosa,Wednesday,0,7,0,0,34.2,0.0,70,93,69,24,0
2025-07-16,Filter Coffee,Wednesday,0,7,0,0,34.2,0.0,30,128,88,40,0
2025-07-16,Fried Rice,Wednesday,0,7,0,0,34.2,0.0,160,71,53,18,0
2025-07-16,Idli,Wednesday,0,7,0,0,34.2,0.0,50,102,88,14,0
2025-07-16,Lassi,Wednesday,0,7,0,0,34.2,0.0,60,50,48,2,0
2025-07-16,Meals,Wednesday,0,7,0,0,34.2,0.0,140,93,84,9,0
2025-07-16,Parotta,Wednesday,0,7,0,0,34.2,0.0,40,75,71,4,0
2025-07-16,Veg Noodles,Wednesday,0,7,0,0,34.2,0.0,120,37,34,3,0
2025-07-17,Biryani,Thursday,0,7,0,0,33.9,0.0,220,145,111,34,0
2025-07-17,Chicken Curry,Thursday,0,7,0,0,33.9,0.0,190,55,42,13,0
2025-07-17,Dosa,Thursday,0,7,0,0,33.9,0.0,70,96,68,28,0
2025-07-17,Filter Coffee,Thursday,0,7,0,0,33.9,0.0,30,113,87,26,0
2025-07-17,Fried Rice,Thursday,0,7,0,0,33.9,0.0,160,69,60,9,0
2025-07-17,Idli,Thursday,0,7,0,0,33.9,0.0,50,123,80,43,0
2025-07-17,Lassi,Thursday,0,7,0,0,33.9,0.0,60,52,46,6,0
2025-07-17,Meals,Thursday,0,7,0,0,33.9,0.0,140,103,80,23,0
2025-07-17,Parotta,Thursday,0,7,0,0,33.9,0.0,40,75,66,9,0
2025-07-17,Veg Noodles,Thursday,0,7,0,0,33.9,0.0,120,41,30,11,0
2025-07-18,Biryani,Friday,0,7,0,0,32.4,0.0,220,151,115,36,0
2025-07-18,Chicken Curry,Friday,0,7,0,0,32.4,0.0,190,49,41,8,0
2025-07-18,Dosa,Friday,0,7,0,0,32.4,0.0,70,88,68,20,0
2025-07-18,Filter Coffee,Friday,0,7,0,0,32.4,0.0,30,135,94,41,0
2025-07-18,Fried Rice,Friday,0,7,0,0,32.4,0.0,160,70,49,21,0
2025-07-18,Idli,Friday,0,7,0,0,32.4,0.0,50,110,75,35,0
2025-07-18,Lassi,Friday,0,7,0,0,32.4,0.0,60,57,39,18,0
2025-07-18,Meals,Friday,0,7,0,0,32.4,0.0,140,97,63,34,0
2025-07-18,Parotta,Friday,0,7,0,0,32.4,0.0,40,86,69,17,0
2025-07-18,Veg Noodles,Friday,0,7,0,0,32.4,0.0,120,39,33,6,0
2025-07-19,Biryani,Saturday,1,7,0,0,33.7,0.0,220,164,115,49,0
2025-07-19,Chicken Curry,Saturday,1,7,0,0,33.7,0.0,190,59,42,17,0
2025-07-19,Dosa,Saturday,1,7,0,0,33.7,0.0,70,92,67,25,0
2025-07-19,Filter Coffee,Saturday,1,7,0,0,33.7,0.0,30,133,101,32,0
2025-07-19,Fried Rice,Saturday,1,7,0,0,33.7,0.0,160,65,53,12,0
2025-07-19,Idli,Saturday,1,7,0,0,33.7,0.0,50,105,76,29,0
2025-07-19,Lassi,Saturday,1,7,0,0,33.7,0.0,60,62,51,11,0
2025-07-19,Meals,Saturday,1,7,0,0,33.7,0.0,140,100,84,16,0
2025-07-19,Parotta,Saturday,1,7,0,0,33.7,0.0,40,89,71,18,0
2025-07-19,Veg Noodles,Saturday,1,7,0,0,33.7,0.0,120,41,39,2,0
2025-07-20,Biryani,Sunday,1,7,0,0,34.9,0.0,220,190,135,55,0
2025-07-20,Chicken Curry,Sunday,1,7,0,0,34.9,0.0,190,63,47,16,0
2025-07-20,Dosa,Sunday,1,7,0,0,34.9,0.0,70,110,74,36,0
2025-07-20,Filter Coffee,Sunday,1,7,0,0,34.9,0.0,30,128,93,35,0
2025-07-20,Fried Rice,Sunday,1,7,0,0,34.9,0.0,160,67,61,6,0
2025-07-20,Idli,Sunday,1,7,0,0,34.9,0.0,50,107,71,36,0
2025-07-20,Lassi,Sunday,1,7,0,0,34.9,0.0,60,56,56,0,1
2025-07-20,Meals,Sunday,1,7,0,0,34.9,0.0,140,113,78,35,0
2025-07-20,Parotta,Sunday,1,7,0,0,34.9,0.0,40,100,86,14,0
2025-07-20,Veg Noodles,Sunday,1,7,0,0,34.9,0.0,120,48,35,13,0
2025-07-21,Biryani,Monday,0,7,0,0,33.0,0.0,220,124,109,15,0
2025-07-21,Chicken Curry,Monday,0,7,0,0,33.0,0.0,190,44,39,5,0
2025-07-21,Dosa,Monday,0,7,0,0,33.0,0.0,70,89,76,13,0
2025-07-21,Filter Coffee,Monday,0,7,0,0,33.0,0.0,30,127,93,34,0
2025-07-21,Fried Rice,Monday,0,7,0,0,33.0,0.0,160,58,46,12,0
2025-07-21,Idli,Monday,0,7,0,0,33.0,0.0,50,100,88,12,0
2025-07-21,Lassi,Monday,0,7,0,0,33.0,0.0,60,57,45,12,0
2025-07-21,Meals,Monday,0,7,0,0,33.0,0.0,140,110,79,31,0
2025-07-21,Parotta,Monday,0,7,0,0,33.0,0.0,40,75,62,13,0
2025-07-21,Veg Noodles,Monday,0,7,0,0,33.0,0.0,120,47,35,12,0
2025-07-22,Biryani,Tuesday,0,7,0,0,31.4,0.0,220,133,111,22,0
2025-07-22,Chicken Curry,Tuesday,0,7,0,0,31.4,0.0,190,46,37,9,0
2025-07-22,Dosa,Tuesday,0,7,0,0,31.4,0.0,70,99,69,30,0
2025-07-22,Filter Coffee,Tuesday,0,7,0,0,31.4,0.0,30,122,99,23,0
2025-07-22,Fried Rice,Tuesday,0,7,0,0,31.4,0.0,160,70,49,21,0
2025-07-22,Idli,Tuesday,0,7,0,0,31.4,0.0,50,117,90,27,0
2025-07-22,Lassi,Tuesday,0,7,0,0,31.4,0.0,60,55,45,10,0
2025-07-22,Meals,Tuesday,0,7,0,0,31.4,0.0,140,100,77,23,0
2025-07-22,Parotta,Tuesday,0,7,0,0,31.4,0.0,40,78,64,14,0
2025-07-22,Veg Noodles,Tuesday,0,7,0,0,31.4,0.0,120,38,37,1,0
2025-07-23,Biryani,Wednesday,0,7,0,0,33.4,4.6,220,150,111,39,0
2025-07-23,Chicken Curry,Wednesday,0,7,0,0,33.4,4.6,190,46,43,3,0
2025-07-23,Dosa,Wednesday,0,7,0,0,33.4,4.6,70,81,69,12,0
2025-07-23,Filter Coffee,Wednesday,0,7,0,0,33.4,4.6,30,122,107,15,0
2025-07-23,Fried Rice,Wednesday,0,7,0,0,33.4,4.6,160,68,47,21,0
2025-07-23,Idli,Wednesday,0,7,0,0,33.4,4.6,50,125,81,44,0
2025-07-23,Lassi,Wednesday,0,7,0,0,33.4,4.6,60,58,46,12,0
2025-07-23,Meals,Wednesday,0,7,0,0,33.4,4.6,140,88,75,13,0
2025-07-23,Parotta,Wednesday,0,7,0,0,33.4,4.6,40,78,60,18,0
2025-07-23,Veg Noodles,Wednesday,0,7,0,0,33.4,4.6,120,40,36,4,0
2025-07-24,Biryani,Thursday,0,7,0,0,32.3,0.0,220,155,117,38,0
2025-07-24,Chicken Curry,Thursday,0,7,0,0,32.3,0.0,190,48,40,8,0
2025-07-24,Dosa,Thursday,0,7,0,0,32.3,0.0,70,85,69,16,0
2025-07-24,Filter Coffee,Thursday,0,7,0,0,32.3,0.0,30,113,99,14,0
2025-07-24,Fried Rice,Thursday,0,7,0,0,32.3,0.0,160,64,40,24,0
2025-07-24,Idli,Thursday,0,7,0,0,32.3,0.0,50,118,88,30,0
2025-07-24,Lassi,Thursday,0,7,0,0,32.3,0.0,60,62,48,14,0
2025-07-24,Meals,Thursday,0,7,0,0,32.3,0.0,140,89,76,13,0
2025-07-24,Parotta,Thursday,0,7,0,0,32.3,0.0,40,83,70,13,0
2025-07-24,Veg Noodles,Thursday,0,7,0,0,32.3,0.0,120,46,33,13,0
2025-07-25,Biryani,Friday,0,7,0,0,32.9,0.0,220,148,109,39,0
2025-07-25,Chicken Curry,Friday,0,7,0,0,32.9,0.0,190,58,37,21,0
2025-07-25,Dosa,Friday,0,7,0,0,32.9,0.0,70,86,80,6,0
2025-07-25,Filter Coffee,Friday,0,7,0,0,32.9,0.0,30,133,97,36,0
2025-07-25,Fried Rice,Friday,0,7,0,0,32.9,0.0,160,74,52,22,0
2025-07-25,Idli,Friday,0,7,0,0,32.9,0.0,50,110,97,13,0
2025-07-25,Lassi,Friday,0,7,0,0,32.9,0.0,60,57,55,2,0
2025-07-25,Meals,Friday,0,7,0,0,32.9,0.0,140,112,78,34,0
2025-07-25,Parotta,Friday,0,7,0,0,32.9,0.0,40,82,65,17,0
2025-07-25,Veg Noodles,Friday,0,7,0,0,32.9,0.0,120,43,37,6,0
2025-07-26,Biryani,Saturday,1,7,0,0,33.2,0.0,220,148,120,28,0
2025-07-26,Chicken Curry,Saturday,1,7,0,0,33.2,0.0,190,61,51,10,0
2025-07-26,Dosa,Saturday,1,7,0,0,33.2,0.0,70,98,70,28,0
2025-07-26,Filter Coffee,Saturday,1,7,0,0,33.2,0.0,30,112,99,13,0
2025-07-26,Fried Rice,Saturday,1,7,0,0,33.2,0.0,160,65,54,11,0
2025-07-26,Idli,Saturday,1,7,0,0,33.2,0.0,50,121,98,23,0
2025-07-26,Lassi,Saturday,1,7,0,0,33.2,0.0,60,62,46,16,0
2025-07-26,Meals,Saturday,1,7,0,0,33.2,0.0,140,107,89,18,0
2025-07-26,Parotta,Saturday,1,7,0,0,33.2,0.0,40,84,69,15,0
2025-07-26,Veg Noodles,Saturday,1,7,0,0,33.2,0.0,120,49,34,15,0
2025-07-27,Biryani,Sunday,1,7,0,0,31.3,0.0,220,195,158,37,0
2025-07-27,Chicken Curry,Sunday,1,7,0,0,31.3,0.0,190,58,48,10,0
2025-07-27,Dosa,Sunday,1,7,0,0,31.3,0.0,70,91,80,11,0
2025-07-27,Filter Coffee,Sunday,1,7,0,0,31.3,0.0,30,111,96,15,0
2025-07-27,Fried Rice,Sunday,1,7,0,0,31.3,0.0,160,77,65,12,0
2025-07-27,Idli,Sunday,1,7,0,0,31.3,0.0,50,110,87,23,0
2025-07-27,Lassi,Sunday,1,7,0,0,31.3,0.0,60,63,46,17,0
2025-07-27,Meals,Sunday,1,7,0,0,31.3,0.0,140,112,82,30,0
2025-07-27,Parotta,Sunday,1,7,0,0,31.3,0.0,40,100,73,27,0
2025-07-27,Veg Noodles,Sunday,1,7,0,0,31.3,0.0,120,49,46,3,0
2025-07-28,Biryani,Monday,0,7,0,0,31.4,0.0,220,154,116,38,0
2025-07-28,Chicken Curry,Monday,0,7,0,0,31.4,0.0,190,50,35,15,0
2025-07-28,Dosa,Monday,0,7,0,0,31.4,0.0,70,88,71,17,0
2025-07-28,Filter Coffee,Monday,0,7,0,0,31.4,0.0,30,112,98,14,0
2025-07-28,Fried Rice,Monday,0,7,0,0,31.4,0.0,160,58,49,9,0
2025-07-28,Idli,Monday,0,7,0,0,31.4,0.0,50,100,86,14,0
2025-07-28,Lassi,Monday,0,7,0,0,31.4,0.0,60,51,51,0,1
2025-07-28,Meals,Monday,0,7,0,0,31.4,0.0,140,103,84,19,0
2025-07-28,Parotta,Monday,0,7,0,0,31.4,0.0,40,90,66,24,0
2025-07-28,Veg Noodles,Monday,0,7,0,0,31.4,0.0,120,43,33,10,0
2025-07-29,Biryani,Tuesday,0,7,0,0,33.8,0.0,220,138,105,33,0
2025-07-29,Chicken Curry,Tuesday,0,7,0,0,33.8,0.0,190,46,36,10,0
2025-07-29,Dosa,Tuesday,0,7,0,0,33.8,0.0,70,103,71,32,0
2025-07-29,Filter Coffee,Tuesday,0,7,0,0,33.8,0.0,30,118,90,28,0
2025-07-29,Fried Rice,Tuesday,0,7,0,0,33.8,0.0,160,60,44,16,0
2025-07-29,Idli,Tuesday,0,7,0,0,33.8,0.0,50,117,92,25,0
2025-07-29,Lassi,Tuesday,0,7,0,0,33.8,0.0,60,60,52,8,0
2025-07-29,Meals,Tuesday,0,7,0,0,33.8,0.0,140,91,82,9,0
2025-07-29,Parotta,Tuesday,0,7,0,0,33.8,0.0,40,88,59,29,0
2025-07-29,Veg Noodles,Tuesday,0,7,0,0,33.8,0.0,120,39,36,3,0
2025-07-30,Biryani,Wednesday,0,7,0,0,32.6,0.0,220,132,108,24,0
2025-07-30,Chicken Curry,Wednesday,0,7,0,0,32.6,0.0,190,47,43,4,0
2025-07-30,Dosa,Wednesday,0,7,0,0,32.6,0.0,70,98,73,25,0
2025-07-30,Filter Coffee,Wednesday,0,7,0,0,32.6,0.0,30,129,84,45,0
2025-07-30,Fried Rice,Wednesday,0,7,0,0,32.6,0.0,160,70,48,22,0
2025-07-30,Idli,Wednesday,0,7,0,0,32.6,0.0,50,100,97,3,0
2025-07-30,Lassi,Wednesday,0,7,0,0,32.6,0.0,60,62,46,16,0
2025-07-30,Meals,Wednesday,0,7,0,0,32.6,0.0,140,97,81,16,0
2025-07-30,Parotta,Wednesday,0,7,0,0,32.6,0.0,40,80,55,25,0
2025-07-30,Veg Noodles,Wednesday,0,7,0,0,32.6,0.0,120,41,32,9,0
2025-07-31,Biryani,Thursday,0,7,0,0,30.1,0.0,220,125,109,16,0
2025-07-31,Chicken Curry,Thursday,0,7,0,0,30.1,0.0,190,44,44,0,1
2025-07-31,Dosa,Thursday,0,7,0,0,30.1,0.0,70,98,72,26,0
2025-07-31,Filter Coffee,Thursday,0,7,0,0,30.1,0.0,30,133,102,31,0
2025-07-31,Fried Rice,Thursday,0,7,0,0,30.1,0.0,160,69,42,27,0
2025-07-31,Idli,Thursday,0,7,0,0,30.1,0.0,50,107,75,32,0
2025-07-31,Lassi,Thursday,0,7,0,0,30.1,0.0,60,61,51,10,0
2025-07-31,Meals,Thursday,0,7,0,0,30.1,0.0,140,106,67,39,0
2025-07-31,Parotta,Thursday,0,7,0,0,30.1,0.0,40,92,68,24,0
2025-07-31,Veg Noodles,Thursday,0,7,0,0,30.1,0.0,120,44,34,10,0
2025-08-01,Biryani,Friday,0,8,0,0,34.1,0.0,220,154,115,39,0
2025-08-01,Chicken Curry,Friday,0,8,0,0,34.1,0.0,190,54,43,11,0
2025-08-01,Dosa,Friday,0,8,0,0,34.1,0.0,70,85,77,8,0
2025-08-01,Filter Coffee,Friday,0,8,0,0,34.1,0.0,30,124,96,28,0
2025-08-01,Fried Rice,Friday,0,8,0,0,34.1,0.0,160,60,46,14,0
2025-08-01,Idli,Friday,0,8,0,0,34.1,0.0,50,114,96,18,0
2025-08-01,Lassi,Friday,0,8,0,0,34.1,0.0,60,65,46,19,0
2025-08-01,Meals,Friday,0,8,0,0,34.1,0.0,140,109,85,24,0
2025-08-01,Parotta,Friday,0,8,0,0,34.1,0.0,40,90,57,33,0
2025-08-01,Veg Noodles,Friday,0,8,0,0,34.1,0.0,120,39,35,4,0
2025-08-02,Biryani,Saturday,1,8,0,0,33.5,2.8,220,183,131,52,0
2025-08-02,Chicken Curry,Saturday,1,8,0,0,33.5,2.8,190,59,49,10,0
2025-08-02,Dosa,Saturday,1,8,0,0,33.5,2.8,70,94,76,18,0
2025-08-02,Filter Coffee,Saturday,1,8,0,0,33.5,2.8,30,124,93,31,0
2025-08-02,Fried Rice,Saturday,1,8,0,0,33.5,2.8,160,67,57,10,0
2025-08-02,Idli,Saturday,1,8,0,0,33.5,2.8,50,101,81,20,0
2025-08-02,Lassi,Saturday,1,8,0,0,33.5,2.8,60,60,56,4,0
2025-08-02,Meals,Saturday,1,8,0,0,33.5,2.8,140,96,77,19,0
2025-08-02,Parotta,Saturday,1,8,0,0,33.5,2.8,40,95,77,18,0
2025-08-02,Veg Noodles,Saturday,1,8,0,0,33.5,2.8,120,43,33,10,0
2025-08-03,Biryani,Sunday,1,8,0,0,32.3,0.0,220,189,171,18,0
2025-08-03,Chicken Curry,Sunday,1,8,0,0,32.3,0.0,190,66,52,14,0
2025-08-03,Dosa,Sunday,1,8,0,0,32.3,0.0,70,106,90,16,0
2025-08-03,Filter Coffee,Sunday,1,8,0,0,32.3,0.0,30,129,104,25,0
2025-08-03,Fried Rice,Sunday,1,8,0,0,32.3,0.0,160,78,58,20,0
2025-08-03,Idli,Sunday,1,8,0,0,32.3,0.0,50,93,78,15,0
2025-08-03,Lassi,Sunday,1,8,0,0,32.3,0.0,60,66,53,13,0
2025-08-03,Meals,Sunday,1,8,0,0,32.3,0.0,140,108,87,21,0
2025-08-03,Parotta,Sunday,1,8,0,0,32.3,0.0,40,91,86,5,0
2025-08-03,Veg Noodles,Sunday,1,8,0,0,32.3,0.0,120,48,35,13,0
2025-08-04,Biryani,Monday,0,8,0,0,31.5,0.0,220,135,111,24,0
2025-08-04,Chicken Curry,Monday,0,8,0,0,31.5,0.0,190,54,40,14,0
2025-08-04,Dosa,Monday,0,8,0,0,31.5,0.0,70,81,72,9,0
2025-08-04,Filter Coffee,Monday,0,8,0,0,31.5,0.0,30,130,91,39,0
2025-08-04,Fried Rice,Monday,0,8,0,0,31.5,0.0,160,57,53,4,0
2025-08-04,Idli,Monday,0,8,0,0,31.5,0.0,50,116,85,31,0
2025-08-04,Lassi,Monday,0,8,0,0,31.5,0.0,60,52,48,4,0
2025-08-04,Meals,Monday,0,8,0,0,31.5,0.0,140,90,71,19,0
2025-08-04,Parotta,Monday,0,8,0,0,31.5,0.0,40,79,65,14,0
2025-08-04,Veg Noodles,Monday,0,8,0,0,31.5,0.0,120,44,32,12,0
2025-08-05,Biryani,Tuesday,0,8,0,0,34.1,0.0,220,146,114,32,0
2025-08-05,Chicken Curry,Tuesday,0,8,0,0,34.1,0.0,190,45,39,6,0
2025-08-05,Dosa,Tuesday,0,8,0,0,34.1,0.0,70,90,62,28,0
2025-08-05,Filter Coffee,Tuesday,0,8,0,0,34.1,0.0,30,138,81,57,0
2025-08-05,Fried Rice,Tuesday,0,8,0,0,34.1,0.0,160,64,42,22,0
2025-08-05,Idli,Tuesday,0,8,0,0,34.1,0.0,50,107,89,18,0
2025-08-05,Lassi,Tuesday,0,8,0,0,34.1,0.0,60,63,41,22,0
2025-08-05,Meals,Tuesday,0,8,0,0,34.1,0.0,140,110,70,40,0
2025-08-05,Parotta,Tuesday,0,8,0,0,34.1,0.0,40,84,73,11,0
2025-08-05,Veg Noodles,Tuesday,0,8,0,0,34.1,0.0,120,42,35,7,0
2025-08-06,Biryani,Wednesday,0,8,0,0,33.5,0.0,220,153,95,58,0
2025-08-06,Chicken Curry,Wednesday,0,8,0,0,33.5,0.0,190,52,40,12,0
2025-08-06,Dosa,Wednesday,0,8,0,0,33.5,0.0,70,101,75,26,0
2025-08-06,Filter Coffee,Wednesday,0,8,0,0,33.5,0.0,30,137,89,48,0
2025-08-06,Fried Rice,Wednesday,0,8,0,0,33.5,0.0,160,65,48,17,0
2025-08-06,Idli,Wednesday,0,8,0,0,33.5,0.0,50,114,80,34,0
2025-08-06,Lassi,Wednesday,0,8,0,0,33.5,0.0,60,58,48,10,0
2025-08-06,Meals,Wednesday,0,8,0,0,33.5,0.0,140,93,90,3,0
2025-08-06,Parotta,Wednesday,0,8,0,0,33.5,0.0,40,79,65,14,0
2025-08-06,Veg Noodles,Wednesday,0,8,0,0,33.5,0.0,120,45,28,17,0
2025-08-07,Biryani,Thursday,0,8,0,0,35.9,0.0,220,140,103,37,0
2025-08-07,Chicken Curry,Thursday,0,8,0,0,35.9,0.0,190,45,40,5,0
2025-08-07,Dosa,Thursday,0,8,0,0,35.9,0.0,70,82,73,9,0
2025-08-07,Filter Coffee,Thursday,0,8,0,0,35.9,0.0,30,137,80,57,0
2025-08-07,Fried Rice,Thursday,0,8,0,0,35.9,0.0,160,60,47,13,0
2025-08-07,Idli,Thursday,0,8,0,0,35.9,0.0,50,106,85,21,0
2025-08-07,Lassi,Thursday,0,8,0,0,35.9,0.0,60,53,53,0,1
2025-08-07,Meals,Thursday,0,8,0,0,35.9,0.0,140,104,71,33,0
2025-08-07,Parotta,Thursday,0,8,0,0,35.9,0.0,40,89,74,15,0
2025-08-07,Veg Noodles,Thursday,0,8,0,0,35.9,0.0,120,45,31,14,0
2025-08-08,Biryani,Friday,0,8,0,0,33.5,0.0,220,162,127,35,0
2025-08-08,Chicken Curry,Friday,0,8,0,0,33.5,0.0,190,50,38,12,0
2025-08-08,Dosa,Friday,0,8,0,0,33.5,0.0,70,103,73,30,0
2025-08-08,Filter Coffee,Friday,0,8,0,0,33.5,0.0,30,138,97,41,0
2025-08-08,Fried Rice,Friday,0,8,0,0,33.5,0.0,160,63,55,8,0
2025-08-08,Idli,Friday,0,8,0,0,33.5,0.0,50,116,90,26,0
2025-08-08,Lassi,Friday,0,8,0,0,33.5,0.0,60,63,50,13,0
2025-08-08,Meals,Friday,0,8,0,0,33.5,0.0,140,94,85,9,0
2025-08-08,Parotta,Friday,0,8,0,0,33.5,0.0,40,84,66,18,0
2025-08-08,Veg Noodles,Friday,0,8,0,0,33.5,0.0,120,39,37,2,0
2025-08-09,Biryani,Saturday,1,8,0,0,33.4,0.0,220,162,132,30,0
2025-08-09,Chicken Curry,Saturday,1,8,0,0,33.4,0.0,190,57,46,11,0
2025-08-09,Dosa,Saturday,1,8,0,0,33.4,0.0,70,90,74,16,0
2025-08-09,Filter Coffee,Saturday,1,8,0,0,33.4,0.0,30,139,89,50,0
2025-08-09,Fried Rice,Saturday,1,8,0,0,33.4,0.0,160,66,58,8,0
2025-08-09,Idli,Saturday,1,8,0,0,33.4,0.0,50,119,85,34,0
2025-08-09,Lassi,Saturday,1,8,0,0,33.4,0.0,60,62,58,4,0
2025-08-09,Meals,Saturday,1,8,0,0,33.4,0.0,140,106,80,26,0
2025-08-09,Parotta,Saturday,1,8,0,0,33.4,0.0,40,85,60,25,0
2025-08-09,Veg Noodles,Saturday,1,8,0,0,33.4,0.0,120,51,32,19,0
2025-08-10,Biryani,Sunday,1,8,0,0,32.7,0.0,220,175,98,77,0
2025-08-10,Chicken Curry,Sunday,1,8,0,0,32.7,0.0,190,54,53,1,0
2025-08-10,Dosa,Sunday,1,8,0,0,32.7,0.0,70,93,66,27,0
2025-08-10,Filter Coffee,Sunday,1,8,0,0,32.7,0.0,30,129,103,26,0
2025-08-10,Fried Rice,Sunday,1,8,0,0,32.7,0.0,160,84,62,22,0
2025-08-10,Idli,Sunday,1,8,0,0,32.7,0.0,50,95,84,11,0
2025-08-10,Lassi,Sunday,1,8,0,0,32.7,0.0,60,71,59,12,0
2025-08-10,Meals,Sunday,1,8,0,0,32.7,0.0,140,109,79,30,0
2025-08-10,Parotta,Sunday,1,8,0,0,32.7,0.0,40,89,76,13,0
2025-08-10,Veg Noodles,Sunday,1,8,0,0,32.7,0.0,120,53,42,11,0
2025-08-11,Biryani,Monday,0,8,0,0,33.8,0.1,220,144,114,30,0
2025-08-11,Chicken Curry,Monday,0,8,0,0,33.8,0.1,190,45,38,7,0
2025-08-11,Dosa,Monday,0,8,0,0,33.8,0.1,70,85,61,24,0
2025-08-11,Filter Coffee,Monday,0,8,0,0,33.8,0.1,30,130,101,29,0
2025-08-11,Fried Rice,Monday,0,8,0,0,33.8,0.1,160,62,55,7,0
2025-08-11,Idli,Monday,0,8,0,0,33.8,0.1,50,121,85,36,0
2025-08-11,Lassi,Monday,0,8,0,0,33.8,0.1,60,60,46,14,0
2025-08-11,Meals,Monday,0,8,0,0,33.8,0.1,140,95,76,19,0
2025-08-11,Parotta,Monday,0,8,0,0,33.8,0.1,40,77,75,2,0
2025-08-11,Veg Noodles,Monday,0,8,0,0,33.8,0.1,120,40,30,10,0
2025-08-12,Biryani,Tuesday,0,8,0,0,33.6,0.0,220,140,126,14,0
2025-08-12,Chicken Curry,Tuesday,0,8,0,0,33.6,0.0,190,47,37,10,0
2025-08-12,Dosa,Tuesday,0,8,0,0,33.6,0.0,70,102,81,21,0
2025-08-12,Filter Coffee,Tuesday,0,8,0,0,33.6,0.0,30,134,87,47,0
2025-08-12,Fried Rice,Tuesday,0,8,0,0,33.6,0.0,160,65,47,18,0
2025-08-12,Idli,Tuesday,0,8,0,0,33.6,0.0,50,103,92,11,0
2025-08-12,Lassi,Tuesday,0,8,0,0,33.6,0.0,60,62,52,10,0
2025-08-12,Meals,Tuesday,0,8,0,0,33.6,0.0,140,107,69,38,0
2025-08-12,Parotta,Tuesday,0,8,0,0,33.6,0.0,40,83,69,14,0
2025-08-12,Veg Noodles,Tuesday,0,8,0,0,33.6,0.0,120,42,30,12,0
2025-08-13,Biryani,Wednesday,0,8,0,0,34.3,0.0,220,158,92,66,0
2025-08-13,Chicken Curry,Wednesday,0,8,0,0,34.3,0.0,190,45,40,5,0
2025-08-13,Dosa,Wednesday,0,8,0,0,34.3,0.0,70,94,68,26,0
2025-08-13,Filter Coffee,Wednesday,0,8,0,0,34.3,0.0,30,118,87,31,0
2025-08-13,Fried Rice,Wednesday,0,8,0,0,34.3,0.0,160,60,54,6,0
2025-08-13,Idli,Wednesday,0,8,0,0,34.3,0.0,50,108,95,13,0
2025-08-13,Lassi,Wednesday,0,8,0,0,34.3,0.0,60,57,46,11,0
2025-08-13,Meals,Wednesday,0,8,0,0,34.3,0.0,140,108,76,32,0
2025-08-13,Parotta,Wednesday,0,8,0,0,34.3,0.0,40,74,63,11,0
2025-08-13,Veg Noodles,Wednesday,0,8,0,0,34.3,0.0,120,40,32,8,0
2025-08-14,Biryani,Thursday,0,8,0,0,32.1,0.0,220,142,123,19,0
2025-08-14,Chicken Curry,Thursday,0,8,0,0,32.1,0.0,190,55,36,19,0
2025-08-14,Dosa,Thursday,0,8,0,0,32.1,0.0,70,97,77,20,0
2025-08-14,Filter Coffee,Thursday,0,8,0,0,32.1,0.0,30,123,100,23,0
2025-08-14,Fried Rice,Thursday,0,8,0,0,32.1,0.0,160,67,45,22,0
2025-08-14,Idli,Thursday,0,8,0,0,32.1,0.0,50,109,95,14,0
2025-08-14,Lassi,Thursday,0,8,0,0,32.1,0.0,60,57,47,10,0
2025-08-14,Meals,Thursday,0,8,0,0,32.1,0.0,140,108,70,38,0
2025-08-14,Parotta,Thursday,0,8,0,0,32.1,0.0,40,86,68,18,0
2025-08-14,Veg Noodles,Thursday,0,8,0,0,32.1,0.0,120,47,38,9,0
2025-08-15,Biryani,Friday,0,8,1,0,32.2,23.3,220,146,105,41,0
2025-08-15,Chicken Curry,Friday,0,8,1,0,32.2,23.3,190,49,44,5,0
2025-08-15,Dosa,Friday,0,8,1,0,32.2,23.3,70,91,78,13,0
2025-08-15,Filter Coffee,Friday,0,8,1,0,32.2,23.3,30,140,134,6,0
2025-08-15,Fried Rice,Friday,0,8,1,0,32.2,23.3,160,60,54,6,0
2025-08-15,Idli,Friday,0,8,1,0,32.2,23.3,50,103,103,0,1
2025-08-15,Lassi,Friday,0,8,1,0,32.2,23.3,60,62,56,6,0
2025-08-15,Meals,Friday,0,8,1,0,32.2,23.3,140,96,89,7,0
2025-08-15,Parotta,Friday,0,8,1,0,32.2,23.3,40,83,83,0,1
2025-08-15,Veg Noodles,Friday,0,8,1,0,32.2,23.3,120,43,37,6,0
2025-08-16,Biryani,Saturday,1,8,0,0,32.1,0.0,220,162,138,24,0
2025-08-16,Chicken Curry,Saturday,1,8,0,0,32.1,0.0,190,57,48,9,0
2025-08-16,Dosa,Saturday,1,8,0,0,32.1,0.0,70,107,70,37,0
2025-08-16,Filter Coffee,Saturday,1,8,0,0,32.1,0.0,30,128,82,46,0
2025-08-16,Fried Rice,Saturday,1,8,0,0,32.1,0.0,160,64,59,5,0
2025-08-16,Idli,Saturday,1,8,0,0,32.1,0.0,50,97,91,6,0
2025-08-16,Lassi,Saturday,1,8,0,0,32.1,0.0,60,55,47,8,0
2025-08-16,Meals,Saturday,1,8,0,0,32.1,0.0,140,109,86,23,0
2025-08-16,Parotta,Saturday,1,8,0,0,32.1,0.0,40,94,72,22,0
2025-08-16,Veg Noodles,Saturday,1,8,0,0,32.1,0.0,120,45,31,14,0
2025-08-17,Biryani,Sunday,1,8,0,0,33.5,0.0,220,184,139,45,0
2025-08-17,Chicken Curry,Sunday,1,8,0,0,33.5,0.0,190,69,45,24,0
2025-08-17,Dosa,Sunday,1,8,0,0,33.5,0.0,70,103,83,20,0
2025-08-17,Filter Coffee,Sunday,1,8,0,0,33.5,0.0,30,113,96,17,0
2025-08-17,Fried Rice,Sunday,1,8,0,0,33.5,0.0,160,81,52,29,0
2025-08-17,Idli,Sunday,1,8,0,0,33.5,0.0,50,113,88,25,0
2025-08-17,Lassi,Sunday,1,8,0,0,33.5,0.0,60,57,57,0,1
2025-08-17,Meals,Sunday,1,8,0,0,33.5,0.0,140,107,83,24,0
2025-08-17,Parotta,Sunday,1,8,0,0,33.5,0.0,40,109,94,15,0
2025-08-17,Veg Noodles,Sunday,1,8,0,0,33.5,0.0,120,54,34,20,0
2025-08-18,Biryani,Monday,0,8,0,0,34.3,0.0,220,136,89,47,0
2025-08-18,Chicken Curry,Monday,0,8,0,0,34.3,0.0,190,50,38,12,0
2025-08-18,Dosa,Monday,0,8,0,0,34.3,0.0,70,94,70,24,0
2025-08-18,Filter Coffee,Monday,0,8,0,0,34.3,0.0,30,124,78,46,0
2025-08-18,Fried Rice,Monday,0,8,0,0,34.3,0.0,160,67,51,16,0
2025-08-18,Idli,Monday,0,8,0,0,34.3,0.0,50,121,108,13,0
2025-08-18,Lassi,Monday,0,8,0,0,34.3,0.0,60,63,48,15,0
2025-08-18,Meals,Monday,0,8,0,0,34.3,0.0,140,101,68,33,0
2025-08-18,Parotta,Monday,0,8,0,0,34.3,0.0,40,93,63,30,0
2025-08-18,Veg Noodles,Monday,0,8,0,0,34.3,0.0,120,43,35,8,0
2025-08-19,Biryani,Tuesday,0,8,0,0,31.9,0.0,220,149,113,36,0
2025-08-19,Chicken Curry,Tuesday,0,8,0,0,31.9,0.0,190,48,37,11,0
2025-08-19,Dosa,Tuesday,0,8,0,0,31.9,0.0,70,98,75,23,0
2025-08-19,Filter Coffee,Tuesday,0,8,0,0,31.9,0.0,30,117,92,25,0
2025-08-19,Fried Rice,Tuesday,0,8,0,0,31.9,0.0,160,60,50,10,0
2025-08-19,Idli,Tuesday,0,8,0,0,31.9,0.0,50,127,97,30,0
2025-08-19,Lassi,Tuesday,0,8,0,0,31.9,0.0,60,62,45,17,0
2025-08-19,Meals,Tuesday,0,8,0,0,31.9,0.0,140,98,82,16,0
2025-08-19,Parotta,Tuesday,0,8,0,0,31.9,0.0,40,86,71,15,0
2025-08-19,Veg Noodles,Tuesday,0,8,0,0,31.9,0.0,120,39,29,10,0
2025-08-20,Biryani,Wednesday,0,8,0,0,31.9,0.0,220,137,120,17,0
2025-08-20,Chicken Curry,Wednesday,0,8,0,0,31.9,0.0,190,55,43,12,0
2025-08-20,Dosa,Wednesday,0,8,0,0,31.9,0.0,70,98,71,27,0
2025-08-20,Filter Coffee,Wednesday,0,8,0,0,31.9,0.0,30,123,105,18,0
2025-08-20,Fried Rice,Wednesday,0,8,0,0,31.9,0.0,160,61,54,7,0
2025-08-20,Idli,Wednesday,0,8,0,0,31.9,0.0,50,125,87,38,0
2025-08-20,Lassi,Wednesday,0,8,0,0,31.9,0.0,60,63,49,14,0
2025-08-20,Meals,Wednesday,0,8,0,0,31.9,0.0,140,101,77,24,0
2025-08-20,Parotta,Wednesday,0,8,0,0,31.9,0.0,40,83,70,13,0
2025-08-20,Veg Noodles,Wednesday,0,8,0,0,31.9,0.0,120,44,36,8,0
2025-08-21,Biryani,Thursday,0,8,0,0,32.8,0.0,220,137,112,25,0
2025-08-21,Chicken Curry,Thursday,0,8,0,0,32.8,0.0,190,46,41,5,0
2025-08-21,Dosa,Thursday,0,8,0,0,32.8,0.0,70,96,70,26,0
2025-08-21,Filter Coffee,Thursday,0,8,0,0,32.8,0.0,30,129,121,8,0
2025-08-21,Fried Rice,Thursday,0,8,0,0,32.8,0.0,160,71,49,22,0
2025-08-21,Idli,Thursday,0,8,0,0,32.8,0.0,50,111,81,30,0
2025-08-21,Lassi,Thursday,0,8,0,0,32.8,0.0,60,50,45,5,0
2025-08-21,Meals,Thursday,0,8,0,0,32.8,0.0,140,90,74,16,0
2025-08-21,Parotta,Thursday,0,8,0,0,32.8,0.0,40,89,62,27,0
2025-08-21,Veg Noodles,Thursday,0,8,0,0,32.8,0.0,120,45,33,12,0
2025-08-22,Biryani,Friday,0,8,0,0,32.0,0.0,220,155,122,33,0
2025-08-22,Chicken Curry,Friday,0,8,0,0,32.0,0.0,190,48,40,8,0
2025-08-22,Dosa,Friday,0,8,0,0,32.0,0.0,70,85,69,16,0
2025-08-22,Filter Coffee,Friday,0,8,0,0,32.0,0.0,30,127,94,33,0
2025-08-22,Fried Rice,Friday,0,8,0,0,32.0,0.0,160,60,52,8,0
2025-08-22,Idli,Friday,0,8,0,0,32.0,0.0,50,101,85,16,0
2025-08-22,Lassi,Friday,0,8,0,0,32.0,0.0,60,55,45,10,0
2025-08-22,Meals,Friday,0,8,0,0,32.0,0.0,140,98,83,15,0
2025-08-22,Parotta,Friday,0,8,0,0,32.0,0.0,40,97,66,31,0
2025-08-22,Veg Noodles,Friday,0,8,0,0,32.0,0.0,120,42,34,8,0
2025-08-23,Biryani,Saturday,1,8,0,0,33.4,0.0,220,148,123,25,0
2025-08-23,Chicken Curry,Saturday,1,8,0,0,33.4,0.0,190,57,40,17,0
2025-08-23,Dosa,Saturday,1,8,0,0,33.4,0.0,70,107,69,38,0
2025-08-23,Filter Coffee,Saturday,1,8,0,0,33.4,0.0,30,127,85,42,0
2025-08-23,Fried Rice,Saturday,1,8,0,0,33.4,0.0,160,66,57,9,0
2025-08-23,Idli,Saturday,1,8,0,0,33.4,0.0,50,95,82,13,0
2025-08-23,Lassi,Saturday,1,8,0,0,33.4,0.0,60,67,57,10,0
2025-08-23,Meals,Saturday,1,8,0,0,33.4,0.0,140,95,79,16,0
2025-08-23,Parotta,Saturday,1,8,0,0,33.4,0.0,40,93,78,15,0
2025-08-23,Veg Noodles,Saturday,1,8,0,0,33.4,0.0,120,47,37,10,0
2025-08-24,Biryani,Sunday,1,8,0,0,29.5,12.1,220,189,120,69,0
2025-08-24,Chicken Curry,Sunday,1,8,0,0,29.5,12.1,190,60,47,13,0
2025-08-24,Dosa,Sunday,1,8,0,0,29.5,12.1,70,95,90,5,0
2025-08-24,Filter Coffee,Sunday,1,8,0,0,29.5,12.1,30,112,101,11,0
2025-08-24,Fried Rice,Sunday,1,8,0,0,29.5,12.1,160,75,56,19,0
2025-08-24,Idli,Sunday,1,8,0,0,29.5,12.1,50,107,88,19,0
2025-08-24,Lassi,Sunday,1,8,0,0,29.5,12.1,60,57,48,9,0
2025-08-24,Meals,Sunday,1,8,0,0,29.5,12.1,140,100,75,25,0
2025-08-24,Parotta,Sunday,1,8,0,0,29.5,12.1,40,88,79,9,0
2025-08-24,Veg Noodles,Sunday,1,8,0,0,29.5,12.1,120,51,36,15,0
2025-08-25,Biryani,Monday,0,8,0,0,31.2,0.0,220,142,116,26,0
2025-08-25,Chicken Curry,Monday,0,8,0,0,31.2,0.0,190,53,40,13,0
2025-08-25,Dosa,Monday,0,8,0,0,31.2,0.0,70,103,81,22,0
2025-08-25,Filter Coffee,Monday,0,8,0,0,31.2,0.0,30,126,98,28,0
2025-08-25,Fried Rice,Monday,0,8,0,0,31.2,0.0,160,60,47,13,0
2025-08-25,Idli,Monday,0,8,0,0,31.2,0.0,50,123,83,40,0
2025-08-25,Lassi,Monday,0,8,0,0,31.2,0.0,60,56,41,15,0
2025-08-25,Meals,Monday,0,8,0,0,31.2,0.0,140,90,89,1,0
2025-08-25,Parotta,Monday,0,8,0,0,31.2,0.0,40,90,68,22,0
2025-08-25,Veg Noodles,Monday,0,8,0,0,31.2,0.0,120,43,33,10,0
2025-08-26,Biryani,Tuesday,0,8,0,0,31.2,48.3,220,140,114,26,0
2025-08-26,Chicken Curry,Tuesday,0,8,0,0,31.2,48.3,190,44,41,3,0
2025-08-26,Dosa,Tuesday,0,8,0,0,31.2,48.3,70,89,69,20,0
2025-08-26,Filter Coffee,Tuesday,0,8,0,0,31.2,48.3,30,112,111,1,0
2025-08-26,Fried Rice,Tuesday,0,8,0,0,31.2,48.3,160,66,49,17,0
2025-08-26,Idli,Tuesday,0,8,0,0,31.2,48.3,50,107,106,1,0
2025-08-26,Lassi,Tuesday,0,8,0,0,31.2,48.3,60,54,42,12,0
2025-08-26,Meals,Tuesday,0,8,0,0,31.2,48.3,140,92,77,15,0
2025-08-26,Parotta,Tuesday,0,8,0,0,31.2,48.3,40,75,64,11,0
2025-08-26,Veg Noodles,Tuesday,0,8,0,0,31.2,48.3,120,48,29,19,0
2025-08-27,Biryani,Wednesday,0,8,0,0,29.3,0.0,220,149,121,28,0
2025-08-27,Chicken Curry,Wednesday,0,8,0,0,29.3,0.0,190,51,39,12,0
2025-08-27,Dosa,Wednesday,0,8,0,0,29.3,0.0,70,83,66,17,0
2025-08-27,Filter Coffee,Wednesday,0,8,0,0,29.3,0.0,30,124,93,31,0
2025-08-27,Fried Rice,Wednesday,0,8,0,0,29.3,0.0,160,67,50,17,0
2025-08-27,Idli,Wednesday,0,8,0,0,29.3,0.0,50,105,79,26,0
2025-08-27,Lassi,Wednesday,0,8,0,0,29.3,0.0,60,62,42,20,0
2025-08-27,Meals,Wednesday,0,8,0,0,29.3,0.0,140,106,77,29,0
2025-08-27,Parotta,Wednesday,0,8,0,0,29.3,0.0,40,90,70,20,0
2025-08-27,Veg Noodles,Wednesday,0,8,0,0,29.3,0.0,120,43,37,6,0
2025-08-28,Biryani,Thursday,0,8,0,0,30.8,0.0,220,151,94,57,0
2025-08-28,Chicken Curry,Thursday,0,8,0,0,30.8,0.0,190,52,39,13,0
2025-08-28,Dosa,Thursday,0,8,0,0,30.8,0.0,70,88,70,18,0
2025-08-28,Filter Coffee,Thursday,0,8,0,0,30.8,0.0,30,132,95,37,0
2025-08-28,Fried Rice,Thursday,0,8,0,0,30.8,0.0,160,64,48,16,0
2025-08-28,Idli,Thursday,0,8,0,0,30.8,0.0,50,111,77,34,0
2025-08-28,Lassi,Thursday,0,8,0,0,30.8,0.0,60,57,40,17,0
2025-08-28,Meals,Thursday,0,8,0,0,30.8,0.0,140,100,75,25,0
2025-08-28,Parotta,Thursday,0,8,0,0,30.8,0.0,40,76,68,8,0
2025-08-28,Veg Noodles,Thursday,0,8,0,0,30.8,0.0,120,44,30,14,0
2025-08-29,Biryani,Friday,0,8,0,0,30.9,0.0,220,164,104,60,0
2025-08-29,Chicken Curry,Friday,0,8,0,0,30.9,0.0,190,58,43,15,0
2025-08-29,Dosa,Friday,0,8,0,0,30.9,0.0,70,96,75,21,0
2025-08-29,Filter Coffee,Friday,0,8,0,0,30.9,0.0,30,116,101,15,0
2025-08-29,Fried Rice,Friday,0,8,0,0,30.9,0.0,160,68,51,17,0
2025-08-29,Idli,Friday,0,8,0,0,30.9,0.0,50,122,86,36,0
2025-08-29,Lassi,Friday,0,8,0,0,30.9,0.0,60,55,38,17,0
2025-08-29,Meals,Friday,0,8,0,0,30.9,0.0,140,89,86,3,0
2025-08-29,Parotta,Friday,0,8,0,0,30.9,0.0,40,79,68,11,0
2025-08-29,Veg Noodles,Friday,0,8,0,0,30.9,0.0,120,47,35,12,0
2025-08-30,Biryani,Saturday,1,8,0,0,31.6,0.0,220,161,120,41,0
2025-08-30,Chicken Curry,Saturday,1,8,0,0,31.6,0.0,190,52,44,8,0
2025-08-30,Dosa,Saturday,1,8,0,0,31.6,0.0,70,95,75,20,0
2025-08-30,Filter Coffee,Saturday,1,8,0,0,31.6,0.0,30,141,96,45,0
2025-08-30,Fried Rice,Saturday,1,8,0,0,31.6,0.0,160,70,63,7,0
2025-08-30,Idli,Saturday,1,8,0,0,31.6,0.0,50,107,79,28,0
2025-08-30,Lassi,Saturday,1,8,0,0,31.6,0.0,60,62,54,8,0
2025-08-30,Meals,Saturday,1,8,0,0,31.6,0.0,140,110,77,33,0
2025-08-30,Parotta,Saturday,1,8,0,0,31.6,0.0,40,100,75,25,0
2025-08-30,Veg Noodles,Saturday,1,8,0,0,31.6,0.0,120,42,33,9,0
2025-08-31,Biryani,Sunday,1,8,0,0,33.2,0.0,220,174,123,51,0
2025-08-31,Chicken Curry,Sunday,1,8,0,0,33.2,0.0,190,57,49,8,0
2025-08-31,Dosa,Sunday,1,8,0,0,33.2,0.0,70,110,82,28,0
2025-08-31,Filter Coffee,Sunday,1,8,0,0,33.2,0.0,30,132,88,44,0
2025-08-31,Fried Rice,Sunday,1,8,0,0,33.2,0.0,160,81,57,24,0
2025-08-31,Idli,Sunday,1,8,0,0,33.2,0.0,50,112,74,38,0
2025-08-31,Lassi,Sunday,1,8,0,0,33.2,0.0,60,58,51,7,0
2025-08-31,Meals,Sunday,1,8,0,0,33.2,0.0,140,116,72,44,0
2025-08-31,Parotta,Sunday,1,8,0,0,33.2,0.0,40,103,74,29,0
2025-08-31,Veg Noodles,Sunday,1,8,0,0,33.2,0.0,120,44,36,8,0
2025-09-01,Biryani,Monday,0,9,0,0,31.5,0.0,220,149,110,39,0
2025-09-01,Chicken Curry,Monday,0,9,0,0,31.5,0.0,190,55,36,19,0
2025-09-01,Dosa,Monday,0,9,0,0,31.5,0.0,70,96,71,25,0
2025-09-01,Filter Coffee,Monday,0,9,0,0,31.5,0.0,30,119,92,27,0
2025-09-01,Fried Rice,Monday,0,9,0,0,31.5,0.0,160,56,48,8,0
2025-09-01,Idli,Monday,0,9,0,0,31.5,0.0,50,112,84,28,0
2025-09-01,Lassi,Monday,0,9,0,0,31.5,0.0,60,60,42,18,0
2025-09-01,Meals,Monday,0,9,0,0,31.5,0.0,140,108,73,35,0
2025-09-01,Parotta,Monday,0,9,0,0,31.5,0.0,40,86,63,23,0
2025-09-01,Veg Noodles,Monday,0,9,0,0,31.5,0.0,120,47,32,15,0
2025-09-02,Biryani,Tuesday,0,9,0,0,30.5,0.0,220,144,114,30,0
2025-09-02,Chicken Curry,Tuesday,0,9,0,0,30.5,0.0,190,51,47,4,0
2025-09-02,Dosa,Tuesday,0,9,0,0,30.5,0.0,70,86,71,15,0
2025-09-02,Filter Coffee,Tuesday,0,9,0,0,30.5,0.0,30,124,96,28,0
2025-09-02,Fried Rice,Tuesday,0,9,0,0,30.5,0.0,160,61,43,18,0
2025-09-02,Idli,Tuesday,0,9,0,0,30.5,0.0,50,110,83,27,0
2025-09-02,Lassi,Tuesday,0,9,0,0,30.5,0.0,60,58,47,11,0
2025-09-02,Meals,Tuesday,0,9,0,0,30.5,0.0,140,107,86,21,0
2025-09-02,Parotta,Tuesday,0,9,0,0,30.5,0.0,40,92,65,27,0
2025-09-02,Veg Noodles,Tuesday,0,9,0,0,30.5,0.0,120,45,42,3,0
2025-09-03,Biryani,Wednesday,0,9,0,0,31.6,0.0,220,146,98,48,0
2025-09-03,Chicken Curry,Wednesday,0,9,0,0,31.6,0.0,190,44,38,6,0
2025-09-03,Dosa,Wednesday,0,9,0,0,31.6,0.0,70,93,87,6,0
2025-09-03,Filter Coffee,Wednesday,0,9,0,0,31.6,0.0,30,115,90,25,0
2025-09-03,Fried Rice,Wednesday,0,9,0,0,31.6,0.0,160,67,49,18,0
2025-09-03,Idli,Wednesday,0,9,0,0,31.6,0.0,50,112,88,24,0
2025-09-03,Lassi,Wednesday,0,9,0,0,31.6,0.0,60,58,49,9,0
2025-09-03,Meals,Wednesday,0,9,0,0,31.6,0.0,140,111,82,29,0
2025-09-03,Parotta,Wednesday,0,9,0,0,31.6,0.0,40,92,64,28,0
2025-09-03,Veg Noodles,Wednesday,0,9,0,0,31.6,0.0,120,41,33,8,0
2025-09-04,Biryani,Thursday,0,9,0,0,32.8,23.7,220,144,110,34,0
2025-09-04,Chicken Curry,Thursday,0,9,0,0,32.8,23.7,190,44,40,4,0
2025-09-04,Dosa,Thursday,0,9,0,0,32.8,23.7,70,99,70,29,0
2025-09-04,Filter Coffee,Thursday,0,9,0,0,32.8,23.7,30,112,99,13,0
2025-09-04,Fried Rice,Thursday,0,9,0,0,32.8,23.7,160,61,51,10,0
2025-09-04,Idli,Thursday,0,9,0,0,32.8,23.7,50,121,87,34,0
2025-09-04,Lassi,Thursday,0,9,0,0,32.8,23.7,60,56,42,14,0
2025-09-04,Meals,Thursday,0,9,0,0,32.8,23.7,140,101,75,26,0
2025-09-04,Parotta,Thursday,0,9,0,0,32.8,23.7,40,84,82,2,0
2025-09-04,Veg Noodles,Thursday,0,9,0,0,32.8,23.7,120,37,30,7,0
2025-09-05,Biryani,Friday,0,9,0,0,30.3,0.0,220,161,123,38,0
2025-09-05,Chicken Curry,Friday,0,9,0,0,30.3,0.0,190,56,43,13,0
2025-09-05,Dosa,Friday,0,9,0,0,30.3,0.0,70,103,84,19,0
2025-09-05,Filter Coffee,Friday,0,9,0,0,30.3,0.0,30,141,104,37,0
2025-09-05,Fried Rice,Friday,0,9,0,0,30.3,0.0,160,60,56,4,0
2025-09-05,Idli,Friday,0,9,0,0,30.3,0.0,50,119,83,36,0
2025-09-05,Lassi,Friday,0,9,0,0,30.3,0.0,60,55,50,5,0
2025-09-05,Meals,Friday,0,9,0,0,30.3,0.0,140,112,88,24,0
2025-09-05,Parotta,Friday,0,9,0,0,30.3,0.0,40,99,74,25,0
2025-09-05,Veg Noodles,Friday,0,9,0,0,30.3,0.0,120,40,33,7,0
2025-09-06,Biryani,Saturday,1,9,0,0,30.4,0.0,220,154,124,30,0
2025-09-06,Chicken Curry,Saturday,1,9,0,0,30.4,0.0,190,58,43,15,0
2025-09-06,Dosa,Saturday,1,9,0,0,30.4,0.0,70,95,86,9,0
2025-09-06,Filter Coffee,Saturday,1,9,0,0,30.4,0.0,30,133,97,36,0
2025-09-06,Fried Rice,Saturday,1,9,0,0,30.4,0.0,160,69,56,13,0
2025-09-06,Idli,Saturday,1,9,0,0,30.4,0.0,50,107,85,22,0
2025-09-06,Lassi,Saturday,1,9,0,0,30.4,0.0,60,55,55,0,1
2025-09-06,Meals,Saturday,1,9,0,0,30.4,0.0,140,115,85,30,0
2025-09-06,Parotta,Saturday,1,9,0,0,30.4,0.0,40,90,67,23,0
2025-09-06,Veg Noodles,Saturday,1,9,0,0,30.4,0.0,120,41,32,9,0
2025-09-07,Biryani,Sunday,1,9,0,0,32.1,0.0,220,185,139,46,0
2025-09-07,Chicken Curry,Sunday,1,9,0,0,32.1,0.0,190,62,48,14,0
2025-09-07,Dosa,Sunday,1,9,0,0,32.1,0.0,70,112,82,30,0
2025-09-07,Filter Coffee,Sunday,1,9,0,0,32.1,0.0,30,136,84,52,0
2025-09-07,Fried Rice,Sunday,1,9,0,0,32.1,0.0,160,80,64,16,0
2025-09-07,Idli,Sunday,1,9,0,0,32.1,0.0,50,100,89,11,0
2025-09-07,Lassi,Sunday,1,9,0,0,32.1,0.0,60,71,59,12,0
2025-09-07,Meals,Sunday,1,9,0,0,32.1,0.0,140,101,80,21,0
2025-09-07,Parotta,Sunday,1,9,0,0,32.1,0.0,40,90,90,0,0
2025-09-07,Veg Noodles,Sunday,1,9,0,0,32.1,0.0,120,48,38,10,0
2025-09-08,Biryani,Monday,0,9,0,0,31.1,0.0,220,130,94,36,0
2025-09-08,Chicken Curry,Monday,0,9,0,0,31.1,0.0,190,54,39,15,0
2025-09-08,Dosa,Monday,0,9,0,0,31.1,0.0,70,82,62,20,0
2025-09-08,Filter Coffee,Monday,0,9,0,0,31.1,0.0,30,131,106,25,0
2025-09-08,Fried Rice,Monday,0,9,0,0,31.1,0.0,160,58,53,5,0
2025-09-08,Idli,Monday,0,9,0,0,31.1,0.0,50,103,99,4,0
2025-09-08,Lassi,Monday,0,9,0,0,31.1,0.0,60,56,50,6,0
2025-09-08,Meals,Monday,0,9,0,0,31.1,0.0,140,108,76,32,0
2025-09-08,Parotta,Monday,0,9,0,0,31.1,0.0,40,92,64,28,0
2025-09-08,Veg Noodles,Monday,0,9,0,0,31.1,0.0,120,43,38,5,0
2025-09-09,Biryani,Tuesday,0,9,0,0,32.0,0.0,220,138,107,31,0
2025-09-09,Chicken Curry,Tuesday,0,9,0,0,32.0,0.0,190,46,36,10,0
2025-09-09,Dosa,Tuesday,0,9,0,0,32.0,0.0,70,96,72,24,0
2025-09-09,Filter Coffee,Tuesday,0,9,0,0,32.0,0.0,30,140,100,40,0
2025-09-09,Fried Rice,Tuesday,0,9,0,0,32.0,0.0,160,67,54,13,0
2025-09-09,Idli,Tuesday,0,9,0,0,32.0,0.0,50,99,89,10,0
2025-09-09,Lassi,Tuesday,0,9,0,0,32.0,0.0,60,57,48,9,0
2025-09-09,Meals,Tuesday,0,9,0,0,32.0,0.0,140,106,79,27,0
2025-09-09,Parotta,Tuesday,0,9,0,0,32.0,0.0,40,83,66,17,0
2025-09-09,Veg Noodles,Tuesday,0,9,0,0,32.0,0.0,120,39,34,5,0
2025-09-10,Biryani,Wednesday,0,9,0,0,31.2,0.0,220,147,110,37,0
2025-09-10,Chicken Curry,Wednesday,0,9,0,0,31.2,0.0,190,45,40,5,0
2025-09-10,Dosa,Wednesday,0,9,0,0,31.2,0.0,70,99,69,30,0
2025-09-10,Filter Coffee,Wednesday,0,9,0,0,31.2,0.0,30,140,88,52,0
2025-09-10,Fried Rice,Wednesday,0,9,0,0,31.2,0.0,160,68,54,14,0
2025-09-10,Idli,Wednesday,0,9,0,0,31.2,0.0,50,103,90,13,0
2025-09-10,Lassi,Wednesday,0,9,0,0,31.2,0.0,60,55,44,11,0
2025-09-10,Meals,Wednesday,0,9,0,0,31.2,0.0,140,106,72,34,0
2025-09-10,Parotta,Wednesday,0,9,0,0,31.2,0.0,40,93,71,22,0
2025-09-10,Veg Noodles,Wednesday,0,9,0,0,31.2,0.0,120,44,36,8,0
2025-09-11,Biryani,Thursday,0,9,0,0,32.0,8.2,220,142,109,33,0
2025-09-11,Chicken Curry,Thursday,0,9,0,0,32.0,8.2,190,51,34,17,0
2025-09-11,Dosa,Thursday,0,9,0,0,32.0,8.2,70,90,72,18,0
2025-09-11,Filter Coffee,Thursday,0,9,0,0,32.0,8.2,30,114,97,17,0
2025-09-11,Fried Rice,Thursday,0,9,0,0,32.0,8.2,160,66,56,10,0
2025-09-11,Idli,Thursday,0,9,0,0,32.0,8.2,50,104,88,16,0
2025-09-11,Lassi,Thursday,0,9,0,0,32.0,8.2,60,64,46,18,0
2025-09-11,Meals,Thursday,0,9,0,0,32.0,8.2,140,109,77,32,0
2025-09-11,Parotta,Thursday,0,9,0,0,32.0,8.2,40,76,57,19,0
2025-09-11,Veg Noodles,Thursday,0,9,0,0,32.0,8.2,120,47,30,17,0
2025-09-12,Biryani,Friday,0,9,0,0,29.8,16.2,220,147,118,29,0
2025-09-12,Chicken Curry,Friday,0,9,0,0,29.8,16.2,190,57,48,9,0
2025-09-12,Dosa,Friday,0,9,0,0,29.8,16.2,70,83,69,14,0
2025-09-12,Filter Coffee,Friday,0,9,0,0,29.8,16.2,30,118,100,18,0
2025-09-12,Fried Rice,Friday,0,9,0,0,29.8,16.2,160,62,51,11,0
2025-09-12,Idli,Friday,0,9,0,0,29.8,16.2,50,117,94,23,0
2025-09-12,Lassi,Friday,0,9,0,0,29.8,16.2,60,63,45,18,0
2025-09-12,Meals,Friday,0,9,0,0,29.8,16.2,140,98,81,17,0
2025-09-12,Parotta,Friday,0,9,0,0,29.8,16.2,40,80,70,10,0
2025-09-12,Veg Noodles,Friday,0,9,0,0,29.8,16.2,120,49,33,16,0
2025-09-13,Biryani,Saturday,1,9,0,0,31.0,0.0,220,183,132,51,0
2025-09-13,Chicken Curry,Saturday,1,9,0,0,31.0,0.0,190,53,47,6,0
2025-09-13,Dosa,Saturday,1,9,0,0,31.0,0.0,70,103,81,22,0
2025-09-13,Filter Coffee,Saturday,1,9,0,0,31.0,0.0,30,124,104,20,0
2025-09-13,Fried Rice,Saturday,1,9,0,0,31.0,0.0,160,77,50,27,0
2025-09-13,Idli,Saturday,1,9,0,0,31.0,0.0,50,117,87,30,0
2025-09-13,Lassi,Saturday,1,9,0,0,31.0,0.0,60,55,44,11,0
2025-09-13,Meals,Saturday,1,9,0,0,31.0,0.0,140,101,70,31,0
2025-09-13,Parotta,Saturday,1,9,0,0,31.0,0.0,40,83,69,14,0
2025-09-13,Veg Noodles,Saturday,1,9,0,0,31.0,0.0,120,50,37,13,0
2025-09-14,Biryani,Sunday,1,9,0,0,30.7,0.0,220,195,139,56,0
2025-09-14,Chicken Curry,Sunday,1,9,0,0,30.7,0.0,190,64,50,14,0
2025-09-14,Dosa,Sunday,1,9,0,0,30.7,0.0,70,98,86,12,0
2025-09-14,Filter Coffee,Sunday,1,9,0,0,30.7,0.0,30,123,96,27,0
2025-09-14,Fried Rice,Sunday,1,9,0,0,30.7,0.0,160,71,63,8,0
2025-09-14,Idli,Sunday,1,9,0,0,30.7,0.0,50,112,92,20,0
2025-09-14,Lassi,Sunday,1,9,0,0,30.7,0.0,60,66,48,18,0
2025-09-14,Meals,Sunday,1,9,0,0,30.7,0.0,140,109,81,28,0
2025-09-14,Parotta,Sunday,1,9,0,0,30.7,0.0,40,101,78,23,0
2025-09-14,Veg Noodles,Sunday,1,9,0,0,30.7,0.0,120,48,36,12,0
2025-09-15,Biryani,Monday,0,9,0,0,29.4,0.0,220,143,114,29,0
2025-09-15,Chicken Curry,Monday,0,9,0,0,29.4,0.0,190,45,34,11,0
2025-09-15,Dosa,Monday,0,9,0,0,29.4,0.0,70,84,79,5,0
2025-09-15,Filter Coffee,Monday,0,9,0,0,29.4,0.0,30,128,100,28,0
2025-09-15,Fried Rice,Monday,0,9,0,0,29.4,0.0,160,70,53,17,0
2025-09-15,Idli,Monday,0,9,0,0,29.4,0.0,50,120,76,44,0
2025-09-15,Lassi,Monday,0,9,0,0,29.4,0.0,60,57,39,18,0
2025-09-15,Meals,Monday,0,9,0,0,29.4,0.0,140,105,76,29,0
2025-09-15,Parotta,Monday,0,9,0,0,29.4,0.0,40,92,69,23,0
2025-09-15,Veg Noodles,Monday,0,9,0,0,29.4,0.0,120,43,34,9,0
2025-09-16,Biryani,Tuesday,0,9,0,0,28.9,0.0,220,158,121,37,0
2025-09-16,Chicken Curry,Tuesday,0,9,0,0,28.9,0.0,190,46,36,10,0
2025-09-16,Dosa,Tuesday,0,9,0,0,28.9,0.0,70,84,70,14,0
2025-09-16,Filter Coffee,Tuesday,0,9,0,0,28.9,0.0,30,120,100,20,0
2025-09-16,Fried Rice,Tuesday,0,9,0,0,28.9,0.0,160,67,57,10,0
2025-09-16,Idli,Tuesday,0,9,0,0,28.9,0.0,50,127,87,40,0
2025-09-16,Lassi,Tuesday,0,9,0,0,28.9,0.0,60,61,44,17,0
2025-09-16,Meals,Tuesday,0,9,0,0,28.9,0.0,140,109,84,25,0
2025-09-16,Parotta,Tuesday,0,9,0,0,28.9,0.0,40,83,66,17,0
2025-09-16,Veg Noodles,Tuesday,0,9,0,0,28.9,0.0,120,43,35,8,0
2025-09-17,Biryani,Wednesday,0,9,0,0,31.5,0.0,220,139,109,30,0
2025-09-17,Chicken Curry,Wednesday,0,9,0,0,31.5,0.0,190,55,43,12,0
2025-09-17,Dosa,Wednesday,0,9,0,0,31.5,0.0,70,98,66,32,0
2025-09-17,Filter Coffee,Wednesday,0,9,0,0,31.5,0.0,30,137,87,50,0
2025-09-17,Fried Rice,Wednesday,0,9,0,0,31.5,0.0,160,57,55,2,0
2025-09-17,Idli,Wednesday,0,9,0,0,31.5,0.0,50,127,91,36,0
2025-09-17,Lassi,Wednesday,0,9,0,0,31.5,0.0,60,64,47,17,0
2025-09-17,Meals,Wednesday,0,9,0,0,31.5,0.0,140,109,67,42,0
2025-09-17,Parotta,Wednesday,0,9,0,0,31.5,0.0,40,76,66,10,0
2025-09-17,Veg Noodles,Wednesday,0,9,0,0,31.5,0.0,120,39,34,5,0
2025-09-18,Biryani,Thursday,0,9,0,0,30.2,0.0,220,152,114,38,0
2025-09-18,Chicken Curry,Thursday,0,9,0,0,30.2,0.0,190,45,45,0,1
2025-09-18,Dosa,Thursday,0,9,0,0,30.2,0.0,70,85,74,11,0
2025-09-18,Filter Coffee,Thursday,0,9,0,0,30.2,0.0,30,112,111,1,0
2025-09-18,Fried Rice,Thursday,0,9,0,0,30.2,0.0,160,69,58,11,0
2025-09-18,Idli,Thursday,0,9,0,0,30.2,0.0,50,107,88,19,0
2025-09-18,Lassi,Thursday,0,9,0,0,30.2,0.0,60,60,42,18,0
2025-09-18,Meals,Thursday,0,9,0,0,30.2,0.0,140,105,75,30,0
2025-09-18,Parotta,Thursday,0,9,0,0,30.2,0.0,40,82,72,10,0
2025-09-18,Veg Noodles,Thursday,0,9,0,0,30.2,0.0,120,46,33,13,0
2025-09-19,Biryani,Friday,0,9,0,0,29.3,0.0,220,139,117,22,0
2025-09-19,Chicken Curry,Friday,0,9,0,0,29.3,0.0,190,46,45,1,0
2025-09-19,Dosa,Friday,0,9,0,0,29.3,0.0,70,94,85,9,0
2025-09-19,Filter Coffee,Friday,0,9,0,0,29.3,0.0,30,137,106,31,0
2025-09-19,Fried Rice,Friday,0,9,0,0,29.3,0.0,160,67,55,12,0
2025-09-19,Idli,Friday,0,9,0,0,29.3,0.0,50,102,81,21,0
2025-09-19,Lassi,Friday,0,9,0,0,29.3,0.0,60,64,48,16,0
2025-09-19,Meals,Friday,0,9,0,0,29.3,0.0,140,112,76,36,0
2025-09-19,Parotta,Friday,0,9,0,0,29.3,0.0,40,85,71,14,0
2025-09-19,Veg Noodles,Friday,0,9,0,0,29.3,0.0,120,46,38,8,0
2025-09-20,Biryani,Saturday,1,9,0,0,30.4,0.0,220,158,124,34,0
2025-09-20,Chicken Curry,Saturday,1,9,0,0,30.4,0.0,190,61,48,13,0
2025-09-20,Dosa,Saturday,1,9,0,0,30.4,0.0,70,110,77,33,0
2025-09-20,Filter Coffee,Saturday,1,9,0,0,30.4,0.0,30,124,93,31,0
2025-09-20,Fried Rice,Saturday,1,9,0,0,30.4,0.0,160,71,57,14,0
2025-09-20,Idli,Saturday,1,9,0,0,30.4,0.0,50,100,77,23,0
2025-09-20,Lassi,Saturday,1,9,0,0,30.4,0.0,60,61,45,16,0
2025-09-20,Meals,Saturday,1,9,0,0,30.4,0.0,140,95,87,8,0
2025-09-20,Parotta,Saturday,1,9,0,0,30.4,0.0,40,97,73,24,0
2025-09-20,Veg Noodles,Saturday,1,9,0,0,30.4,0.0,120,48,36,12,0
2025-09-21,Biryani,Sunday,1,9,0,0,31.8,0.0,220,175,147,28,0
2025-09-21,Chicken Curry,Sunday,1,9,0,0,31.8,0.0,190,59,50,9,0
2025-09-21,Dosa,Sunday,1,9,0,0,31.8,0.0,70,108,82,26,0
2025-09-21,Filter Coffee,Sunday,1,9,0,0,31.8,0.0,30,112,99,13,0
2025-09-21,Fried Rice,Sunday,1,9,0,0,31.8,0.0,160,75,53,22,0
2025-09-21,Idli,Sunday,1,9,0,0,31.8,0.0,50,117,88,29,0
2025-09-21,Lassi,Sunday,1,9,0,0,31.8,0.0,60,62,50,12,0
2025-09-21,Meals,Sunday,1,9,0,0,31.8,0.0,140,118,82,36,0
2025-09-21,Parotta,Sunday,1,9,0,0,31.8,0.0,40,102,78,24,0
2025-09-21,Veg Noodles,Sunday,1,9,0,0,31.8,0.0,120,46,37,9,0
2025-09-22,Biryani,Monday,0,9,0,0,27.6,9.0,220,128,105,23,0
2025-09-22,Chicken Curry,Monday,0,9,0,0,27.6,9.0,190,48,37,11,0
2025-09-22,Dosa,Monday,0,9,0,0,27.6,9.0,70,93,72,21,0
2025-09-22,Filter Coffee,Monday,0,9,0,0,27.6,9.0,30,139,116,23,0
2025-09-22,Fried Rice,Monday,0,9,0,0,27.6,9.0,160,66,51,15,0
2025-09-22,Idli,Monday,0,9,0,0,27.6,9.0,50,102,86,16,0
2025-09-22,Lassi,Monday,0,9,0,0,27.6,9.0,60,59,43,16,0
2025-09-22,Meals,Monday,0,9,0,0,27.6,9.0,140,89,89,0,1
2025-09-22,Parotta,Monday,0,9,0,0,27.6,9.0,40,77,77,0,1
2025-09-22,Veg Noodles,Monday,0,9,0,0,27.6,9.0,120,39,37,2,0
2025-09-23,Biryani,Tuesday,0,9,0,1,28.5,0.0,220,142,129,13,0
2025-09-23,Chicken Curry,Tuesday,0,9,0,1,28.5,0.0,190,53,47,6,0
2025-09-23,Dosa,Tuesday,0,9,0,1,28.5,0.0,70,93,78,15,0
2025-09-23,Filter Coffee,Tuesday,0,9,0,1,28.5,0.0,30,126,115,11,0
2025-09-23,Fried Rice,Tuesday,0,9,0,1,28.5,0.0,160,67,54,13,0
2025-09-23,Idli,Tuesday,0,9,0,1,28.5,0.0,50,109,87,22,0
2025-09-23,Lassi,Tuesday,0,9,0,1,28.5,0.0,60,60,51,9,0
2025-09-23,Meals,Tuesday,0,9,0,1,28.5,0.0,140,101,92,9,0
2025-09-23,Parotta,Tuesday,0,9,0,1,28.5,0.0,40,84,76,8,0
2025-09-23,Veg Noodles,Tuesday,0,9,0,1,28.5,0.0,120,47,34,13,0
2025-09-24,Biryani,Wednesday,0,9,0,0,29.1,0.0,220,131,112,19,0
2025-09-24,Chicken Curry,Wednesday,0,9,0,0,29.1,0.0,190,46,36,10,0
2025-09-24,Dosa,Wednesday,0,9,0,0,29.1,0.0,70,85,76,9,0
2025-09-24,Filter Coffee,Wednesday,0,9,0,0,29.1,0.0,30,135,115,20,0
2025-09-24,Fried Rice,Wednesday,0,9,0,0,29.1,0.0,160,70,51,19,0
2025-09-24,Idli,Wednesday,0,9,0,0,29.1,0.0,50,114,95,19,0
2025-09-24,Lassi,Wednesday,0,9,0,0,29.1,0.0,60,53,40,13,0
2025-09-24,Meals,Wednesday,0,9,0,0,29.1,0.0,140,89,75,14,0
2025-09-24,Parotta,Wednesday,0,9,0,0,29.1,0.0,40,88,64,24,0
2025-09-24,Veg Noodles,Wednesday,0,9,0,0,29.1,0.0,120,39,29,10,0
2025-09-25,Biryani,Thursday,0,9,0,0,31.9,0.0,220,147,107,40,0
2025-09-25,Chicken Curry,Thursday,0,9,0,0,31.9,0.0,190,52,35,17,0
2025-09-25,Dosa,Thursday,0,9,0,0,31.9,0.0,70,91,71,20,0
2025-09-25,Filter Coffee,Thursday,0,9,0,0,31.9,0.0,30,140,122,18,0
2025-09-25,Fried Rice,Thursday,0,9,0,0,31.9,0.0,160,60,50,10,0
2025-09-25,Idli,Thursday,0,9,0,0,31.9,0.0,50,117,92,25,0
2025-09-25,Lassi,Thursday,0,9,0,0,31.9,0.0,60,57,48,9,0
2025-09-25,Meals,Thursday,0,9,0,0,31.9,0.0,140,101,79,22,0
2025-09-25,Parotta,Thursday,0,9,0,0,31.9,0.0,40,80,57,23,0
2025-09-25,Veg Noodles,Thursday,0,9,0,0,31.9,0.0,120,38,31,7,0
2025-09-26,Biryani,Friday,0,9,0,0,30.4,0.0,220,140,115,25,0
2025-09-26,Chicken Curry,Friday,0,9,0,0,30.4,0.0,190,50,37,13,0
2025-09-26,Dosa,Friday,0,9,0,0,30.4,0.0,70,86,76,10,0
2025-09-26,Filter Coffee,Friday,0,9,0,0,30.4,0.0,30,113,98,15,0
2025-09-26,Fried Rice,Friday,0,9,0,0,30.4,0.0,160,69,54,15,0
2025-09-26,Idli,Friday,0,9,0,0,30.4,0.0,50,115,86,29,0
2025-09-26,Lassi,Friday,0,9,0,0,30.4,0.0,60,53,43,10,0
2025-09-26,Meals,Friday,0,9,0,0,30.4,0.0,140,98,77,21,0
2025-09-26,Parotta,Friday,0,9,0,0,30.4,0.0,40,86,61,25,0
2025-09-26,Veg Noodles,Friday,0,9,0,0,30.4,0.0,120,46,35,11,0
2025-09-27,Biryani,Saturday,1,9,0,0,30.9,0.0,220,151,125,26,0
2025-09-27,Chicken Curry,Saturday,1,9,0,0,30.9,0.0,190,51,48,3,0
2025-09-27,Dosa,Saturday,1,9,0,0,30.9,0.0,70,88,80,8,0
2025-09-27,Filter Coffee,Saturday,1,9,0,0,30.9,0.0,30,120,94,26,0
2025-09-27,Fried Rice,Saturday,1,9,0,0,30.9,0.0,160,75,55,20,0
2025-09-27,Idli,Saturday,1,9,0,0,30.9,0.0,50,117,79,38,0
2025-09-27,Lassi,Saturday,1,9,0,0,30.9,0.0,60,57,48,9,0
2025-09-27,Meals,Saturday,1,9,0,0,30.9,0.0,140,93,86,7,0
2025-09-27,Parotta,Saturday,1,9,0,0,30.9,0.0,40,96,70,26,0
2025-09-27,Veg Noodles,Saturday,1,9,0,0,30.9,0.0,120,49,40,9,0
2025-09-28,Biryani,Sunday,1,9,0,0,28.5,0.0,220,204,126,78,0
2025-09-28,Chicken Curry,Sunday,1,9,0,0,28.5,0.0,190,64,48,16,0
2025-09-28,Dosa,Sunday,1,9,0,0,28.5,0.0,70,92,82,10,0
2025-09-28,Filter Coffee,Sunday,1,9,0,0,28.5,0.0,30,116,94,22,0
2025-09-28,Fried Rice,Sunday,1,9,0,0,28.5,0.0,160,80,65,15,0
2025-09-28,Idli,Sunday,1,9,0,0,28.5,0.0,50,108,83,25,0
2025-09-28,Lassi,Sunday,1,9,0,0,28.5,0.0,60,70,48,22,0
2025-09-28,Meals,Sunday,1,9,0,0,28.5,0.0,140,110,75,35,0
2025-09-28,Parotta,Sunday,1,9,0,0,28.5,0.0,40,96,76,20,0
2025-09-28,Veg Noodles,Sunday,1,9,0,0,28.5,0.0,120,45,37,8,0
2025-09-29,Biryani,Monday,0,9,0,0,28.5,0.0,220,148,115,33,0
2025-09-29,Chicken Curry,Monday,0,9,0,0,28.5,0.0,190,48,39,9,0
2025-09-29,Dosa,Monday,0,9,0,0,28.5,0.0,70,95,76,19,0
2025-09-29,Filter Coffee,Monday,0,9,0,0,28.5,0.0,30,115,86,29,0
2025-09-29,Fried Rice,Monday,0,9,0,0,28.5,0.0,160,64,40,24,0
2025-09-29,Idli,Monday,0,9,0,0,28.5,0.0,50,124,98,26,0
2025-09-29,Lassi,Monday,0,9,0,0,28.5,0.0,60,52,44,8,0
2025-09-29,Meals,Monday,0,9,0,0,28.5,0.0,140,105,73,32,0
2025-09-29,Parotta,Monday,0,9,0,0,28.5,0.0,40,75,64,11,0
2025-09-29,Veg Noodles,Monday,0,9,0,0,28.5,0.0,120,40,39,1,0
2025-09-30,Biryani,Tuesday,0,9,0,0,30.3,0.0,220,157,113,44,0
2025-09-30,Chicken Curry,Tuesday,0,9,0,0,30.3,0.0,190,54,39,15,0
2025-09-30,Dosa,Tuesday,0,9,0,0,30.3,0.0,70,85,67,18,0
2025-09-30,Filter Coffee,Tuesday,0,9,0,0,30.3,0.0,30,142,110,32,0
2025-09-30,Fried Rice,Tuesday,0,9,0,0,30.3,0.0,160,62,51,11,0
2025-09-30,Idli,Tuesday,0,9,0,0,30.3,0.0,50,102,78,24,0
2025-09-30,Lassi,Tuesday,0,9,0,0,30.3,0.0,60,61,46,15,0
2025-09-30,Meals,Tuesday,0,9,0,0,30.3,0.0,140,91,81,10,0
2025-09-30,Parotta,Tuesday,0,9,0,0,30.3,0.0,40,79,68,11,0
2025-09-30,Veg Noodles,Tuesday,0,9,0,0,30.3,0.0,120,46,33,13,0
2025-10-01,Biryani,Wednesday,0,10,0,1,29.7,0.0,220,142,133,9,0
2025-10-01,Chicken Curry,Wednesday,0,10,0,1,29.7,0.0,190,55,40,15,0
2025-10-01,Dosa,Wednesday,0,10,0,1,29.7,0.0,70,84,75,9,0
2025-10-01,Filter Coffee,Wednesday,0,10,0,1,29.7,0.0,30,138,109,29,0
2025-10-01,Fried Rice,Wednesday,0,10,0,1,29.7,0.0,160,68,62,6,0
2025-10-01,Idli,Wednesday,0,10,0,1,29.7,0.0,50,124,88,36,0
2025-10-01,Lassi,Wednesday,0,10,0,1,29.7,0.0,60,55,50,5,0
2025-10-01,Meals,Wednesday,0,10,0,1,29.7,0.0,140,104,96,8,0
2025-10-01,Parotta,Wednesday,0,10,0,1,29.7,0.0,40,91,71,20,0
2025-10-01,Veg Noodles,Wednesday,0,10,0,1,29.7,0.0,120,47,37,10,0
2025-10-02,Biryani,Thursday,0,10,1,0,30.2,0.0,220,126,125,1,0
2025-10-02,Chicken Curry,Thursday,0,10,1,0,30.2,0.0,190,54,43,11,0
2025-10-02,Dosa,Thursday,0,10,1,0,30.2,0.0,70,101,85,16,0
2025-10-02,Filter Coffee,Thursday,0,10,1,0,30.2,0.0,30,124,124,0,1
2025-10-02,Fried Rice,Thursday,0,10,1,0,30.2,0.0,160,61,61,0,1
2025-10-02,Idli,Thursday,0,10,1,0,30.2,0.0,50,116,100,16,0
2025-10-02,Lassi,Thursday,0,10,1,0,30.2,0.0,60,59,48,11,0
2025-10-02,Meals,Thursday,0,10,1,0,30.2,0.0,140,92,77,15,0
2025-10-02,Parotta,Thursday,0,10,1,0,30.2,0.0,40,80,73,7,0
2025-10-02,Veg Noodles,Thursday,0,10,1,0,30.2,0.0,120,42,37,5,0
2025-10-03,Biryani,Friday,0,10,0,0,29.3,17.5,220,154,133,21,0
2025-10-03,Chicken Curry,Friday,0,10,0,0,29.3,17.5,190,50,40,10,0
2025-10-03,Dosa,Friday,0,10,0,0,29.3,17.5,70,86,75,11,0
2025-10-03,Filter Coffee,Friday,0,10,0,0,29.3,17.5,30,134,118,16,0
2025-10-03,Fried Rice,Friday,0,10,0,0,29.3,17.5,160,62,55,7,0
2025-10-03,Idli,Friday,0,10,0,0,29.3,17.5,50,104,91,13,0
2025-10-03,Lassi,Friday,0,10,0,0,29.3,17.5,60,65,44,21,0
2025-10-03,Meals,Friday,0,10,0,0,29.3,17.5,140,92,88,4,0
2025-10-03,Parotta,Friday,0,10,0,0,29.3,17.5,40,95,75,20,0
2025-10-03,Veg Noodles,Friday,0,10,0,0,29.3,17.5,120,47,40,7,0
2025-10-04,Biryani,Saturday,1,10,0,0,29.8,0.0,220,170,127,43,0
2025-10-04,Chicken Curry,Saturday,1,10,0,0,29.8,0.0,190,53,40,13,0
2025-10-04,Dosa,Saturday,1,10,0,0,29.8,0.0,70,103,74,29,0
2025-10-04,Filter Coffee,Saturday,1,10,0,0,29.8,0.0,30,141,92,49,0
2025-10-04,Fried Rice,Saturday,1,10,0,0,29.8,0.0,160,72,64,8,0
2025-10-04,Idli,Saturday,1,10,0,0,29.8,0.0,50,122,82,40,0
2025-10-04,Lassi,Saturday,1,10,0,0,29.8,0.0,60,66,50,16,0
2025-10-04,Meals,Saturday,1,10,0,0,29.8,0.0,140,94,80,14,0
2025-10-04,Parotta,Saturday,1,10,0,0,29.8,0.0,40,93,81,12,0
2025-10-04,Veg Noodles,Saturday,1,10,0,0,29.8,0.0,120,45,36,9,0
2025-10-05,Biryani,Sunday,1,10,0,1,29.5,4.5,220,161,148,13,0
2025-10-05,Chicken Curry,Sunday,1,10,0,1,29.5,4.5,190,67,52,15,0
2025-10-05,Dosa,Sunday,1,10,0,1,29.5,4.5,70,100,91,9,0
2025-10-05,Filter Coffee,Sunday,1,10,0,1,29.5,4.5,30,119,106,13,0
2025-10-05,Fried Rice,Sunday,1,10,0,1,29.5,4.5,160,72,68,4,0
2025-10-05,Idli,Sunday,1,10,0,1,29.5,4.5,50,118,99,19,0
2025-10-05,Lassi,Sunday,1,10,0,1,29.5,4.5,60,69,58,11,0
2025-10-05,Meals,Sunday,1,10,0,1,29.5,4.5,140,109,80,29,0
2025-10-05,Parotta,Sunday,1,10,0,1,29.5,4.5,40,98,80,18,0
2025-10-05,Veg Noodles,Sunday,1,10,0,1,29.5,4.5,120,52,39,13,0
2025-10-06,Biryani,Monday,0,10,0,0,30.2,7.3,220,155,101,54,0
2025-10-06,Chicken Curry,Monday,0,10,0,0,30.2,7.3,190,49,36,13,0
2025-10-06,Dosa,Monday,0,10,0,0,30.2,7.3,70,94,78,16,0
2025-10-06,Filter Coffee,Monday,0,10,0,0,30.2,7.3,30,113,113,0,1
2025-10-06,Fried Rice,Monday,0,10,0,0,30.2,7.3,160,57,50,7,0
2025-10-06,Idli,Monday,0,10,0,0,30.2,7.3,50,124,98,26,0
2025-10-06,Lassi,Monday,0,10,0,0,30.2,7.3,60,54,41,13,0
2025-10-06,Meals,Monday,0,10,0,0,30.2,7.3,140,106,61,45,0
2025-10-06,Parotta,Monday,0,10,0,0,30.2,7.3,40,91,69,22,0
2025-10-06,Veg Noodles,Monday,0,10,0,0,30.2,7.3,120,43,40,3,0
2025-10-07,Biryani,Tuesday,0,10,0,0,30.2,8.6,220,146,95,51,0
2025-10-07,Chicken Curry,Tuesday,0,10,0,0,30.2,8.6,190,52,41,11,0
2025-10-07,Dosa,Tuesday,0,10,0,0,30.2,8.6,70,82,80,2,0
2025-10-07,Filter Coffee,Tuesday,0,10,0,0,30.2,8.6,30,138,103,35,0
2025-10-07,Fried Rice,Tuesday,0,10,0,0,30.2,8.6,160,57,52,5,0
2025-10-07,Idli,Tuesday,0,10,0,0,30.2,8.6,50,125,92,33,0
2025-10-07,Lassi,Tuesday,0,10,0,0,30.2,8.6,60,55,47,8,0
2025-10-07,Meals,Tuesday,0,10,0,0,30.2,8.6,140,102,69,33,0
2025-10-07,Parotta,Tuesday,0,10,0,0,30.2,8.6,40,83,58,25,0
2025-10-07,Veg Noodles,Tuesday,0,10,0,0,30.2,8.6,120,46,34,12,0
2025-10-08,Biryani,Wednesday,0,10,0,0,27.2,0.0,220,151,127,24,0
2025-10-08,Chicken Curry,Wednesday,0,10,0,0,27.2,0.0,190,54,41,13,0
2025-10-08,Dosa,Wednesday,0,10,0,0,27.2,0.0,70,81,81,0,0
2025-10-08,Filter Coffee,Wednesday,0,10,0,0,27.2,0.0,30,135,99,36,0
2025-10-08,Fried Rice,Wednesday,0,10,0,0,27.2,0.0,160,67,51,16,0
2025-10-08,Idli,Wednesday,0,10,0,0,27.2,0.0,50,111,94,17,0
2025-10-08,Lassi,Wednesday,0,10,0,0,27.2,0.0,60,60,37,23,0
2025-10-08,Meals,Wednesday,0,10,0,0,27.2,0.0,140,107,78,29,0
2025-10-08,Parotta,Wednesday,0,10,0,0,27.2,0.0,40,80,60,20,0
2025-10-08,Veg Noodles,Wednesday,0,10,0,0,27.2,0.0,120,46,36,10,0
2025-10-09,Biryani,Thursday,0,10,0,0,26.3,16.6,220,142,122,20,0
2025-10-09,Chicken Curry,Thursday,0,10,0,0,26.3,16.6,190,47,36,11,0
2025-10-09,Dosa,Thursday,0,10,0,0,26.3,16.6,70,100,67,33,0
2025-10-09,Filter Coffee,Thursday,0,10,0,0,26.3,16.6,30,117,103,14,0
2025-10-09,Fried Rice,Thursday,0,10,0,0,26.3,16.6,160,72,47,25,0
2025-10-09,Idli,Thursday,0,10,0,0,26.3,16.6,50,106,95,11,0
2025-10-09,Lassi,Thursday,0,10,0,0,26.3,16.6,60,61,36,25,0
2025-10-09,Meals,Thursday,0,10,0,0,26.3,16.6,140,102,78,24,0
2025-10-09,Parotta,Thursday,0,10,0,0,26.3,16.6,40,77,66,11,0
2025-10-09,Veg Noodles,Thursday,0,10,0,0,26.3,16.6,120,40,38,2,0
2025-10-10,Biryani,Friday,0,10,0,0,30.2,4.5,220,156,123,33,0
2025-10-10,Chicken Curry,Friday,0,10,0,0,30.2,4.5,190,48,40,8,0
2025-10-10,Dosa,Friday,0,10,0,0,30.2,4.5,70,94,68,26,0
2025-10-10,Filter Coffee,Friday,0,10,0,0,30.2,4.5,30,128,100,28,0
2025-10-10,Fried Rice,Friday,0,10,0,0,30.2,4.5,160,66,50,16,0
2025-10-10,Idli,Friday,0,10,0,0,30.2,4.5,50,103,88,15,0
2025-10-10,Lassi,Friday,0,10,0,0,30.2,4.5,60,63,44,19,0
2025-10-10,Meals,Friday,0,10,0,0,30.2,4.5,140,109,83,26,0
2025-10-10,Parotta,Friday,0,10,0,0,30.2,4.5,40,92,76,16,0
2025-10-10,Veg Noodles,Friday,0,10,0,0,30.2,4.5,120,40,36,4,0
2025-10-11,Biryani,Saturday,1,10,0,0,30.3,7.3,220,157,120,37,0
2025-10-11,Chicken Curry,Saturday,1,10,0,0,30.3,7.3,190,59,52,7,0
2025-10-11,Dosa,Saturday,1,10,0,0,30.3,7.3,70,88,76,12,0
2025-10-11,Filter Coffee,Saturday,1,10,0,0,30.3,7.3,30,117,116,1,0
2025-10-11,Fried Rice,Saturday,1,10,0,0,30.3,7.3,160,65,51,14,0
2025-10-11,Idli,Saturday,1,10,0,0,30.3,7.3,50,119,78,41,0
2025-10-11,Lassi,Saturday,1,10,0,0,30.3,7.3,60,65,43,22,0
2025-10-11,Meals,Saturday,1,10,0,0,30.3,7.3,140,116,77,39,0
2025-10-11,Parotta,Saturday,1,10,0,0,30.3,7.3,40,93,70,23,0
2025-10-11,Veg Noodles,Saturday,1,10,0,0,30.3,7.3,120,50,39,11,0
2025-10-12,Biryani,Sunday,1,10,0,0,27.6,0.0,220,205,167,38,0
2025-10-12,Chicken Curry,Sunday,1,10,0,0,27.6,0.0,190,63,45,18,0
2025-10-12,Dosa,Sunday,1,10,0,0,27.6,0.0,70,98,81,17,0
2025-10-12,Filter Coffee,Sunday,1,10,0,0,27.6,0.0,30,131,109,22,0
2025-10-12,Fried Rice,Sunday,1,10,0,0,27.6,0.0,160,83,63,20,0
2025-10-12,Idli,Sunday,1,10,0,0,27.6,0.0,50,115,77,38,0
2025-10-12,Lassi,Sunday,1,10,0,0,27.6,0.0,60,60,46,14,0
2025-10-12,Meals,Sunday,1,10,0,0,27.6,0.0,140,103,76,27,0
2025-10-12,Parotta,Sunday,1,10,0,0,27.6,0.0,40,106,73,33,0
2025-10-12,Veg Noodles,Sunday,1,10,0,0,27.6,0.0,120,44,39,5,0
2025-10-13,Biryani,Monday,0,10,0,0,26.5,0.0,220,139,110,29,0
2025-10-13,Chicken Curry,Monday,0,10,0,0,26.5,0.0,190,47,41,6,0
2025-10-13,Dosa,Monday,0,10,0,0,26.5,0.0,70,93,71,22,0
2025-10-13,Filter Coffee,Monday,0,10,0,0,26.5,0.0,30,133,107,26,0
2025-10-13,Fried Rice,Monday,0,10,0,0,26.5,0.0,160,60,51,9,0
2025-10-13,Idli,Monday,0,10,0,0,26.5,0.0,50,127,81,46,0
2025-10-13,Lassi,Monday,0,10,0,0,26.5,0.0,60,54,40,14,0
2025-10-13,Meals,Monday,0,10,0,0,26.5,0.0,140,91,76,15,0
2025-10-13,Parotta,Monday,0,10,0,0,26.5,0.0,40,85,67,18,0
2025-10-13,Veg Noodles,Monday,0,10,0,0,26.5,0.0,120,45,36,9,0
2025-10-14,Biryani,Tuesday,0,10,0,0,28.8,4.3,220,130,109,21,0
2025-10-14,Chicken Curry,Tuesday,0,10,0,0,28.8,4.3,190,51,40,11,0
2025-10-14,Dosa,Tuesday,0,10,0,0,28.8,4.3,70,84,70,14,0
2025-10-14,Filter Coffee,Tuesday,0,10,0,0,28.8,4.3,30,121,118,3,0
2025-10-14,Fried Rice,Tuesday,0,10,0,0,28.8,4.3,160,72,49,23,0
2025-10-14,Idli,Tuesday,0,10,0,0,28.8,4.3,50,124,89,35,0
2025-10-14,Lassi,Tuesday,0,10,0,0,28.8,4.3,60,63,37,26,0
2025-10-14,Meals,Tuesday,0,10,0,0,28.8,4.3,140,91,78,13,0
2025-10-14,Parotta,Tuesday,0,10,0,0,28.8,4.3,40,84,68,16,0
2025-10-14,Veg Noodles,Tuesday,0,10,0,0,28.8,4.3,120,42,33,9,0
2025-10-15,Biryani,Wednesday,0,10,0,0,29.7,13.2,220,127,122,5,0
2025-10-15,Chicken Curry,Wednesday,0,10,0,0,29.7,13.2,190,53,43,10,0
2025-10-15,Dosa,Wednesday,0,10,0,0,29.7,13.2,70,94,72,22,0
2025-10-15,Filter Coffee,Wednesday,0,10,0,0,29.7,13.2,30,137,118,19,0
2025-10-15,Fried Rice,Wednesday,0,10,0,0,29.7,13.2,160,65,47,18,0
2025-10-15,Idli,Wednesday,0,10,0,0,29.7,13.2,50,118,93,25,0
2025-10-15,Lassi,Wednesday,0,10,0,0,29.7,13.2,60,58,41,17,0
2025-10-15,Meals,Wednesday,0,10,0,0,29.7,13.2,140,102,79,23,0
2025-10-15,Parotta,Wednesday,0,10,0,0,29.7,13.2,40,81,64,17,0
2025-10-15,Veg Noodles,Wednesday,0,10,0,0,29.7,13.2,120,38,33,5,0
2025-10-16,Biryani,Thursday,0,10,0,0,30.7,0.0,220,147,117,30,0
2025-10-16,Chicken Curry,Thursday,0,10,0,0,30.7,0.0,190,48,40,8,0
2025-10-16,Dosa,Thursday,0,10,0,0,30.7,0.0,70,93,75,18,0
2025-10-16,Filter Coffee,Thursday,0,10,0,0,30.7,0.0,30,127,102,25,0
2025-10-16,Fried Rice,Thursday,0,10,0,0,30.7,0.0,160,60,52,8,0
2025-10-16,Idli,Thursday,0,10,0,0,30.7,0.0,50,104,79,25,0
2025-10-16,Lassi,Thursday,0,10,0,0,30.7,0.0,60,61,39,22,0
2025-10-16,Meals,Thursday,0,10,0,0,30.7,0.0,140,101,73,28,0
2025-10-16,Parotta,Thursday,0,10,0,0,30.7,0.0,40,79,78,1,0
2025-10-16,Veg Noodles,Thursday,0,10,0,0,30.7,0.0,120,45,34,11,0
2025-10-17,Biryani,Friday,0,10,0,0,29.0,4.9,220,170,141,29,0
2025-10-17,Chicken Curry,Friday,0,10,0,0,29.0,4.9,190,49,40,9,0
2025-10-17,Dosa,Friday,0,10,0,0,29.0,4.9,70,97,67,30,0
2025-10-17,Filter Coffee,Friday,0,10,0,0,29.0,4.9,30,135,129,6,0
2025-10-17,Fried Rice,Friday,0,10,0,0,29.0,4.9,160,67,56,11,0
2025-10-17,Idli,Friday,0,10,0,0,29.0,4.9,50,103,89,14,0
2025-10-17,Lassi,Friday,0,10,0,0,29.0,4.9,60,60,52,8,0
2025-10-17,Meals,Friday,0,10,0,0,29.0,4.9,140,93,85,8,0
2025-10-17,Parotta,Friday,0,10,0,0,29.0,4.9,40,96,68,28,0
2025-10-17,Veg Noodles,Friday,0,10,0,0,29.0,4.9,120,44,33,11,0
2025-10-18,Biryani,Saturday,1,10,0,0,27.9,0.0,220,184,135,49,0
2025-10-18,Chicken Curry,Saturday,1,10,0,0,27.9,0.0,190,60,45,15,0
2025-10-18,Dosa,Saturday,1,10,0,0,27.9,0.0,70,106,93,13,0
2025-10-18,Filter Coffee,Saturday,1,10,0,0,27.9,0.0,30,133,101,32,0
2025-10-18,Fried Rice,Saturday,1,10,0,0,27.9,0.0,160,69,52,17,0
2025-10-18,Idli,Saturday,1,10,0,0,27.9,0.0,50,109,80,29,0
2025-10-18,Lassi,Saturday,1,10,0,0,27.9,0.0,60,68,46,22,0
2025-10-18,Meals,Saturday,1,10,0,0,27.9,0.0,140,114,77,37,0
2025-10-18,Parotta,Saturday,1,10,0,0,27.9,0.0,40,84,74,10,0
2025-10-18,Veg Noodles,Saturday,1,10,0,0,27.9,0.0,120,51,38,13,0
2025-10-19,Biryani,Sunday,1,10,0,0,27.2,12.9,220,192,137,55,0
2025-10-19,Chicken Curry,Sunday,1,10,0,0,27.2,12.9,190,66,49,17,0
2025-10-19,Dosa,Sunday,1,10,0,0,27.2,12.9,70,100,81,19,0
2025-10-19,Filter Coffee,Sunday,1,10,0,0,27.2,12.9,30,127,120,7,0
2025-10-19,Fried Rice,Sunday,1,10,0,0,27.2,12.9,160,82,54,28,0
2025-10-19,Idli,Sunday,1,10,0,0,27.2,12.9,50,114,79,35,0
2025-10-19,Lassi,Sunday,1,10,0,0,27.2,12.9,60,70,45,25,0
2025-10-19,Meals,Sunday,1,10,0,0,27.2,12.9,140,118,78,40,0
2025-10-19,Parotta,Sunday,1,10,0,0,27.2,12.9,40,109,77,32,0
2025-10-19,Veg Noodles,Sunday,1,10,0,0,27.2,12.9,120,46,40,6,0
2025-10-20,Biryani,Monday,0,10,1,0,28.2,0.0,220,160,126,34,0
2025-10-20,Chicken Curry,Monday,0,10,1,0,28.2,0.0,190,55,46,9,0
2025-10-20,Dosa,Monday,0,10,1,0,28.2,0.0,70,102,93,9,0
2025-10-20,Filter Coffee,Monday,0,10,1,0,28.2,0.0,30,122,118,4,0
2025-10-20,Fried Rice,Monday,0,10,1,0,28.2,0.0,160,58,58,0,1
2025-10-20,Idli,Monday,0,10,1,0,28.2,0.0,50,105,100,5,0
2025-10-20,Lassi,Monday,0,10,1,0,28.2,0.0,60,54,51,3,0
2025-10-20,Meals,Monday,0,10,1,0,28.2,0.0,140,94,88,6,0
2025-10-20,Parotta,Monday,0,10,1,0,28.2,0.0,40,75,75,0,1
2025-10-20,Veg Noodles,Monday,0,10,1,0,28.2,0.0,120,37,37,0,1
2025-10-21,Biryani,Tuesday,0,10,0,0,27.8,7.6,220,150,96,54,0
2025-10-21,Chicken Curry,Tuesday,0,10,0,0,27.8,7.6,190,46,36,10,0
2025-10-21,Dosa,Tuesday,0,10,0,0,27.8,7.6,70,92,70,22,0
2025-10-21,Filter Coffee,Tuesday,0,10,0,0,27.8,7.6,30,119,115,4,0
2025-10-21,Fried Rice,Tuesday,0,10,0,0,27.8,7.6,160,70,45,25,0
2025-10-21,Idli,Tuesday,0,10,0,0,27.8,7.6,50,126,83,43,0
2025-10-21,Lassi,Tuesday,0,10,0,0,27.8,7.6,60,62,42,20,0
2025-10-21,Meals,Tuesday,0,10,0,0,27.8,7.6,140,93,85,8,0
2025-10-21,Parotta,Tuesday,0,10,0,0,27.8,7.6,40,86,75,11,0
2025-10-21,Veg Noodles,Tuesday,0,10,0,0,27.8,7.6,120,39,35,4,0
2025-10-22,Biryani,Wednesday,0,10,0,0,26.8,0.0,220,137,111,26,0
2025-10-22,Chicken Curry,Wednesday,0,10,0,0,26.8,0.0,190,55,43,12,0
2025-10-22,Dosa,Wednesday,0,10,0,0,26.8,0.0,70,92,76,16,0
2025-10-22,Filter Coffee,Wednesday,0,10,0,0,26.8,0.0,30,136,103,33,0
2025-10-22,Fried Rice,Wednesday,0,10,0,0,26.8,0.0,160,68,53,15,0
2025-10-22,Idli,Wednesday,0,10,0,0,26.8,0.0,50,119,94,25,0
2025-10-22,Lassi,Wednesday,0,10,0,0,26.8,0.0,60,54,44,10,0
2025-10-22,Meals,Wednesday,0,10,0,0,26.8,0.0,140,93,78,15,0
2025-10-22,Parotta,Wednesday,0,10,0,0,26.8,0.0,40,76,76,0,1
2025-10-22,Veg Noodles,Wednesday,0,10,0,0,26.8,0.0,120,40,40,0,0
2025-10-23,Biryani,Thursday,0,10,0,0,30.4,26.7,220,146,115,31,0
2025-10-23,Chicken Curry,Thursday,0,10,0,0,30.4,26.7,190,53,44,9,0
2025-10-23,Dosa,Thursday,0,10,0,0,30.4,26.7,70,96,75,21,0
2025-10-23,Filter Coffee,Thursday,0,10,0,0,30.4,26.7,30,133,114,19,0
2025-10-23,Fried Rice,Thursday,0,10,0,0,30.4,26.7,160,70,55,15,0
2025-10-23,Idli,Thursday,0,10,0,0,30.4,26.7,50,109,92,17,0
2025-10-23,Lassi,Thursday,0,10,0,0,30.4,26.7,60,56,37,19,0
2025-10-23,Meals,Thursday,0,10,0,0,30.4,26.7,140,97,74,23,0
2025-10-23,Parotta,Thursday,0,10,0,0,30.4,26.7,40,91,66,25,0
2025-10-23,Veg Noodles,Thursday,0,10,0,0,30.4,26.7,120,44,35,9,0
2025-10-24,Biryani,Friday,0,10,0,0,30.0,0.0,220,136,124,12,0
2025-10-24,Chicken Curry,Friday,0,10,0,0,30.0,0.0,190,55,38,17,0
2025-10-24,Dosa,Friday,0,10,0,0,30.0,0.0,70,98,79,19,0
2025-10-24,Filter Coffee,Friday,0,10,0,0,30.0,0.0,30,121,121,0,0
2025-10-24,Fried Rice,Friday,0,10,0,0,30.0,0.0,160,74,60,14,0
2025-10-24,Idli,Friday,0,10,0,0,30.0,0.0,50,123,94,29,0
2025-10-24,Lassi,Friday,0,10,0,0,30.0,0.0,60,64,51,13,0
2025-10-24,Meals,Friday,0,10,0,0,30.0,0.0,140,110,85,25,0
2025-10-24,Parotta,Friday,0,10,0,0,30.0,0.0,40,82,76,6,0
2025-10-24,Veg Noodles,Friday,0,10,0,0,30.0,0.0,120,43,34,9,0
2025-10-25,Biryani,Saturday,1,10,0,0,29.2,0.0,220,156,132,24,0
2025-10-25,Chicken Curry,Saturday,1,10,0,0,29.2,0.0,190,54,44,10,0
2025-10-25,Dosa,Saturday,1,10,0,0,29.2,0.0,70,87,76,11,0
2025-10-25,Filter Coffee,Saturday,1,10,0,0,29.2,0.0,30,143,109,34,0
2025-10-25,Fried Rice,Saturday,1,10,0,0,29.2,0.0,160,67,60,7,0
2025-10-25,Idli,Saturday,1,10,0,0,29.2,0.0,50,112,83,29,0
2025-10-25,Lassi,Saturday,1,10,0,0,29.2,0.0,60,59,52,7,0
2025-10-25,Meals,Saturday,1,10,0,0,29.2,0.0,140,106,96,10,0
2025-10-25,Parotta,Saturday,1,10,0,0,29.2,0.0,40,95,77,18,0
2025-10-25,Veg Noodles,Saturday,1,10,0,0,29.2,0.0,120,42,38,4,0
2025-10-26,Biryani,Sunday,1,10,0,0,26.6,0.0,220,180,134,46,0
2025-10-26,Chicken Curry,Sunday,1,10,0,0,26.6,0.0,190,54,48,6,0
2025-10-26,Dosa,Sunday,1,10,0,0,26.6,0.0,70,115,91,24,0
2025-10-26,Filter Coffee,Sunday,1,10,0,0,26.6,0.0,30,138,109,29,0
2025-10-26,Fried Rice,Sunday,1,10,0,0,26.6,0.0,160,77,64,13,0
2025-10-26,Idli,Sunday,1,10,0,0,26.6,0.0,50,113,81,32,0
2025-10-26,Lassi,Sunday,1,10,0,0,26.6,0.0,60,61,45,16,0
2025-10-26,Meals,Sunday,1,10,0,0,26.6,0.0,140,95,85,10,0
2025-10-26,Parotta,Sunday,1,10,0,0,26.6,0.0,40,109,84,25,0
2025-10-26,Veg Noodles,Sunday,1,10,0,0,26.6,0.0,120,55,44,11,0
2025-10-27,Biryani,Monday,0,10,0,0,28.7,0.0,220,132,114,18,0
2025-10-27,Chicken Curry,Monday,0,10,0,0,28.7,0.0,190,50,36,14,0
2025-10-27,Dosa,Monday,0,10,0,0,28.7,0.0,70,103,64,39,0
2025-10-27,Filter Coffee,Monday,0,10,0,0,28.7,0.0,30,117,96,21,0
2025-10-27,Fried Rice,Monday,0,10,0,0,28.7,0.0,160,70,60,10,0
2025-10-27,Idli,Monday,0,10,0,0,28.7,0.0,50,111,104,7,0
2025-10-27,Lassi,Monday,0,10,0,0,28.7,0.0,60,59,42,17,0
2025-10-27,Meals,Monday,0,10,0,0,28.7,0.0,140,99,86,13,0
2025-10-27,Parotta,Monday,0,10,0,0,28.7,0.0,40,89,66,23,0
2025-10-27,Veg Noodles,Monday,0,10,0,0,28.7,0.0,120,39,31,8,0
2025-10-28,Biryani,Tuesday,0,10,0,0,28.4,10.8,220,159,119,40,0
2025-10-28,Chicken Curry,Tuesday,0,10,0,0,28.4,10.8,190,47,34,13,0
2025-10-28,Dosa,Tuesday,0,10,0,0,28.4,10.8,70,88,79,9,0
2025-10-28,Filter Coffee,Tuesday,0,10,0,0,28.4,10.8,30,118,109,9,0
2025-10-28,Fried Rice,Tuesday,0,10,0,0,28.4,10.8,160,62,41,21,0
2025-10-28,Idli,Tuesday,0,10,0,0,28.4,10.8,50,111,80,31,0
2025-10-28,Lassi,Tuesday,0,10,0,0,28.4,10.8,60,64,32,32,0
2025-10-28,Meals,Tuesday,0,10,0,0,28.4,10.8,140,90,85,5,0
2025-10-28,Parotta,Tuesday,0,10,0,0,28.4,10.8,40,79,67,12,0
2025-10-28,Veg Noodles,Tuesday,0,10,0,0,28.4,10.8,120,41,39,2,0
2025-10-29,Biryani,Wednesday,0,10,0,0,28.0,0.0,220,160,116,44,0
2025-10-29,Chicken Curry,Wednesday,0,10,0,0,28.0,0.0,190,47,37,10,0
2025-10-29,Dosa,Wednesday,0,10,0,0,28.0,0.0,70,94,73,21,0
2025-10-29,Filter Coffee,Wednesday,0,10,0,0,28.0,0.0,30,130,95,35,0
2025-10-29,Fried Rice,Wednesday,0,10,0,0,28.0,0.0,160,57,49,8,0
2025-10-29,Idli,Wednesday,0,10,0,0,28.0,0.0,50,100,99,1,0
2025-10-29,Lassi,Wednesday,0,10,0,0,28.0,0.0,60,52,38,14,0
2025-10-29,Meals,Wednesday,0,10,0,0,28.0,0.0,140,98,75,23,0
2025-10-29,Parotta,Wednesday,0,10,0,0,28.0,0.0,40,92,72,20,0
2025-10-29,Veg Noodles,Wednesday,0,10,0,0,28.0,0.0,120,47,32,15,0
2025-10-30,Biryani,Thursday,0,10,0,0,28.9,0.0,220,138,113,25,0
2025-10-30,Chicken Curry,Thursday,0,10,0,0,28.9,0.0,190,55,38,17,0
2025-10-30,Dosa,Thursday,0,10,0,0,28.9,0.0,70,99,67,32,0
2025-10-30,Filter Coffee,Thursday,0,10,0,0,28.9,0.0,30,116,109,7,0
2025-10-30,Fried Rice,Thursday,0,10,0,0,28.9,0.0,160,61,54,7,0
2025-10-30,Idli,Thursday,0,10,0,0,28.9,0.0,50,115,102,13,0
2025-10-30,Lassi,Thursday,0,10,0,0,28.9,0.0,60,60,45,15,0
2025-10-30,Meals,Thursday,0,10,0,0,28.9,0.0,140,98,78,20,0
2025-10-30,Parotta,Thursday,0,10,0,0,28.9,0.0,40,84,72,12,0
2025-10-30,Veg Noodles,Thursday,0,10,0,0,28.9,0.0,120,44,36,8,0
2025-10-31,Biryani,Friday,0,10,0,0,28.1,10.4,220,160,110,50,0
2025-10-31,Chicken Curry,Friday,0,10,0,0,28.1,10.4,190,48,37,11,0
2025-10-31,Dosa,Friday,0,10,0,0,28.1,10.4,70,105,88,17,0
2025-10-31,Filter Coffee,Friday,0,10,0,0,28.1,10.4,30,143,115,28,0
2025-10-31,Fried Rice,Friday,0,10,0,0,28.1,10.4,160,63,51,12,0
2025-10-31,Idli,Friday,0,10,0,0,28.1,10.4,50,120,96,24,0
2025-10-31,Lassi,Friday,0,10,0,0,28.1,10.4,60,59,46,13,0
2025-10-31,Meals,Friday,0,10,0,0,28.1,10.4,140,105,72,33,0
2025-10-31,Parotta,Friday,0,10,0,0,28.1,10.4,40,78,78,0,1
2025-10-31,Veg Noodles,Friday,0,10,0,0,28.1,10.4,120,42,35,7,0
2025-11-01,Biryani,Saturday,1,11,0,0,28.2,0.0,220,164,142,22,0
2025-11-01,Chicken Curry,Saturday,1,11,0,0,28.2,0.0,190,63,45,18,0
2025-11-01,Dosa,Saturday,1,11,0,0,28.2,0.0,70,101,90,11,0
2025-11-01,Filter Coffee,Saturday,1,11,0,0,28.2,0.0,30,133,102,31,0
2025-11-01,Fried Rice,Saturday,1,11,0,0,28.2,0.0,160,79,62,17,0
2025-11-01,Idli,Saturday,1,11,0,0,28.2,0.0,50,122,84,38,0
2025-11-01,Lassi,Saturday,1,11,0,0,28.2,0.0,60,60,48,12,0
2025-11-01,Meals,Saturday,1,11,0,0,28.2,0.0,140,105,80,25,0
2025-11-01,Parotta,Saturday,1,11,0,0,28.2,0.0,40,94,75,19,0
2025-11-01,Veg Noodles,Saturday,1,11,0,0,28.2,0.0,120,52,37,15,0
2025-11-02,Biryani,Sunday,1,11,0,0,28.0,0.0,220,167,113,54,0
2025-11-02,Chicken Curry,Sunday,1,11,0,0,28.0,0.0,190,62,53,9,0
2025-11-02,Dosa,Sunday,1,11,0,0,28.0,0.0,70,90,68,22,0
2025-11-02,Filter Coffee,Sunday,1,11,0,0,28.0,0.0,30,115,115,0,1
2025-11-02,Fried Rice,Sunday,1,11,0,0,28.0,0.0,160,76,60,16,0
2025-11-02,Idli,Sunday,1,11,0,0,28.0,0.0,50,117,94,23,0
2025-11-02,Lassi,Sunday,1,11,0,0,28.0,0.0,60,69,47,22,0
2025-11-02,Meals,Sunday,1,11,0,0,28.0,0.0,140,116,79,37,0
2025-11-02,Parotta,Sunday,1,11,0,0,28.0,0.0,40,107,77,30,0
2025-11-02,Veg Noodles,Sunday,1,11,0,0,28.0,0.0,120,50,35,15,0
2025-11-03,Biryani,Monday,0,11,0,0,27.6,0.0,220,137,116,21,0
2025-11-03,Chicken Curry,Monday,0,11,0,0,27.6,0.0,190,54,42,12,0
2025-11-03,Dosa,Monday,0,11,0,0,27.6,0.0,70,97,74,23,0
2025-11-03,Filter Coffee,Monday,0,11,0,0,27.6,0.0,30,127,117,10,0
2025-11-03,Fried Rice,Monday,0,11,0,0,27.6,0.0,160,67,51,16,0
2025-11-03,Idli,Monday,0,11,0,0,27.6,0.0,50,103,88,15,0
2025-11-03,Lassi,Monday,0,11,0,0,27.6,0.0,60,58,48,10,0
2025-11-03,Meals,Monday,0,11,0,0,27.6,0.0,140,88,76,12,0
2025-11-03,Parotta,Monday,0,11,0,0,27.6,0.0,40,84,55,29,0
2025-11-03,Veg Noodles,Monday,0,11,0,0,27.6,0.0,120,38,36,2,0
2025-11-04,Biryani,Tuesday,0,11,0,0,24.9,0.0,220,133,133,0,1
2025-11-04,Chicken Curry,Tuesday,0,11,0,0,24.9,0.0,190,47,39,8,0
2025-11-04,Dosa,Tuesday,0,11,0,0,24.9,0.0,70,83,77,6,0
2025-11-04,Filter Coffee,Tuesday,0,11,0,0,24.9,0.0,30,120,109,11,0
2025-11-04,Fried Rice,Tuesday,0,11,0,0,24.9,0.0,160,72,50,22,0
2025-11-04,Idli,Tuesday,0,11,0,0,24.9,0.0,50,128,86,42,0
2025-11-04,Lassi,Tuesday,0,11,0,0,24.9,0.0,60,61,41,20,0
2025-11-04,Meals,Tuesday,0,11,0,0,24.9,0.0,140,107,74,33,0
2025-11-04,Parotta,Tuesday,0,11,0,0,24.9,0.0,40,91,59,32,0
2025-11-04,Veg Noodles,Tuesday,0,11,0,0,24.9,0.0,120,38,31,7,0
2025-11-05,Biryani,Wednesday,0,11,0,0,27.1,0.0,220,137,100,37,0
2025-11-05,Chicken Curry,Wednesday,0,11,0,0,27.1,0.0,190,52,34,18,0
2025-11-05,Dosa,Wednesday,0,11,0,0,27.1,0.0,70,97,76,21,0
2025-11-05,Filter Coffee,Wednesday,0,11,0,0,27.1,0.0,30,128,110,18,0
2025-11-05,Fried Rice,Wednesday,0,11,0,0,27.1,0.0,160,61,49,12,0
2025-11-05,Idli,Wednesday,0,11,0,0,27.1,0.0,50,104,87,17,0
2025-11-05,Lassi,Wednesday,0,11,0,0,27.1,0.0,60,61,39,22,0
2025-11-05,Meals,Wednesday,0,11,0,0,27.1,0.0,140,88,77,11,0
2025-11-05,Parotta,Wednesday,0,11,0,0,27.1,0.0,40,90,65,25,0
2025-11-05,Veg Noodles,Wednesday,0,11,0,0,27.1,0.0,120,48,30,18,0
2025-11-06,Biryani,Thursday,0,11,0,0,26.3,0.0,220,133,111,22,0
2025-11-06,Chicken Curry,Thursday,0,11,0,0,26.3,0.0,190,51,42,9,0
2025-11-06,Dosa,Thursday,0,11,0,0,26.3,0.0,70,95,82,13,0
2025-11-06,Filter Coffee,Thursday,0,11,0,0,26.3,0.0,30,121,101,20,0
2025-11-06,Fried Rice,Thursday,0,11,0,0,26.3,0.0,160,68,49,19,0
2025-11-06,Idli,Thursday,0,11,0,0,26.3,0.0,50,101,86,15,0
2025-11-06,Lassi,Thursday,0,11,0,0,26.3,0.0,60,64,47,17,0
2025-11-06,Meals,Thursday,0,11,0,0,26.3,0.0,140,95,82,13,0
2025-11-06,Parotta,Thursday,0,11,0,0,26.3,0.0,40,85,62,23,0
2025-11-06,Veg Noodles,Thursday,0,11,0,0,26.3,0.0,120,41,37,4,0
2025-11-07,Biryani,Friday,0,11,0,0,25.3,10.6,220,138,119,19,0
2025-11-07,Chicken Curry,Friday,0,11,0,0,25.3,10.6,190,58,43,15,0
2025-11-07,Dosa,Friday,0,11,0,0,25.3,10.6,70,98,84,14,0
2025-11-07,Filter Coffee,Friday,0,11,0,0,25.3,10.6,30,139,109,30,0
2025-11-07,Fried Rice,Friday,0,11,0,0,25.3,10.6,160,59,54,5,0
2025-11-07,Idli,Friday,0,11,0,0,25.3,10.6,50,120,84,36,0
2025-11-07,Lassi,Friday,0,11,0,0,25.3,10.6,60,63,35,28,0
2025-11-07,Meals,Friday,0,11,0,0,25.3,10.6,140,111,79,32,0
2025-11-07,Parotta,Friday,0,11,0,0,25.3,10.6,40,85,76,9,0
2025-11-07,Veg Noodles,Friday,0,11,0,0,25.3,10.6,120,48,40,8,0
2025-11-08,Biryani,Saturday,1,11,0,0,28.8,13.1,220,156,124,32,0
2025-11-08,Chicken Curry,Saturday,1,11,0,0,28.8,13.1,190,53,47,6,0
2025-11-08,Dosa,Saturday,1,11,0,0,28.8,13.1,70,91,80,11,0
2025-11-08,Filter Coffee,Saturday,1,11,0,0,28.8,13.1,30,136,99,37,0
2025-11-08,Fried Rice,Saturday,1,11,0,0,28.8,13.1,160,65,52,13,0
2025-11-08,Idli,Saturday,1,11,0,0,28.8,13.1,50,121,96,25,0
2025-11-08,Lassi,Saturday,1,11,0,0,28.8,13.1,60,55,40,15,0
2025-11-08,Meals,Saturday,1,11,0,0,28.8,13.1,140,109,70,39,0
2025-11-08,Parotta,Saturday,1,11,0,0,28.8,13.1,40,99,68,31,0
2025-11-08,Veg Noodles,Saturday,1,11,0,0,28.8,13.1,120,42,34,8,0
2025-11-09,Biryani,Sunday,1,11,0,0,28.8,14.2,220,202,152,50,0
2025-11-09,Chicken Curry,Sunday,1,11,0,0,28.8,14.2,190,57,57,0,0
2025-11-09,Dosa,Sunday,1,11,0,0,28.8,14.2,70,102,98,4,0
2025-11-09,Filter Coffee,Sunday,1,11,0,0,28.8,14.2,30,142,104,38,0
2025-11-09,Fried Rice,Sunday,1,11,0,0,28.8,14.2,160,70,64,6,0
2025-11-09,Idli,Sunday,1,11,0,0,28.8,14.2,50,119,81,38,0
2025-11-09,Lassi,Sunday,1,11,0,0,28.8,14.2,60,69,45,24,0
2025-11-09,Meals,Sunday,1,11,0,0,28.8,14.2,140,98,79,19,0
2025-11-09,Parotta,Sunday,1,11,0,0,28.8,14.2,40,96,77,19,0
2025-11-09,Veg Noodles,Sunday,1,11,0,0,28.8,14.2,120,45,42,3,0
2025-11-10,Biryani,Monday,0,11,0,0,28.3,0.0,220,128,117,11,0
2025-11-10,Chicken Curry,Monday,0,11,0,0,28.3,0.0,190,56,37,19,0
2025-11-10,Dosa,Monday,0,11,0,0,28.3,0.0,70,96,78,18,0
2025-11-10,Filter Coffee,Monday,0,11,0,0,28.3,0.0,30,119,102,17,0
2025-11-10,Fried Rice,Monday,0,11,0,0,28.3,0.0,160,61,53,8,0
2025-11-10,Idli,Monday,0,11,0,0,28.3,0.0,50,124,89,35,0
2025-11-10,Lassi,Monday,0,11,0,0,28.3,0.0,60,59,40,19,0
2025-11-10,Meals,Monday,0,11,0,0,28.3,0.0,140,100,69,31,0
2025-11-10,Parotta,Monday,0,11,0,0,28.3,0.0,40,79,65,14,0
2025-11-10,Veg Noodles,Monday,0,11,0,0,28.3,0.0,120,47,36,11,0
2025-11-11,Biryani,Tuesday,0,11,0,0,26.9,7.8,220,137,113,24,0
2025-11-11,Chicken Curry,Tuesday,0,11,0,0,26.9,7.8,190,45,32,13,0
2025-11-11,Dosa,Tuesday,0,11,0,0,26.9,7.8,70,88,72,16,0
2025-11-11,Filter Coffee,Tuesday,0,11,0,0,26.9,7.8,30,125,95,30,0
2025-11-11,Fried Rice,Tuesday,0,11,0,0,26.9,7.8,160,63,55,8,0
2025-11-11,Idli,Tuesday,0,11,0,0,26.9,7.8,50,106,82,24,0
2025-11-11,Lassi,Tuesday,0,11,0,0,26.9,7.8,60,51,38,13,0
2025-11-11,Meals,Tuesday,0,11,0,0,26.9,7.8,140,106,80,26,0
2025-11-11,Parotta,Tuesday,0,11,0,0,26.9,7.8,40,82,75,7,0
2025-11-11,Veg Noodles,Tuesday,0,11,0,0,26.9,7.8,120,48,33,15,0
2025-11-12,Biryani,Wednesday,0,11,0,0,28.2,1.0,220,144,120,24,0
2025-11-12,Chicken Curry,Wednesday,0,11,0,0,28.2,1.0,190,52,36,16,0
2025-11-12,Dosa,Wednesday,0,11,0,0,28.2,1.0,70,86,70,16,0
2025-11-12,Filter Coffee,Wednesday,0,11,0,0,28.2,1.0,30,138,108,30,0
2025-11-12,Fried Rice,Wednesday,0,11,0,0,28.2,1.0,160,64,46,18,0
2025-11-12,Idli,Wednesday,0,11,0,0,28.2,1.0,50,105,90,15,0
2025-11-12,Lassi,Wednesday,0,11,0,0,28.2,1.0,60,59,45,14,0
2025-11-12,Meals,Wednesday,0,11,0,0,28.2,1.0,140,111,82,29,0
2025-11-12,Parotta,Wednesday,0,11,0,0,28.2,1.0,40,94,64,30,0
2025-11-12,Veg Noodles,Wednesday,0,11,0,0,28.2,1.0,120,38,37,1,0
2025-11-13,Biryani,Thursday,0,11,0,0,26.5,0.0,220,138,114,24,0
2025-11-13,Chicken Curry,Thursday,0,11,0,0,26.5,0.0,190,45,41,4,0
2025-11-13,Dosa,Thursday,0,11,0,0,26.5,0.0,70,87,81,6,0
2025-11-13,Filter Coffee,Thursday,0,11,0,0,26.5,0.0,30,125,115,10,0
2025-11-13,Fried Rice,Thursday,0,11,0,0,26.5,0.0,160,60,44,16,0
2025-11-13,Idli,Thursday,0,11,0,0,26.5,0.0,50,102,82,20,0
2025-11-13,Lassi,Thursday,0,11,0,0,26.5,0.0,60,61,40,21,0
2025-11-13,Meals,Thursday,0,11,0,0,26.5,0.0,140,103,80,23,0
2025-11-13,Parotta,Thursday,0,11,0,0,26.5,0.0,40,81,70,11,0
2025-11-13,Veg Noodles,Thursday,0,11,0,0,26.5,0.0,120,39,34,5,0
2025-11-14,Biryani,Friday,0,11,0,0,26.7,8.7,220,153,153,0,0
2025-11-14,Chicken Curry,Friday,0,11,0,0,26.7,8.7,190,47,42,5,0
2025-11-14,Dosa,Friday,0,11,0,0,26.7,8.7,70,104,71,33,0
2025-11-14,Filter Coffee,Friday,0,11,0,0,26.7,8.7,30,125,109,16,0
2025-11-14,Fried Rice,Friday,0,11,0,0,26.7,8.7,160,60,53,7,0
2025-11-14,Idli,Friday,0,11,0,0,26.7,8.7,50,115,82,33,0
2025-11-14,Lassi,Friday,0,11,0,0,26.7,8.7,60,54,40,14,0
2025-11-14,Meals,Friday,0,11,0,0,26.7,8.7,140,90,75,15,0
2025-11-14,Parotta,Friday,0,11,0,0,26.7,8.7,40,83,72,11,0
2025-11-14,Veg Noodles,Friday,0,11,0,0,26.7,8.7,120,47,36,11,0
2025-11-15,Biryani,Saturday,1,11,0,0,25.0,0.0,220,149,136,13,0
2025-11-15,Chicken Curry,Saturday,1,11,0,0,25.0,0.0,190,59,41,18,0
2025-11-15,Dosa,Saturday,1,11,0,0,25.0,0.0,70,98,75,23,0
2025-11-15,Filter Coffee,Saturday,1,11,0,0,25.0,0.0,30,144,87,57,0
2025-11-15,Fried Rice,Saturday,1,11,0,0,25.0,0.0,160,75,72,3,0
2025-11-15,Idli,Saturday,1,11,0,0,25.0,0.0,50,109,86,23,0
2025-11-15,Lassi,Saturday,1,11,0,0,25.0,0.0,60,61,41,20,0
2025-11-15,Meals,Saturday,1,11,0,0,25.0,0.0,140,104,84,20,0
2025-11-15,Parotta,Saturday,1,11,0,0,25.0,0.0,40,86,80,6,0
2025-11-15,Veg Noodles,Saturday,1,11,0,0,25.0,0.0,120,47,34,13,0
2025-11-16,Biryani,Sunday,1,11,0,0,26.8,7.7,220,191,146,45,0
2025-11-16,Chicken Curry,Sunday,1,11,0,0,26.8,7.7,190,63,44,19,0
2025-11-16,Dosa,Sunday,1,11,0,0,26.8,7.7,70,107,80,27,0
2025-11-16,Filter Coffee,Sunday,1,11,0,0,26.8,7.7,30,137,106,31,0
2025-11-16,Fried Rice,Sunday,1,11,0,0,26.8,7.7,160,68,67,1,0
2025-11-16,Idli,Sunday,1,11,0,0,26.8,7.7,50,97,93,4,0
2025-11-16,Lassi,Sunday,1,11,0,0,26.8,7.7,60,65,37,28,0
2025-11-16,Meals,Sunday,1,11,0,0,26.8,7.7,140,97,81,16,0
2025-11-16,Parotta,Sunday,1,11,0,0,26.8,7.7,40,88,85,3,0
2025-11-16,Veg Noodles,Sunday,1,11,0,0,26.8,7.7,120,48,35,13,0
2025-11-17,Biryani,Monday,0,11,0,0,26.3,0.9,220,145,99,46,0
2025-11-17,Chicken Curry,Monday,0,11,0,0,26.3,0.9,190,51,38,13,0
2025-11-17,Dosa,Monday,0,11,0,0,26.3,0.9,70,93,75,18,0
2025-11-17,Filter Coffee,Monday,0,11,0,0,26.3,0.9,30,140,95,45,0
2025-11-17,Fried Rice,Monday,0,11,0,0,26.3,0.9,160,69,49,20,0
2025-11-17,Idli,Monday,0,11,0,0,26.3,0.9,50,113,94,19,0
2025-11-17,Lassi,Monday,0,11,0,0,26.3,0.9,60,56,35,21,0
2025-11-17,Meals,Monday,0,11,0,0,26.3,0.9,140,89,72,17,0
2025-11-17,Parotta,Monday,0,11,0,0,26.3,0.9,40,96,67,29,0
2025-11-17,Veg Noodles,Monday,0,11,0,0,26.3,0.9,120,40,37,3,0
2025-11-18,Biryani,Tuesday,0,11,0,0,24.6,0.0,220,149,110,39,0
2025-11-18,Chicken Curry,Tuesday,0,11,0,0,24.6,0.0,190,50,36,14,0
2025-11-18,Dosa,Tuesday,0,11,0,0,24.6,0.0,70,101,72,29,0
2025-11-18,Filter Coffee,Tuesday,0,11,0,0,24.6,0.0,30,126,103,23,0
2025-11-18,Fried Rice,Tuesday,0,11,0,0,24.6,0.0,160,71,53,18,0
2025-11-18,Idli,Tuesday,0,11,0,0,24.6,0.0,50,116,95,21,0
2025-11-18,Lassi,Tuesday,0,11,0,0,24.6,0.0,60,63,36,27,0
2025-11-18,Meals,Tuesday,0,11,0,0,24.6,0.0,140,103,84,19,0
2025-11-18,Parotta,Tuesday,0,11,0,0,24.6,0.0,40,87,59,28,0
2025-11-18,Veg Noodles,Tuesday,0,11,0,0,24.6,0.0,120,48,36,12,0
2025-11-19,Biryani,Wednesday,0,11,0,0,26.0,2.4,220,145,124,21,0
2025-11-19,Chicken Curry,Wednesday,0,11,0,0,26.0,2.4,190,53,41,12,0
2025-11-19,Dosa,Wednesday,0,11,0,0,26.0,2.4,70,93,66,27,0
2025-11-19,Filter Coffee,Wednesday,0,11,0,0,26.0,2.4,30,132,121,11,0
2025-11-19,Fried Rice,Wednesday,0,11,0,0,26.0,2.4,160,68,54,14,0
2025-11-19,Idli,Wednesday,0,11,0,0,26.0,2.4,50,121,90,31,0
2025-11-19,Lassi,Wednesday,0,11,0,0,26.0,2.4,60,53,37,16,0
2025-11-19,Meals,Wednesday,0,11,0,0,26.0,2.4,140,107,84,23,0
2025-11-19,Parotta,Wednesday,0,11,0,0,26.0,2.4,40,91,67,24,0
2025-11-19,Veg Noodles,Wednesday,0,11,0,0,26.0,2.4,120,39,34,5,0
2025-11-20,Biryani,Thursday,0,11,0,0,26.0,15.5,220,141,99,42,0
2025-11-20,Chicken Curry,Thursday,0,11,0,0,26.0,15.5,190,56,39,17,0
2025-11-20,Dosa,Thursday,0,11,0,0,26.0,15.5,70,84,82,2,0
2025-11-20,Filter Coffee,Thursday,0,11,0,0,26.0,15.5,30,127,93,34,0
2025-11-20,Fried Rice,Thursday,0,11,0,0,26.0,15.5,160,66,45,21,0
2025-11-20,Idli,Thursday,0,11,0,0,26.0,15.5,50,112,91,21,0
2025-11-20,Lassi,Thursday,0,11,0,0,26.0,15.5,60,61,37,24,0
2025-11-20,Meals,Thursday,0,11,0,0,26.0,15.5,140,89,85,4,0
2025-11-20,Parotta,Thursday,0,11,0,0,26.0,15.5,40,92,70,22,0
2025-11-20,Veg Noodles,Thursday,0,11,0,0,26.0,15.5,120,40,39,1,0
2025-11-21,Biryani,Friday,0,11,0,0,28.2,4.6,220,147,100,47,0
2025-11-21,Chicken Curry,Friday,0,11,0,0,28.2,4.6,190,50,40,10,0
2025-11-21,Dosa,Friday,0,11,0,0,28.2,4.6,70,88,73,15,0
2025-11-21,Filter Coffee,Friday,0,11,0,0,28.2,4.6,30,127,99,28,0
2025-11-21,Fried Rice,Friday,0,11,0,0,28.2,4.6,160,70,59,11,0
2025-11-21,Idli,Friday,0,11,0,0,28.2,4.6,50,108,95,13,0
2025-11-21,Lassi,Friday,0,11,0,0,28.2,4.6,60,63,48,15,0
2025-11-21,Meals,Friday,0,11,0,0,28.2,4.6,140,109,76,33,0
2025-11-21,Parotta,Friday,0,11,0,0,28.2,4.6,40,86,72,14,0
2025-11-21,Veg Noodles,Friday,0,11,0,0,28.2,4.6,120,43,41,2,0
2025-11-22,Biryani,Saturday,1,11,0,0,27.0,0.0,220,157,134,23,0
2025-11-22,Chicken Curry,Saturday,1,11,0,0,27.0,0.0,190,55,42,13,0
2025-11-22,Dosa,Saturday,1,11,0,0,27.0,0.0,70,87,87,0,1
2025-11-22,Filter Coffee,Saturday,1,11,0,0,27.0,0.0,30,117,112,5,0
2025-11-22,Fried Rice,Saturday,1,11,0,0,27.0,0.0,160,75,56,19,0
2025-11-22,Idli,Saturday,1,11,0,0,27.0,0.0,50,114,83,31,0
2025-11-22,Lassi,Saturday,1,11,0,0,27.0,0.0,60,61,44,17,0
2025-11-22,Meals,Saturday,1,11,0,0,27.0,0.0,140,110,90,20,0
2025-11-22,Parotta,Saturday,1,11,0,0,27.0,0.0,40,101,70,31,0
2025-11-22,Veg Noodles,Saturday,1,11,0,0,27.0,0.0,120,43,39,4,0
2025-11-23,Biryani,Sunday,1,11,0,0,25.9,6.6,220,184,162,22,0
2025-11-23,Chicken Curry,Sunday,1,11,0,0,25.9,6.6,190,59,50,9,0
2025-11-23,Dosa,Sunday,1,11,0,0,25.9,6.6,70,111,83,28,0
2025-11-23,Filter Coffee,Sunday,1,11,0,0,25.9,6.6,30,140,103,37,0
2025-11-23,Fried Rice,Sunday,1,11,0,0,25.9,6.6,160,85,60,25,0
2025-11-23,Idli,Sunday,1,11,0,0,25.9,6.6,50,112,92,20,0
2025-11-23,Lassi,Sunday,1,11,0,0,25.9,6.6,60,65,39,26,0
2025-11-23,Meals,Sunday,1,11,0,0,25.9,6.6,140,113,81,32,0
2025-11-23,Parotta,Sunday,1,11,0,0,25.9,6.6,40,111,87,24,0
2025-11-23,Veg Noodles,Sunday,1,11,0,0,25.9,6.6,120,50,35,15,0
2025-11-24,Biryani,Monday,0,11,0,0,26.1,0.0,220,126,114,12,0
2025-11-24,Chicken Curry,Monday,0,11,0,0,26.1,0.0,190,53,40,13,0
2025-11-24,Dosa,Monday,0,11,0,0,26.1,0.0,70,97,81,16,0
2025-11-24,Filter Coffee,Monday,0,11,0,0,26.1,0.0,30,125,100,25,0
2025-11-24,Fried Rice,Monday,0,11,0,0,26.1,0.0,160,72,51,21,0
2025-11-24,Idli,Monday,0,11,0,0,26.1,0.0,50,108,100,8,0
2025-11-24,Lassi,Monday,0,11,0,0,26.1,0.0,60,52,37,15,0
2025-11-24,Meals,Monday,0,11,0,0,26.1,0.0,140,94,83,11,0
2025-11-24,Parotta,Monday,0,11,0,0,26.1,0.0,40,91,68,23,0
2025-11-24,Veg Noodles,Monday,0,11,0,0,26.1,0.0,120,41,34,7,0
2025-11-25,Biryani,Tuesday,0,11,0,0,25.8,0.0,220,137,111,26,0
2025-11-25,Chicken Curry,Tuesday,0,11,0,0,25.8,0.0,190,48,40,8,0
2025-11-25,Dosa,Tuesday,0,11,0,0,25.8,0.0,70,99,77,22,0
2025-11-25,Filter Coffee,Tuesday,0,11,0,0,25.8,0.0,30,131,126,5,0
2025-11-25,Fried Rice,Tuesday,0,11,0,0,25.8,0.0,160,63,56,7,0
2025-11-25,Idli,Tuesday,0,11,0,0,25.8,0.0,50,101,85,16,0
2025-11-25,Lassi,Tuesday,0,11,0,0,25.8,0.0,60,53,45,8,0
2025-11-25,Meals,Tuesday,0,11,0,0,25.8,0.0,140,98,76,22,0
2025-11-25,Parotta,Tuesday,0,11,0,0,25.8,0.0,40,90,63,27,0
2025-11-25,Veg Noodles,Tuesday,0,11,0,0,25.8,0.0,120,44,32,12,0
2025-11-26,Biryani,Wednesday,0,11,0,0,25.5,0.0,220,150,99,51,0
2025-11-26,Chicken Curry,Wednesday,0,11,0,0,25.5,0.0,190,52,40,12,0
2025-11-26,Dosa,Wednesday,0,11,0,0,25.5,0.0,70,98,81,17,0
2025-11-26,Filter Coffee,Wednesday,0,11,0,0,25.5,0.0,30,140,111,29,0
2025-11-26,Fried Rice,Wednesday,0,11,0,0,25.5,0.0,160,66,48,18,0
2025-11-26,Idli,Wednesday,0,11,0,0,25.5,0.0,50,127,86,41,0
2025-11-26,Lassi,Wednesday,0,11,0,0,25.5,0.0,60,58,44,14,0
2025-11-26,Meals,Wednesday,0,11,0,0,25.5,0.0,140,91,78,13,0
2025-11-26,Parotta,Wednesday,0,11,0,0,25.5,0.0,40,84,65,19,0
2025-11-26,Veg Noodles,Wednesday,0,11,0,0,25.5,0.0,120,42,34,8,0
2025-11-27,Biryani,Thursday,0,11,0,0,24.4,4.4,220,129,118,11,0
2025-11-27,Chicken Curry,Thursday,0,11,0,0,24.4,4.4,190,49,40,9,0
2025-11-27,Dosa,Thursday,0,11,0,0,24.4,4.4,70,101,77,24,0
2025-11-27,Filter Coffee,Thursday,0,11,0,0,24.4,4.4,30,138,120,18,0
2025-11-27,Fried Rice,Thursday,0,11,0,0,24.4,4.4,160,69,45,24,0
2025-11-27,Idli,Thursday,0,11,0,0,24.4,4.4,50,122,88,34,0
2025-11-27,Lassi,Thursday,0,11,0,0,24.4,4.4,60,53,38,15,0
2025-11-27,Meals,Thursday,0,11,0,0,24.4,4.4,140,94,65,29,0
2025-11-27,Parotta,Thursday,0,11,0,0,24.4,4.4,40,93,80,13,0
2025-11-27,Veg Noodles,Thursday,0,11,0,0,24.4,4.4,120,39,32,7,0
2025-11-28,Biryani,Friday,0,11,0,0,25.4,0.0,220,136,129,7,0
2025-11-28,Chicken Curry,Friday,0,11,0,0,25.4,0.0,190,54,39,15,0
2025-11-28,Dosa,Friday,0,11,0,0,25.4,0.0,70,107,77,30,0
2025-11-28,Filter Coffee,Friday,0,11,0,0,25.4,0.0,30,119,112,7,0
2025-11-28,Fried Rice,Friday,0,11,0,0,25.4,0.0,160,59,55,4,0
2025-11-28,Idli,Friday,0,11,0,0,25.4,0.0,50,105,79,26,0
2025-11-28,Lassi,Friday,0,11,0,0,25.4,0.0,60,64,35,29,0
2025-11-28,Meals,Friday,0,11,0,0,25.4,0.0,140,97,78,19,0
2025-11-28,Parotta,Friday,0,11,0,0,25.4,0.0,40,80,74,6,0
2025-11-28,Veg Noodles,Friday,0,11,0,0,25.4,0.0,120,49,32,17,0
2025-11-29,Biryani,Saturday,1,11,0,0,24.7,0.0,220,175,117,58,0
2025-11-29,Chicken Curry,Saturday,1,11,0,0,24.7,0.0,190,62,43,19,0
2025-11-29,Dosa,Saturday,1,11,0,0,24.7,0.0,70,103,85,18,0
2025-11-29,Filter Coffee,Saturday,1,11,0,0,24.7,0.0,30,133,110,23,0
2025-11-29,Fried Rice,Saturday,1,11,0,0,24.7,0.0,160,73,49,24,0
2025-11-29,Idli,Saturday,1,11,0,0,24.7,0.0,50,112,84,28,0
2025-11-29,Lassi,Saturday,1,11,0,0,24.7,0.0,60,64,42,22,0
2025-11-29,Meals,Saturday,1,11,0,0,24.7,0.0,140,100,83,17,0
2025-11-29,Parotta,Saturday,1,11,0,0,24.7,0.0,40,100,81,19,0
2025-11-29,Veg Noodles,Saturday,1,11,0,0,24.7,0.0,120,47,31,16,0
2025-11-30,Biryani,Sunday,1,11,0,0,24.0,8.9,220,180,159,21,0
2025-11-30,Chicken Curry,Sunday,1,11,0,0,24.0,8.9,190,62,48,14,0
2025-11-30,Dosa,Sunday,1,11,0,0,24.0,8.9,70,97,97,0,1
2025-11-30,Filter Coffee,Sunday,1,11,0,0,24.0,8.9,30,129,125,4,0
2025-11-30,Fried Rice,Sunday,1,11,0,0,24.0,8.9,160,80,60,20,0
2025-11-30,Idli,Sunday,1,11,0,0,24.0,8.9,50,110,96,14,0
2025-11-30,Lassi,Sunday,1,11,0,0,24.0,8.9,60,58,41,17,0
2025-11-30,Meals,Sunday,1,11,0,0,24.0,8.9,140,98,82,16,0
2025-11-30,Parotta,Sunday,1,11,0,0,24.0,8.9,40,96,74,22,0
2025-11-30,Veg Noodles,Sunday,1,11,0,0,24.0,8.9,120,48,40,8,0
2025-12-01,Biryani,Monday,0,12,0,1,26.1,0.0,220,154,136,18,0
2025-12-01,Chicken Curry,Monday,0,12,0,1,26.1,0.0,190,50,50,0,1
2025-12-01,Dosa,Monday,0,12,0,1,26.1,0.0,70,84,80,4,0
2025-12-01,Filter Coffee,Monday,0,12,0,1,26.1,0.0,30,121,121,0,1
2025-12-01,Fried Rice,Monday,0,12,0,1,26.1,0.0,160,68,63,5,0
2025-12-01,Idli,Monday,0,12,0,1,26.1,0.0,50,104,93,11,0
2025-12-01,Lassi,Monday,0,12,0,1,26.1,0.0,60,55,44,11,0
2025-12-01,Meals,Monday,0,12,0,1,26.1,0.0,140,93,93,0,1
2025-12-01,Parotta,Monday,0,12,0,1,26.1,0.0,40,87,72,15,0
2025-12-01,Veg Noodles,Monday,0,12,0,1,26.1,0.0,120,38,32,6,0
2025-12-02,Biryani,Tuesday,0,12,0,0,25.9,9.6,220,159,123,36,0
2025-12-02,Chicken Curry,Tuesday,0,12,0,0,25.9,9.6,190,47,36,11,0
2025-12-02,Dosa,Tuesday,0,12,0,0,25.9,9.6,70,95,79,16,0
2025-12-02,Filter Coffee,Tuesday,0,12,0,0,25.9,9.6,30,114,97,17,0
2025-12-02,Fried Rice,Tuesday,0,12,0,0,25.9,9.6,160,62,53,9,0
2025-12-02,Idli,Tuesday,0,12,0,0,25.9,9.6,50,106,103,3,0
2025-12-02,Lassi,Tuesday,0,12,0,0,25.9,9.6,60,62,36,26,0
2025-12-02,Meals,Tuesday,0,12,0,0,25.9,9.6,140,110,72,38,0
2025-12-02,Parotta,Tuesday,0,12,0,0,25.9,9.6,40,94,65,29,0
2025-12-02,Veg Noodles,Tuesday,0,12,0,0,25.9,9.6,120,44,33,11,0
2025-12-03,Biryani,Wednesday,0,12,0,0,23.2,16.0,220,160,117,43,0
2025-12-03,Chicken Curry,Wednesday,0,12,0,0,23.2,16.0,190,50,39,11,0
2025-12-03,Dosa,Wednesday,0,12,0,0,23.2,16.0,70,99,75,24,0
2025-12-03,Filter Coffee,Wednesday,0,12,0,0,23.2,16.0,30,133,117,16,0
2025-12-03,Fried Rice,Wednesday,0,12,0,0,23.2,16.0,160,61,55,6,0
2025-12-03,Idli,Wednesday,0,12,0,0,23.2,16.0,50,128,91,37,0
2025-12-03,Lassi,Wednesday,0,12,0,0,23.2,16.0,60,54,33,21,0
2025-12-03,Meals,Wednesday,0,12,0,0,23.2,16.0,140,107,76,31,0
2025-12-03,Parotta,Wednesday,0,12,0,0,23.2,16.0,40,88,71,17,0
2025-12-03,Veg Noodles,Wednesday,0,12,0,0,23.2,16.0,120,46,36,10,0
2025-12-04,Biryani,Thursday,0,12,0,0,25.2,3.6,220,141,120,21,0
2025-12-04,Chicken Curry,Thursday,0,12,0,0,25.2,3.6,190,47,40,7,0
2025-12-04,Dosa,Thursday,0,12,0,0,25.2,3.6,70,95,77,18,0
2025-12-04,Filter Coffee,Thursday,0,12,0,0,25.2,3.6,30,138,109,29,0
2025-12-04,Fried Rice,Thursday,0,12,0,0,25.2,3.6,160,59,54,5,0
2025-12-04,Idli,Thursday,0,12,0,0,25.2,3.6,50,115,108,7,0
2025-12-04,Lassi,Thursday,0,12,0,0,25.2,3.6,60,60,36,24,0
2025-12-04,Meals,Thursday,0,12,0,0,25.2,3.6,140,96,74,22,0
2025-12-04,Parotta,Thursday,0,12,0,0,25.2,3.6,40,76,67,9,0
2025-12-04,Veg Noodles,Thursday,0,12,0,0,25.2,3.6,120,45,32,13,0
2025-12-05,Biryani,Friday,0,12,0,0,26.5,25.8,220,144,120,24,0
2025-12-05,Chicken Curry,Friday,0,12,0,0,26.5,25.8,190,57,42,15,0
2025-12-05,Dosa,Friday,0,12,0,0,26.5,25.8,70,91,77,14,0
2025-12-05,Filter Coffee,Friday,0,12,0,0,26.5,25.8,30,143,113,30,0
2025-12-05,Fried Rice,Friday,0,12,0,0,26.5,25.8,160,68,63,5,0
2025-12-05,Idli,Friday,0,12,0,0,26.5,25.8,50,104,89,15,0
2025-12-05,Lassi,Friday,0,12,0,0,26.5,25.8,60,53,34,19,0
2025-12-05,Meals,Friday,0,12,0,0,26.5,25.8,140,113,77,36,0
2025-12-05,Parotta,Friday,0,12,0,0,26.5,25.8,40,94,71,23,0
2025-12-05,Veg Noodles,Friday,0,12,0,0,26.5,25.8,120,48,32,16,0
2025-12-06,Biryani,Saturday,1,12,0,0,26.5,21.4,220,173,138,35,0
2025-12-06,Chicken Curry,Saturday,1,12,0,0,26.5,21.4,190,56,50,6,0
2025-12-06,Dosa,Saturday,1,12,0,0,26.5,21.4,70,105,67,38,0
2025-12-06,Filter Coffee,Saturday,1,12,0,0,26.5,21.4,30,124,124,0,0
2025-12-06,Fried Rice,Saturday,1,12,0,0,26.5,21.4,160,80,53,27,0
2025-12-06,Idli,Saturday,1,12,0,0,26.5,21.4,50,118,90,28,0
2025-12-06,Lassi,Saturday,1,12,0,0,26.5,21.4,60,69,45,24,0
2025-12-06,Meals,Saturday,1,12,0,0,26.5,21.4,140,98,89,9,0
2025-12-06,Parotta,Saturday,1,12,0,0,26.5,21.4,40,104,75,29,0
2025-12-06,Veg Noodles,Saturday,1,12,0,0,26.5,21.4,120,43,36,7,0
2025-12-07,Biryani,Sunday,1,12,0,0,26.4,0.0,220,190,127,63,0
2025-12-07,Chicken Curry,Sunday,1,12,0,0,26.4,0.0,190,56,48,8,0
2025-12-07,Dosa,Sunday,1,12,0,0,26.4,0.0,70,102,80,22,0
2025-12-07,Filter Coffee,Sunday,1,12,0,0,26.4,0.0,30,126,108,18,0
2025-12-07,Fried Rice,Sunday,1,12,0,0,26.4,0.0,160,85,63,22,0
2025-12-07,Idli,Sunday,1,12,0,0,26.4,0.0,50,107,79,28,0
2025-12-07,Lassi,Sunday,1,12,0,0,26.4,0.0,60,64,48,16,0
2025-12-07,Meals,Sunday,1,12,0,0,26.4,0.0,140,104,95,9,0
2025-12-07,Parotta,Sunday,1,12,0,0,26.4,0.0,40,103,73,30,0
2025-12-07,Veg Noodles,Sunday,1,12,0,0,26.4,0.0,120,56,37,19,0
2025-12-08,Biryani,Monday,0,12,0,0,25.2,0.0,220,148,102,46,0
2025-12-08,Chicken Curry,Monday,0,12,0,0,25.2,0.0,190,47,39,8,0
2025-12-08,Dosa,Monday,0,12,0,0,25.2,0.0,70,88,80,8,0
2025-12-08,Filter Coffee,Monday,0,12,0,0,25.2,0.0,30,118,118,0,1
2025-12-08,Fried Rice,Monday,0,12,0,0,25.2,0.0,160,62,50,12,0
2025-12-08,Idli,Monday,0,12,0,0,25.2,0.0,50,119,86,33,0
2025-12-08,Lassi,Monday,0,12,0,0,25.2,0.0,60,57,37,20,0
2025-12-08,Meals,Monday,0,12,0,0,25.2,0.0,140,108,75,33,0
2025-12-08,Parotta,Monday,0,12,0,0,25.2,0.0,40,94,67,27,0
2025-12-08,Veg Noodles,Monday,0,12,0,0,25.2,0.0,120,40,35,5,0
2025-12-09,Biryani,Tuesday,0,12,0,0,24.1,12.8,220,137,106,31,0
2025-12-09,Chicken Curry,Tuesday,0,12,0,0,24.1,12.8,190,51,43,8,0
2025-12-09,Dosa,Tuesday,0,12,0,0,24.1,12.8,70,101,70,31,0
2025-12-09,Filter Coffee,Tuesday,0,12,0,0,24.1,12.8,30,145,125,20,0
2025-12-09,Fried Rice,Tuesday,0,12,0,0,24.1,12.8,160,61,55,6,0
2025-12-09,Idli,Tuesday,0,12,0,0,24.1,12.8,50,109,104,5,0
2025-12-09,Lassi,Tuesday,0,12,0,0,24.1,12.8,60,58,36,22,0
2025-12-09,Meals,Tuesday,0,12,0,0,24.1,12.8,140,99,75,24,0
2025-12-09,Parotta,Tuesday,0,12,0,0,24.1,12.8,40,93,76,17,0
2025-12-09,Veg Noodles,Tuesday,0,12,0,0,24.1,12.8,120,41,31,10,0
2025-12-10,Biryani,Wednesday,0,12,0,0,23.8,0.0,220,128,114,14,0
2025-12-10,Chicken Curry,Wednesday,0,12,0,0,23.8,0.0,190,55,46,9,0
2025-12-10,Dosa,Wednesday,0,12,0,0,23.8,0.0,70,95,79,16,0
2025-12-10,Filter Coffee,Wednesday,0,12,0,0,23.8,0.0,30,140,123,17,0
2025-12-10,Fried Rice,Wednesday,0,12,0,0,23.8,0.0,160,69,51,18,0
2025-12-10,Idli,Wednesday,0,12,0,0,23.8,0.0,50,102,95,7,0
2025-12-10,Lassi,Wednesday,0,12,0,0,23.8,0.0,60,55,38,17,0
2025-12-10,Meals,Wednesday,0,12,0,0,23.8,0.0,140,94,72,22,0
2025-12-10,Parotta,Wednesday,0,12,0,0,23.8,0.0,40,94,60,34,0
2025-12-10,Veg Noodles,Wednesday,0,12,0,0,23.8,0.0,120,43,34,9,0
2025-12-11,Biryani,Thursday,0,12,0,0,25.5,0.0,220,133,118,15,0
2025-12-11,Chicken Curry,Thursday,0,12,0,0,25.5,0.0,190,48,44,4,0
2025-12-11,Dosa,Thursday,0,12,0,0,25.5,0.0,70,88,75,13,0
2025-12-11,Filter Coffee,Thursday,0,12,0,0,25.5,0.0,30,144,98,46,0
2025-12-11,Fried Rice,Thursday,0,12,0,0,25.5,0.0,160,68,59,9,0
2025-12-11,Idli,Thursday,0,12,0,0,25.5,0.0,50,105,99,6,0
2025-12-11,Lassi,Thursday,0,12,0,0,25.5,0.0,60,61,47,14,0
2025-12-11,Meals,Thursday,0,12,0,0,25.5,0.0,140,97,88,9,0
2025-12-11,Parotta,Thursday,0,12,0,0,25.5,0.0,40,83,70,13,0
2025-12-11,Veg Noodles,Thursday,0,12,0,0,25.5,0.0,120,38,33,5,0
2025-12-12,Biryani,Friday,0,12,0,0,25.5,23.1,220,140,120,20,0
2025-12-12,Chicken Curry,Friday,0,12,0,0,25.5,23.1,190,50,42,8,0
2025-12-12,Dosa,Friday,0,12,0,0,25.5,23.1,70,91,76,15,0
2025-12-12,Filter Coffee,Friday,0,12,0,0,25.5,23.1,30,129,110,19,0
2025-12-12,Fried Rice,Friday,0,12,0,0,25.5,23.1,160,68,50,18,0
2025-12-12,Idli,Friday,0,12,0,0,25.5,23.1,50,126,84,42,0
2025-12-12,Lassi,Friday,0,12,0,0,25.5,23.1,60,52,39,13,0
2025-12-12,Meals,Friday,0,12,0,0,25.5,23.1,140,102,88,14,0
2025-12-12,Parotta,Friday,0,12,0,0,25.5,23.1,40,89,82,7,0
2025-12-12,Veg Noodles,Friday,0,12,0,0,25.5,23.1,120,44,35,9,0
2025-12-13,Biryani,Saturday,1,12,0,0,26.5,6.8,220,153,145,8,0
2025-12-13,Chicken Curry,Saturday,1,12,0,0,26.5,6.8,190,56,45,11,0
2025-12-13,Dosa,Saturday,1,12,0,0,26.5,6.8,70,101,84,17,0
2025-12-13,Filter Coffee,Saturday,1,12,0,0,26.5,6.8,30,120,103,17,0
2025-12-13,Fried Rice,Saturday,1,12,0,0,26.5,6.8,160,70,64,6,0
2025-12-13,Idli,Saturday,1,12,0,0,26.5,6.8,50,114,93,21,0
2025-12-13,Lassi,Saturday,1,12,0,0,26.5,6.8,60,57,45,12,0
2025-12-13,Meals,Saturday,1,12,0,0,26.5,6.8,140,108,81,27,0
2025-12-13,Parotta,Saturday,1,12,0,0,26.5,6.8,40,103,74,29,0
2025-12-13,Veg Noodles,Saturday,1,12,0,0,26.5,6.8,120,44,42,2,0
2025-12-14,Biryani,Sunday,1,12,0,0,26.3,2.2,220,204,160,44,0
2025-12-14,Chicken Curry,Sunday,1,12,0,0,26.3,2.2,190,69,49,20,0
2025-12-14,Dosa,Sunday,1,12,0,0,26.3,2.2,70,101,86,15,0
2025-12-14,Filter Coffee,Sunday,1,12,0,0,26.3,2.2,30,132,119,13,0
2025-12-14,Fried Rice,Sunday,1,12,0,0,26.3,2.2,160,70,64,6,0
2025-12-14,Idli,Sunday,1,12,0,0,26.3,2.2,50,116,79,37,0
2025-12-14,Lassi,Sunday,1,12,0,0,26.3,2.2,60,60,45,15,0
2025-12-14,Meals,Sunday,1,12,0,0,26.3,2.2,140,105,75,30,0
2025-12-14,Parotta,Sunday,1,12,0,0,26.3,2.2,40,110,75,35,0
2025-12-14,Veg Noodles,Sunday,1,12,0,0,26.3,2.2,120,53,40,13,0
2025-12-15,Biryani,Monday,0,12,0,0,24.7,37.8,220,126,99,27,0
2025-12-15,Chicken Curry,Monday,0,12,0,0,24.7,37.8,190,55,42,13,0
2025-12-15,Dosa,Monday,0,12,0,0,24.7,37.8,70,85,79,6,0
2025-12-15,Filter Coffee,Monday,0,12,0,0,24.7,37.8,30,125,115,10,0
2025-12-15,Fried Rice,Monday,0,12,0,0,24.7,37.8,160,69,49,20,0
2025-12-15,Idli,Monday,0,12,0,0,24.7,37.8,50,101,88,13,0
2025-12-15,Lassi,Monday,0,12,0,0,24.7,37.8,60,59,32,27,0
2025-12-15,Meals,Monday,0,12,0,0,24.7,37.8,140,99,71,28,0
2025-12-15,Parotta,Monday,0,12,0,0,24.7,37.8,40,79,79,0,0
2025-12-15,Veg Noodles,Monday,0,12,0,0,24.7,37.8,120,46,34,12,0
2025-12-16,Biryani,Tuesday,0,12,0,1,23.4,31.2,220,147,124,23,0
2025-12-16,Chicken Curry,Tuesday,0,12,0,1,23.4,31.2,190,46,43,3,0
2025-12-16,Dosa,Tuesday,0,12,0,1,23.4,31.2,70,96,92,4,0
2025-12-16,Filter Coffee,Tuesday,0,12,0,1,23.4,31.2,30,124,124,0,1
2025-12-16,Fried Rice,Tuesday,0,12,0,1,23.4,31.2,160,67,59,8,0
2025-12-16,Idli,Tuesday,0,12,0,1,23.4,31.2,50,122,111,11,0
2025-12-16,Lassi,Tuesday,0,12,0,1,23.4,31.2,60,63,40,23,0
2025-12-16,Meals,Tuesday,0,12,0,1,23.4,31.2,140,95,90,5,0
2025-12-16,Parotta,Tuesday,0,12,0,1,23.4,31.2,40,79,75,4,0
2025-12-16,Veg Noodles,Tuesday,0,12,0,1,23.4,31.2,120,44,36,8,0
2025-12-17,Biryani,Wednesday,0,12,0,0,24.5,5.4,220,160,107,53,0
2025-12-17,Chicken Curry,Wednesday,0,12,0,0,24.5,5.4,190,52,43,9,0
2025-12-17,Dosa,Wednesday,0,12,0,0,24.5,5.4,70,98,75,23,0
2025-12-17,Filter Coffee,Wednesday,0,12,0,0,24.5,5.4,30,116,102,14,0
2025-12-17,Fried Rice,Wednesday,0,12,0,0,24.5,5.4,160,63,52,11,0
2025-12-17,Idli,Wednesday,0,12,0,0,24.5,5.4,50,114,94,20,0
2025-12-17,Lassi,Wednesday,0,12,0,0,24.5,5.4,60,51,39,12,0
2025-12-17,Meals,Wednesday,0,12,0,0,24.5,5.4,140,101,83,18,0
2025-12-17,Parotta,Wednesday,0,12,0,0,24.5,5.4,40,83,69,14,0
2025-12-17,Veg Noodles,Wednesday,0,12,0,0,24.5,5.4,120,42,35,7,0
2025-12-18,Biryani,Thursday,0,12,0,1,25.1,0.0,220,139,127,12,0
2025-12-18,Chicken Curry,Thursday,0,12,0,1,25.1,0.0,190,54,45,9,0
2025-12-18,Dosa,Thursday,0,12,0,1,25.1,0.0,70,82,72,10,0
2025-12-18,Filter Coffee,Thursday,0,12,0,1,25.1,0.0,30,116,116,0,1
2025-12-18,Fried Rice,Thursday,0,12,0,1,25.1,0.0,160,71,59,12,0
2025-12-18,Idli,Thursday,0,12,0,1,25.1,0.0,50,120,102,18,0
2025-12-18,Lassi,Thursday,0,12,0,1,25.1,0.0,60,62,40,22,0
2025-12-18,Meals,Thursday,0,12,0,1,25.1,0.0,140,94,75,19,0
2025-12-18,Parotta,Thursday,0,12,0,1,25.1,0.0,40,92,70,22,0
2025-12-18,Veg Noodles,Thursday,0,12,0,1,25.1,0.0,120,41,38,3,0
2025-12-19,Biryani,Friday,0,12,0,0,24.5,18.9,220,154,121,33,0
2025-12-19,Chicken Curry,Friday,0,12,0,0,24.5,18.9,190,57,43,14,0
2025-12-19,Dosa,Friday,0,12,0,0,24.5,18.9,70,96,75,21,0
2025-12-19,Filter Coffee,Friday,0,12,0,0,24.5,18.9,30,125,115,10,0
2025-12-19,Fried Rice,Friday,0,12,0,0,24.5,18.9,160,70,52,18,0
2025-12-19,Idli,Friday,0,12,0,0,24.5,18.9,50,109,99,10,0
2025-12-19,Lassi,Friday,0,12,0,0,24.5,18.9,60,64,37,27,0
2025-12-19,Meals,Friday,0,12,0,0,24.5,18.9,140,111,79,32,0
2025-12-19,Parotta,Friday,0,12,0,0,24.5,18.9,40,98,63,35,0
2025-12-19,Veg Noodles,Friday,0,12,0,0,24.5,18.9,120,48,35,13,0
2025-12-20,Biryani,Saturday,1,12,0,0,24.1,7.0,220,177,102,75,0
2025-12-20,Chicken Curry,Saturday,1,12,0,0,24.1,7.0,190,57,42,15,0
2025-12-20,Dosa,Saturday,1,12,0,0,24.1,7.0,70,101,68,33,0
2025-12-20,Filter Coffee,Saturday,1,12,0,0,24.1,7.0,30,143,118,25,0
2025-12-20,Fried Rice,Saturday,1,12,0,0,24.1,7.0,160,80,54,26,0
2025-12-20,Idli,Saturday,1,12,0,0,24.1,7.0,50,114,95,19,0
2025-12-20,Lassi,Saturday,1,12,0,0,24.1,7.0,60,56,41,15,0
2025-12-20,Meals,Saturday,1,12,0,0,24.1,7.0,140,111,94,17,0
2025-12-20,Parotta,Saturday,1,12,0,0,24.1,7.0,40,96,75,21,0
2025-12-20,Veg Noodles,Saturday,1,12,0,0,24.1,7.0,120,47,39,8,0
2025-12-21,Biryani,Sunday,1,12,0,0,25.0,7.3,220,176,176,0,1
2025-12-21,Chicken Curry,Sunday,1,12,0,0,25.0,7.3,190,66,50,16,0
2025-12-21,Dosa,Sunday,1,12,0,0,25.0,7.3,70,99,86,13,0
2025-12-21,Filter Coffee,Sunday,1,12,0,0,25.0,7.3,30,136,102,34,0
2025-12-21,Fried Rice,Sunday,1,12,0,0,25.0,7.3,160,77,59,18,0
2025-12-21,Idli,Sunday,1,12,0,0,25.0,7.3,50,95,95,0,1
2025-12-21,Lassi,Sunday,1,12,0,0,25.0,7.3,60,59,36,23,0
2025-12-21,Meals,Sunday,1,12,0,0,25.0,7.3,140,105,83,22,0
2025-12-21,Parotta,Sunday,1,12,0,0,25.0,7.3,40,90,72,18,0
2025-12-21,Veg Noodles,Sunday,1,12,0,0,25.0,7.3,120,50,38,12,0
2025-12-22,Biryani,Monday,0,12,0,0,24.1,0.0,220,143,121,22,0
2025-12-22,Chicken Curry,Monday,0,12,0,0,24.1,0.0,190,51,34,17,0
2025-12-22,Dosa,Monday,0,12,0,0,24.1,0.0,70,90,79,11,0
2025-12-22,Filter Coffee,Monday,0,12,0,0,24.1,0.0,30,138,119,19,0
2025-12-22,Fried Rice,Monday,0,12,0,0,24.1,0.0,160,64,45,19,0
2025-12-22,Idli,Monday,0,12,0,0,24.1,0.0,50,102,83,19,0
2025-12-22,Lassi,Monday,0,12,0,0,24.1,0.0,60,55,34,21,0
2025-12-22,Meals,Monday,0,12,0,0,24.1,0.0,140,107,90,17,0
2025-12-22,Parotta,Monday,0,12,0,0,24.1,0.0,40,82,68,14,0
2025-12-22,Veg Noodles,Monday,0,12,0,0,24.1,0.0,120,39,33,6,0
2025-12-23,Biryani,Tuesday,0,12,0,0,23.9,3.3,220,155,110,45,0
2025-12-23,Chicken Curry,Tuesday,0,12,0,0,23.9,3.3,190,47,38,9,0
2025-12-23,Dosa,Tuesday,0,12,0,0,23.9,3.3,70,89,80,9,0
2025-12-23,Filter Coffee,Tuesday,0,12,0,0,23.9,3.3,30,121,97,24,0
2025-12-23,Fried Rice,Tuesday,0,12,0,0,23.9,3.3,160,72,55,17,0
2025-12-23,Idli,Tuesday,0,12,0,0,23.9,3.3,50,124,104,20,0
2025-12-23,Lassi,Tuesday,0,12,0,0,23.9,3.3,60,52,37,15,0
2025-12-23,Meals,Tuesday,0,12,0,0,23.9,3.3,140,88,84,4,0
2025-12-23,Parotta,Tuesday,0,12,0,0,23.9,3.3,40,94,75,19,0
2025-12-23,Veg Noodles,Tuesday,0,12,0,0,23.9,3.3,120,40,33,7,0
2025-12-24,Biryani,Wednesday,0,12,0,0,25.0,0.0,220,152,134,18,0
2025-12-24,Chicken Curry,Wednesday,0,12,0,0,25.0,0.0,190,45,38,7,0
2025-12-24,Dosa,Wednesday,0,12,0,0,25.0,0.0,70,92,77,15,0
2025-12-24,Filter Coffee,Wednesday,0,12,0,0,25.0,0.0,30,137,100,37,0
2025-12-24,Fried Rice,Wednesday,0,12,0,0,25.0,0.0,160,72,47,25,0
2025-12-24,Idli,Wednesday,0,12,0,0,25.0,0.0,50,104,104,0,1
2025-12-24,Lassi,Wednesday,0,12,0,0,25.0,0.0,60,61,33,28,0
2025-12-24,Meals,Wednesday,0,12,0,0,25.0,0.0,140,97,73,24,0
2025-12-24,Parotta,Wednesday,0,12,0,0,25.0,0.0,40,83,79,4,0
2025-12-24,Veg Noodles,Wednesday,0,12,0,0,25.0,0.0,120,42,33,9,0
2025-12-25,Biryani,Thursday,0,12,1,0,24.2,2.9,220,155,132,23,0
2025-12-25,Chicken Curry,Thursday,0,12,1,0,24.2,2.9,190,49,48,1,0
2025-12-25,Dosa,Thursday,0,12,1,0,24.2,2.9,70,101,94,7,0
2025-12-25,Filter Coffee,Thursday,0,12,1,0,24.2,2.9,30,126,124,2,0
2025-12-25,Fried Rice,Thursday,0,12,1,0,24.2,2.9,160,72,60,12,0
2025-12-25,Idli,Thursday,0,12,1,0,24.2,2.9,50,101,101,0,1
2025-12-25,Lassi,Thursday,0,12,1,0,24.2,2.9,60,58,38,20,0
2025-12-25,Meals,Thursday,0,12,1,0,24.2,2.9,140,99,92,7,0
2025-12-25,Parotta,Thursday,0,12,1,0,24.2,2.9,40,78,78,0,1
2025-12-25,Veg Noodles,Thursday,0,12,1,0,24.2,2.9,120,45,41,4,0
2025-12-26,Biryani,Friday,0,12,0,0,24.9,5.4,220,172,123,49,0
2025-12-26,Chicken Curry,Friday,0,12,0,0,24.9,5.4,190,47,47,0,1
2025-12-26,Dosa,Friday,0,12,0,0,24.9,5.4,70,95,67,28,0
2025-12-26,Filter Coffee,Friday,0,12,0,0,24.9,5.4,30,115,113,2,0
2025-12-26,Fried Rice,Friday,0,12,0,0,24.9,5.4,160,73,56,17,0
2025-12-26,Idli,Friday,0,12,0,0,24.9,5.4,50,125,79,46,0
2025-12-26,Lassi,Friday,0,12,0,0,24.9,5.4,60,58,38,20,0
2025-12-26,Meals,Friday,0,12,0,0,24.9,5.4,140,101,80,21,0
2025-12-26,Parotta,Friday,0,12,0,0,24.9,5.4,40,85,77,8,0
2025-12-26,Veg Noodles,Friday,0,12,0,0,24.9,5.4,120,49,34,15,0
2025-12-27,Biryani,Saturday,1,12,0,0,24.9,0.0,220,164,130,34,0
2025-12-27,Chicken Curry,Saturday,1,12,0,0,24.9,0.0,190,56,48,8,0
2025-12-27,Dosa,Saturday,1,12,0,0,24.9,0.0,70,112,78,34,0
2025-12-27,Filter Coffee,Saturday,1,12,0,0,24.9,0.0,30,126,102,24,0
2025-12-27,Fried Rice,Saturday,1,12,0,0,24.9,0.0,160,72,62,10,0
2025-12-27,Idli,Saturday,1,12,0,0,24.9,0.0,50,104,78,26,0
2025-12-27,Lassi,Saturday,1,12,0,0,24.9,0.0,60,66,43,23,0
2025-12-27,Meals,Saturday,1,12,0,0,24.9,0.0,140,111,77,34,0
2025-12-27,Parotta,Saturday,1,12,0,0,24.9,0.0,40,102,77,25,0
2025-12-27,Veg Noodles,Saturday,1,12,0,0,24.9,0.0,120,53,42,11,0
2025-12-28,Biryani,Sunday,1,12,0,0,23.2,1.0,220,196,170,26,0
2025-12-28,Chicken Curry,Sunday,1,12,0,0,23.2,1.0,190,67,56,11,0
2025-12-28,Dosa,Sunday,1,12,0,0,23.2,1.0,70,100,73,27,0
2025-12-28,Filter Coffee,Sunday,1,12,0,0,23.2,1.0,30,118,118,0,1
2025-12-28,Fried Rice,Sunday,1,12,0,0,23.2,1.0,160,72,54,18,0
2025-12-28,Idli,Sunday,1,12,0,0,23.2,1.0,50,110,83,27,0
2025-12-28,Lassi,Sunday,1,12,0,0,23.2,1.0,60,62,42,20,0
2025-12-28,Meals,Sunday,1,12,0,0,23.2,1.0,140,120,79,41,0
2025-12-28,Parotta,Sunday,1,12,0,0,23.2,1.0,40,100,77,23,0
2025-12-28,Veg Noodles,Sunday,1,12,0,0,23.2,1.0,120,49,49,0,1
2025-12-29,Biryani,Monday,0,12,0,0,24.0,25.2,220,148,109,39,0
2025-12-29,Chicken Curry,Monday,0,12,0,0,24.0,25.2,190,55,43,12,0
2025-12-29,Dosa,Monday,0,12,0,0,24.0,25.2,70,98,74,24,0
2025-12-29,Filter Coffee,Monday,0,12,0,0,24.0,25.2,30,141,125,16,0
2025-12-29,Fried Rice,Monday,0,12,0,0,24.0,25.2,160,63,50,13,0
2025-12-29,Idli,Monday,0,12,0,0,24.0,25.2,50,125,113,12,0
2025-12-29,Lassi,Monday,0,12,0,0,24.0,25.2,60,63,38,25,0
2025-12-29,Meals,Monday,0,12,0,0,24.0,25.2,140,98,90,8,0
2025-12-29,Parotta,Monday,0,12,0,0,24.0,25.2,40,79,61,18,0
2025-12-29,Veg Noodles,Monday,0,12,0,0,24.0,25.2,120,43,32,11,0
2025-12-30,Biryani,Tuesday,0,12,0,0,26.3,4.8,220,150,115,35,0
2025-12-30,Chicken Curry,Tuesday,0,12,0,0,26.3,4.8,190,45,44,1,0
2025-12-30,Dosa,Tuesday,0,12,0,0,26.3,4.8,70,95,84,11,0
2025-12-30,Filter Coffee,Tuesday,0,12,0,0,26.3,4.8,30,140,103,37,0
2025-12-30,Fried Rice,Tuesday,0,12,0,0,26.3,4.8,160,72,53,19,0
2025-12-30,Idli,Tuesday,0,12,0,0,26.3,4.8,50,122,92,30,0
2025-12-30,Lassi,Tuesday,0,12,0,0,26.3,4.8,60,60,40,20,0
2025-12-30,Meals,Tuesday,0,12,0,0,26.3,4.8,140,97,73,24,0
2025-12-30,Parotta,Tuesday,0,12,0,0,26.3,4.8,40,82,78,4,0
2025-12-30,Veg Noodles,Tuesday,0,12,0,0,26.3,4.8,120,46,35,11,0
2025-12-31,Biryani,Wednesday,0,12,0,0,23.2,0.0,220,152,128,24,0
2025-12-31,Chicken Curry,Wednesday,0,12,0,0,23.2,0.0,190,45,45,0,1
2025-12-31,Dosa,Wednesday,0,12,0,0,23.2,0.0,70,100,81,19,0
2025-12-31,Filter Coffee,Wednesday,0,12,0,0,23.2,0.0,30,123,121,2,0
2025-12-31,Fried Rice,Wednesday,0,12,0,0,23.2,0.0,160,63,52,11,0
2025-12-31,Idli,Wednesday,0,12,0,0,23.2,0.0,50,102,87,15,0
2025-12-31,Lassi,Wednesday,0,12,0,0,23.2,0.0,60,55,35,20,0
2025-12-31,Meals,Wednesday,0,12,0,0,23.2,0.0,140,103,87,16,0
2025-12-31,Parotta,Wednesday,0,12,0,0,23.2,0.0,40,96,63,33,0
2025-12-31,Veg Noodles,Wednesday,0,12,0,0,23.2,0.0,120,41,38,3,0
2026-01-01,Biryani,Thursday,0,1,1,0,22.0,0.0,220,153,144,9,0
2026-01-01,Chicken Curry,Thursday,0,1,1,0,22.0,0.0,190,52,45,7,0
2026-01-01,Dosa,Thursday,0,1,1,0,22.0,0.0,70,103,92,11,0
2026-01-01,Filter Coffee,Thursday,0,1,1,0,22.0,0.0,30,133,129,4,0
2026-01-01,Fried Rice,Thursday,0,1,1,0,22.0,0.0,160,69,69,0,0
2026-01-01,Idli,Thursday,0,1,1,0,22.0,0.0,50,117,103,14,0
2026-01-01,Lassi,Thursday,0,1,1,0,22.0,0.0,60,58,36,22,0
2026-01-01,Meals,Thursday,0,1,1,0,22.0,0.0,140,95,91,4,0
2026-01-01,Parotta,Thursday,0,1,1,0,22.0,0.0,40,85,85,0,1
2026-01-01,Veg Noodles,Thursday,0,1,1,0,22.0,0.0,120,44,40,4,0
2026-01-02,Biryani,Friday,0,1,0,0,22.3,0.0,220,168,124,44,0
2026-01-02,Chicken Curry,Friday,0,1,0,0,22.3,0.0,190,53,40,13,0
2026-01-02,Dosa,Friday,0,1,0,0,22.3,0.0,70,96,75,21,0
2026-01-02,Filter Coffee,Friday,0,1,0,0,22.3,0.0,30,125,108,17,0
2026-01-02,Fried Rice,Friday,0,1,0,0,22.3,0.0,160,75,51,24,0
2026-01-02,Idli,Friday,0,1,0,0,22.3,0.0,50,115,81,34,0
2026-01-02,Lassi,Friday,0,1,0,0,22.3,0.0,60,56,35,21,0
2026-01-02,Meals,Friday,0,1,0,0,22.3,0.0,140,93,81,12,0
2026-01-02,Parotta,Friday,0,1,0,0,22.3,0.0,40,88,74,14,0
2026-01-02,Veg Noodles,Friday,0,1,0,0,22.3,0.0,120,47,33,14,0
2026-01-03,Biryani,Saturday,1,1,0,0,24.6,0.0,220,163,148,15,0
2026-01-03,Chicken Curry,Saturday,1,1,0,0,24.6,0.0,190,53,48,5,0
2026-01-03,Dosa,Saturday,1,1,0,0,24.6,0.0,70,99,73,26,0
2026-01-03,Filter Coffee,Saturday,1,1,0,0,24.6,0.0,30,118,118,0,0
2026-01-03,Fried Rice,Saturday,1,1,0,0,24.6,0.0,160,81,49,32,0
2026-01-03,Idli,Saturday,1,1,0,0,24.6,0.0,50,106,94,12,0
2026-01-03,Lassi,Saturday,1,1,0,0,24.6,0.0,60,70,43,27,0
2026-01-03,Meals,Saturday,1,1,0,0,24.6,0.0,140,117,87,30,0
2026-01-03,Parotta,Saturday,1,1,0,0,24.6,0.0,40,87,69,18,0
2026-01-03,Veg Noodles,Saturday,1,1,0,0,24.6,0.0,120,44,43,1,0
2026-01-04,Biryani,Sunday,1,1,0,0,24.6,6.8,220,192,179,13,0
2026-01-04,Chicken Curry,Sunday,1,1,0,0,24.6,6.8,190,67,50,17,0
2026-01-04,Dosa,Sunday,1,1,0,0,24.6,6.8,70,115,83,32,0
2026-01-04,Filter Coffee,Sunday,1,1,0,0,24.6,6.8,30,134,92,42,0
2026-01-04,Fried Rice,Sunday,1,1,0,0,24.6,6.8,160,86,65,21,0
2026-01-04,Idli,Sunday,1,1,0,0,24.6,6.8,50,114,86,28,0
2026-01-04,Lassi,Sunday,1,1,0,0,24.6,6.8,60,64,44,20,0
2026-01-04,Meals,Sunday,1,1,0,0,24.6,6.8,140,116,81,35,0
2026-01-04,Parotta,Sunday,1,1,0,0,24.6,6.8,40,95,82,13,0
2026-01-04,Veg Noodles,Sunday,1,1,0,0,24.6,6.8,120,47,42,5,0
2026-01-05,Biryani,Monday,0,1,0,0,24.4,0.0,220,136,119,17,0
2026-01-05,Chicken Curry,Monday,0,1,0,0,24.4,0.0,190,47,41,6,0
2026-01-05,Dosa,Monday,0,1,0,0,24.4,0.0,70,104,81,23,0
2026-01-05,Filter Coffee,Monday,0,1,0,0,24.4,0.0,30,138,116,22,0
2026-01-05,Fried Rice,Monday,0,1,0,0,24.4,0.0,160,66,50,16,0
2026-01-05,Idli,Monday,0,1,0,0,24.4,0.0,50,128,108,20,0
2026-01-05,Lassi,Monday,0,1,0,0,24.4,0.0,60,63,38,25,0
2026-01-05,Meals,Monday,0,1,0,0,24.4,0.0,140,112,83,29,0
2026-01-05,Parotta,Monday,0,1,0,0,24.4,0.0,40,93,81,12,0
2026-01-05,Veg Noodles,Monday,0,1,0,0,24.4,0.0,120,42,35,7,0
2026-01-06,Biryani,Tuesday,0,1,0,0,26.0,0.0,220,147,116,31,0
2026-01-06,Chicken Curry,Tuesday,0,1,0,0,26.0,0.0,190,45,39,6,0
2026-01-06,Dosa,Tuesday,0,1,0,0,26.0,0.0,70,105,76,29,0
2026-01-06,Filter Coffee,Tuesday,0,1,0,0,26.0,0.0,30,138,101,37,0
2026-01-06,Fried Rice,Tuesday,0,1,0,0,26.0,0.0,160,65,45,20,0
2026-01-06,Idli,Tuesday,0,1,0,0,26.0,0.0,50,105,96,9,0
2026-01-06,Lassi,Tuesday,0,1,0,0,26.0,0.0,60,64,41,23,0
2026-01-06,Meals,Tuesday,0,1,0,0,26.0,0.0,140,94,67,27,0
2026-01-06,Parotta,Tuesday,0,1,0,0,26.0,0.0,40,93,77,16,0
2026-01-06,Veg Noodles,Tuesday,0,1,0,0,26.0,0.0,120,44,38,6,0
2026-01-07,Biryani,Wednesday,0,1,0,0,21.3,0.0,220,153,119,34,0
2026-01-07,Chicken Curry,Wednesday,0,1,0,0,21.3,0.0,190,54,38,16,0
2026-01-07,Dosa,Wednesday,0,1,0,0,21.3,0.0,70,86,65,21,0
2026-01-07,Filter Coffee,Wednesday,0,1,0,0,21.3,0.0,30,118,108,10,0
2026-01-07,Fried Rice,Wednesday,0,1,0,0,21.3,0.0,160,73,52,21,0
2026-01-07,Idli,Wednesday,0,1,0,0,21.3,0.0,50,105,99,6,0
2026-01-07,Lassi,Wednesday,0,1,0,0,21.3,0.0,60,58,37,21,0
2026-01-07,Meals,Wednesday,0,1,0,0,21.3,0.0,140,89,83,6,0
2026-01-07,Parotta,Wednesday,0,1,0,0,21.3,0.0,40,85,66,19,0
2026-01-07,Veg Noodles,Wednesday,0,1,0,0,21.3,0.0,120,41,37,4,0
2026-01-08,Biryani,Thursday,0,1,0,0,25.0,0.0,220,154,128,26,0
2026-01-08,Chicken Curry,Thursday,0,1,0,0,25.0,0.0,190,52,45,7,0
2026-01-08,Dosa,Thursday,0,1,0,0,25.0,0.0,70,82,74,8,0
2026-01-08,Filter Coffee,Thursday,0,1,0,0,25.0,0.0,30,130,127,3,0
2026-01-08,Fried Rice,Thursday,0,1,0,0,25.0,0.0,160,60,57,3,0
2026-01-08,Idli,Thursday,0,1,0,0,25.0,0.0,50,122,90,32,0
2026-01-08,Lassi,Thursday,0,1,0,0,25.0,0.0,60,61,38,23,0
2026-01-08,Meals,Thursday,0,1,0,0,25.0,0.0,140,99,65,34,0
2026-01-08,Parotta,Thursday,0,1,0,0,25.0,0.0,40,95,64,31,0
2026-01-08,Veg Noodles,Thursday,0,1,0,0,25.0,0.0,120,40,34,6,0
2026-01-09,Biryani,Friday,0,1,0,0,26.4,0.0,220,151,116,35,0
2026-01-09,Chicken Curry,Friday,0,1,0,0,26.4,0.0,190,52,38,14,0
2026-01-09,Dosa,Friday,0,1,0,0,26.4,0.0,70,94,65,29,0
2026-01-09,Filter Coffee,Friday,0,1,0,0,26.4,0.0,30,114,102,12,0
2026-01-09,Fried Rice,Friday,0,1,0,0,26.4,0.0,160,63,48,15,0
2026-01-09,Idli,Friday,0,1,0,0,26.4,0.0,50,112,82,30,0
2026-01-09,Lassi,Friday,0,1,0,0,26.4,0.0,60,60,46,14,0
2026-01-09,Meals,Friday,0,1,0,0,26.4,0.0,140,113,79,34,0
2026-01-09,Parotta,Friday,0,1,0,0,26.4,0.0,40,87,71,16,0
2026-01-09,Veg Noodles,Friday,0,1,0,0,26.4,0.0,120,41,33,8,0
2026-01-10,Biryani,Saturday,1,1,0,0,23.1,0.0,220,170,134,36,0
2026-01-10,Chicken Curry,Saturday,1,1,0,0,23.1,0.0,190,60,49,11,0
2026-01-10,Dosa,Saturday,1,1,0,0,23.1,0.0,70,105,84,21,0
2026-01-10,Filter Coffee,Saturday,1,1,0,0,23.1,0.0,30,117,117,0,1
2026-01-10,Fried Rice,Saturday,1,1,0,0,23.1,0.0,160,81,70,11,0
2026-01-10,Idli,Saturday,1,1,0,0,23.1,0.0,50,119,82,37,0
2026-01-10,Lassi,Saturday,1,1,0,0,23.1,0.0,60,56,36,20,0
2026-01-10,Meals,Saturday,1,1,0,0,23.1,0.0,140,96,89,7,0
2026-01-10,Parotta,Saturday,1,1,0,0,23.1,0.0,40,103,74,29,0
2026-01-10,Veg Noodles,Saturday,1,1,0,0,23.1,0.0,120,51,37,14,0
2026-01-11,Biryani,Sunday,1,1,0,0,24.0,0.0,220,178,132,46,0
2026-01-11,Chicken Curry,Sunday,1,1,0,0,24.0,0.0,190,69,52,17,0
2026-01-11,Dosa,Sunday,1,1,0,0,24.0,0.0,70,92,77,15,0
2026-01-11,Filter Coffee,Sunday,1,1,0,0,24.0,0.0,30,116,113,3,0
2026-01-11,Fried Rice,Sunday,1,1,0,0,24.0,0.0,160,81,58,23,0
2026-01-11,Idli,Sunday,1,1,0,0,24.0,0.0,50,98,77,21,0
2026-01-11,Lassi,Sunday,1,1,0,0,24.0,0.0,60,72,42,30,0
2026-01-11,Meals,Sunday,1,1,0,0,24.0,0.0,140,97,89,8,0
2026-01-11,Parotta,Sunday,1,1,0,0,24.0,0.0,40,88,87,1,0
2026-01-11,Veg Noodles,Sunday,1,1,0,0,24.0,0.0,120,55,44,11,0
2026-01-12,Biryani,Monday,0,1,0,0,23.6,0.0,220,132,106,26,0
2026-01-12,Chicken Curry,Monday,0,1,0,0,23.6,0.0,190,45,35,10,0
2026-01-12,Dosa,Monday,0,1,0,0,23.6,0.0,70,91,67,24,0
2026-01-12,Filter Coffee,Monday,0,1,0,0,23.6,0.0,30,115,114,1,0
2026-01-12,Fried Rice,Monday,0,1,0,0,23.6,0.0,160,65,52,13,0
2026-01-12,Idli,Monday,0,1,0,0,23.6,0.0,50,102,99,3,0
2026-01-12,Lassi,Monday,0,1,0,0,23.6,0.0,60,57,35,22,0
2026-01-12,Meals,Monday,0,1,0,0,23.6,0.0,140,90,72,18,0
2026-01-12,Parotta,Monday,0,1,0,0,23.6,0.0,40,83,73,10,0
2026-01-12,Veg Noodles,Monday,0,1,0,0,23.6,0.0,120,48,37,11,0
2026-01-13,Biryani,Tuesday,0,1,0,0,23.4,0.0,220,136,112,24,0
2026-01-13,Chicken Curry,Tuesday,0,1,0,0,23.4,0.0,190,52,38,14,0
2026-01-13,Dosa,Tuesday,0,1,0,0,23.4,0.0,70,96,79,17,0
2026-01-13,Filter Coffee,Tuesday,0,1,0,0,23.4,0.0,30,124,109,15,0
2026-01-13,Fried Rice,Tuesday,0,1,0,0,23.4,0.0,160,59,47,12,0
2026-01-13,Idli,Tuesday,0,1,0,0,23.4,0.0,50,121,89,32,0
2026-01-13,Lassi,Tuesday,0,1,0,0,23.4,0.0,60,63,39,24,0
2026-01-13,Meals,Tuesday,0,1,0,0,23.4,0.0,140,108,73,35,0
2026-01-13,Parotta,Tuesday,0,1,0,0,23.4,0.0,40,94,60,34,0
2026-01-13,Veg Noodles,Tuesday,0,1,0,0,23.4,0.0,120,47,34,13,0
2026-01-14,Biryani,Wednesday,0,1,1,0,24.1,0.0,220,159,136,23,0
2026-01-14,Chicken Curry,Wednesday,0,1,1,0,24.1,0.0,190,47,45,2,0
2026-01-14,Dosa,Wednesday,0,1,1,0,24.1,0.0,70,87,87,0,1
2026-01-14,Filter Coffee,Wednesday,0,1,1,0,24.1,0.0,30,125,125,0,1
2026-01-14,Fried Rice,Wednesday,0,1,1,0,24.1,0.0,160,65,61,4,0
2026-01-14,Idli,Wednesday,0,1,1,0,24.1,0.0,50,129,117,12,0
2026-01-14,Lassi,Wednesday,0,1,1,0,24.1,0.0,60,60,40,20,0
2026-01-14,Meals,Wednesday,0,1,1,0,24.1,0.0,140,108,89,19,0
2026-01-14,Parotta,Wednesday,0,1,1,0,24.1,0.0,40,95,84,11,0
2026-01-14,Veg Noodles,Wednesday,0,1,1,0,24.1,0.0,120,39,39,0,1
2026-01-15,Biryani,Thursday,0,1,1,0,26.2,0.0,220,137,137,0,1
2026-01-15,Chicken Curry,Thursday,0,1,1,0,26.2,0.0,190,50,49,1,0
2026-01-15,Dosa,Thursday,0,1,1,0,26.2,0.0,70,99,89,10,0
2026-01-15,Filter Coffee,Thursday,0,1,1,0,26.2,0.0,30,136,136,0,1
2026-01-15,Fried Rice,Thursday,0,1,1,0,26.2,0.0,160,72,60,12,0
2026-01-15,Idli,Thursday,0,1,1,0,26.2,0.0,50,104,104,0,1
2026-01-15,Lassi,Thursday,0,1,1,0,26.2,0.0,60,52,46,6,0
2026-01-15,Meals,Thursday,0,1,1,0,26.2,0.0,140,106,95,11,0
2026-01-15,Parotta,Thursday,0,1,1,0,26.2,0.0,40,92,79,13,0
2026-01-15,Veg Noodles,Thursday,0,1,1,0,26.2,0.0,120,39,39,0,1
2026-01-16,Biryani,Friday,0,1,0,0,26.7,13.3,220,172,124,48,0
2026-01-16,Chicken Curry,Friday,0,1,0,0,26.7,13.3,190,52,41,11,0
2026-01-16,Dosa,Friday,0,1,0,0,26.7,13.3,70,90,90,0,1
2026-01-16,Filter Coffee,Friday,0,1,0,0,26.7,13.3,30,124,120,4,0
2026-01-16,Fried Rice,Friday,0,1,0,0,26.7,13.3,160,70,47,23,0
2026-01-16,Idli,Friday,0,1,0,0,26.7,13.3,50,124,90,34,0
2026-01-16,Lassi,Friday,0,1,0,0,26.7,13.3,60,58,34,24,0
2026-01-16,Meals,Friday,0,1,0,0,26.7,13.3,140,91,68,23,0
2026-01-16,Parotta,Friday,0,1,0,0,26.7,13.3,40,93,73,20,0
2026-01-16,Veg Noodles,Friday,0,1,0,0,26.7,13.3,120,45,38,7,0
2026-01-17,Biryani,Saturday,1,1,0,0,24.1,0.0,220,159,127,32,0
2026-01-17,Chicken Curry,Saturday,1,1,0,0,24.1,0.0,190,56,46,10,0
2026-01-17,Dosa,Saturday,1,1,0,0,24.1,0.0,70,108,83,25,0
2026-01-17,Filter Coffee,Saturday,1,1,0,0,24.1,0.0,30,118,106,12,0
2026-01-17,Fried Rice,Saturday,1,1,0,0,24.1,0.0,160,71,71,0,1
2026-01-17,Idli,Saturday,1,1,0,0,24.1,0.0,50,108,80,28,0
2026-01-17,Lassi,Saturday,1,1,0,0,24.1,0.0,60,58,42,16,0
2026-01-17,Meals,Saturday,1,1,0,0,24.1,0.0,140,111,83,28,0
2026-01-17,Parotta,Saturday,1,1,0,0,24.1,0.0,40,102,76,26,0
2026-01-17,Veg Noodles,Saturday,1,1,0,0,24.1,0.0,120,48,39,9,0
2026-01-18,Biryani,Sunday,1,1,0,0,26.8,0.0,220,196,139,57,0
2026-01-18,Chicken Curry,Sunday,1,1,0,0,26.8,0.0,190,58,44,14,0
2026-01-18,Dosa,Sunday,1,1,0,0,26.8,0.0,70,100,77,23,0
2026-01-18,Filter Coffee,Sunday,1,1,0,0,26.8,0.0,30,144,98,46,0
2026-01-18,Fried Rice,Sunday,1,1,0,0,26.8,0.0,160,79,59,20,0
2026-01-18,Idli,Sunday,1,1,0,0,26.8,0.0,50,95,87,8,0
2026-01-18,Lassi,Sunday,1,1,0,0,26.8,0.0,60,60,51,9,0
2026-01-18,Meals,Sunday,1,1,0,0,26.8,0.0,140,106,87,19,0
2026-01-18,Parotta,Sunday,1,1,0,0,26.8,0.0,40,105,87,18,0
2026-01-18,Veg Noodles,Sunday,1,1,0,0,26.8,0.0,120,53,46,7,0
2026-01-19,Biryani,Monday,0,1,0,0,24.6,0.0,220,147,129,18,0
2026-01-19,Chicken Curry,Monday,0,1,0,0,24.6,0.0,190,54,48,6,0
2026-01-19,Dosa,Monday,0,1,0,0,24.6,0.0,70,96,77,19,0
2026-01-19,Filter Coffee,Monday,0,1,0,0,24.6,0.0,30,142,105,37,0
2026-01-19,Fried Rice,Monday,0,1,0,0,24.6,0.0,160,71,50,21,0
2026-01-19,Idli,Monday,0,1,0,0,24.6,0.0,50,116,90,26,0
2026-01-19,Lassi,Monday,0,1,0,0,24.6,0.0,60,61,41,20,0
2026-01-19,Meals,Monday,0,1,0,0,24.6,0.0,140,92,78,14,0
2026-01-19,Parotta,Monday,0,1,0,0,24.6,0.0,40,81,74,7,0
2026-01-19,Veg Noodles,Monday,0,1,0,0,24.6,0.0,120,40,37,3,0
2026-01-20,Biryani,Tuesday,0,1,0,0,26.7,0.0,220,151,125,26,0
2026-01-20,Chicken Curry,Tuesday,0,1,0,0,26.7,0.0,190,49,40,9,0
2026-01-20,Dosa,Tuesday,0,1,0,0,26.7,0.0,70,95,72,23,0
2026-01-20,Filter Coffee,Tuesday,0,1,0,0,26.7,0.0,30,118,115,3,0
2026-01-20,Fried Rice,Tuesday,0,1,0,0,26.7,0.0,160,72,55,17,0
2026-01-20,Idli,Tuesday,0,1,0,0,26.7,0.0,50,109,98,11,0
2026-01-20,Lassi,Tuesday,0,1,0,0,26.7,0.0,60,51,43,8,0
2026-01-20,Meals,Tuesday,0,1,0,0,26.7,0.0,140,96,83,13,0
2026-01-20,Parotta,Tuesday,0,1,0,0,26.7,0.0,40,86,64,22,0
2026-01-20,Veg Noodles,Tuesday,0,1,0,0,26.7,0.0,120,48,34,14,0
2026-01-21,Biryani,Wednesday,0,1,0,0,24.5,0.0,220,149,116,33,0
2026-01-21,Chicken Curry,Wednesday,0,1,0,0,24.5,0.0,190,55,42,13,0
2026-01-21,Dosa,Wednesday,0,1,0,0,24.5,0.0,70,89,82,7,0
2026-01-21,Filter Coffee,Wednesday,0,1,0,0,24.5,0.0,30,125,121,4,0
2026-01-21,Fried Rice,Wednesday,0,1,0,0,24.5,0.0,160,63,60,3,0
2026-01-21,Idli,Wednesday,0,1,0,0,24.5,0.0,50,121,87,34,0
2026-01-21,Lassi,Wednesday,0,1,0,0,24.5,0.0,60,64,40,24,0
2026-01-21,Meals,Wednesday,0,1,0,0,24.5,0.0,140,101,81,20,0
2026-01-21,Parotta,Wednesday,0,1,0,0,24.5,0.0,40,90,68,22,0
2026-01-21,Veg Noodles,Wednesday,0,1,0,0,24.5,0.0,120,41,34,7,0
2026-01-22,Biryani,Thursday,0,1,0,0,24.8,0.0,220,152,112,40,0
2026-01-22,Chicken Curry,Thursday,0,1,0,0,24.8,0.0,190,49,38,11,0
2026-01-22,Dosa,Thursday,0,1,0,0,24.8,0.0,70,92,76,16,0
2026-01-22,Filter Coffee,Thursday,0,1,0,0,24.8,0.0,30,119,114,5,0
2026-01-22,Fried Rice,Thursday,0,1,0,0,24.8,0.0,160,67,57,10,0
2026-01-22,Idli,Thursday,0,1,0,0,24.8,0.0,50,109,96,13,0
2026-01-22,Lassi,Thursday,0,1,0,0,24.8,0.0,60,57,40,17,0
2026-01-22,Meals,Thursday,0,1,0,0,24.8,0.0,140,97,76,21,0
2026-01-22,Parotta,Thursday,0,1,0,0,24.8,0.0,40,88,66,22,0
2026-01-22,Veg Noodles,Thursday,0,1,0,0,24.8,0.0,120,44,34,10,0
2026-01-23,Biryani,Friday,0,1,0,0,25.1,0.0,220,169,135,34,0
2026-01-23,Chicken Curry,Friday,0,1,0,0,25.1,0.0,190,58,40,18,0
2026-01-23,Dosa,Friday,0,1,0,0,25.1,0.0,70,104,78,26,0
2026-01-23,Filter Coffee,Friday,0,1,0,0,25.1,0.0,30,145,96,49,0
2026-01-23,Fried Rice,Friday,0,1,0,0,25.1,0.0,160,64,49,15,0
2026-01-23,Idli,Friday,0,1,0,0,25.1,0.0,50,113,103,10,0
2026-01-23,Lassi,Friday,0,1,0,0,25.1,0.0,60,59,42,17,0
2026-01-23,Meals,Friday,0,1,0,0,25.1,0.0,140,114,69,45,0
2026-01-23,Parotta,Friday,0,1,0,0,25.1,0.0,40,98,62,36,0
2026-01-23,Veg Noodles,Friday,0,1,0,0,25.1,0.0,120,49,34,15,0
2026-01-24,Biryani,Saturday,1,1,0,0,28.5,0.0,220,172,123,49,0
2026-01-24,Chicken Curry,Saturday,1,1,0,0,28.5,0.0,190,58,53,5,0
2026-01-24,Dosa,Saturday,1,1,0,0,28.5,0.0,70,101,70,31,0
2026-01-24,Filter Coffee,Saturday,1,1,0,0,28.5,0.0,30,125,110,15,0
2026-01-24,Fried Rice,Saturday,1,1,0,0,28.5,0.0,160,72,58,14,0
2026-01-24,Idli,Saturday,1,1,0,0,28.5,0.0,50,103,89,14,0
2026-01-24,Lassi,Saturday,1,1,0,0,28.5,0.0,60,59,49,10,0
2026-01-24,Meals,Saturday,1,1,0,0,28.5,0.0,140,104,83,21,0
2026-01-24,Parotta,Saturday,1,1,0,0,28.5,0.0,40,94,74,20,0
2026-01-24,Veg Noodles,Saturday,1,1,0,0,28.5,0.0,120,48,33,15,0
2026-01-25,Biryani,Sunday,1,1,0,0,25.7,0.0,220,166,153,13,0
2026-01-25,Chicken Curry,Sunday,1,1,0,0,25.7,0.0,190,61,42,19,0
2026-01-25,Dosa,Sunday,1,1,0,0,25.7,0.0,70,92,82,10,0
2026-01-25,Filter Coffee,Sunday,1,1,0,0,25.7,0.0,30,117,117,0,1
2026-01-25,Fried Rice,Sunday,1,1,0,0,25.7,0.0,160,72,53,19,0
2026-01-25,Idli,Sunday,1,1,0,0,25.7,0.0,50,117,91,26,0
2026-01-25,Lassi,Sunday,1,1,0,0,25.7,0.0,60,59,42,17,0
2026-01-25,Meals,Sunday,1,1,0,0,25.7,0.0,140,104,79,25,0
2026-01-25,Parotta,Sunday,1,1,0,0,25.7,0.0,40,92,91,1,0
2026-01-25,Veg Noodles,Sunday,1,1,0,0,25.7,0.0,120,53,41,12,0
2026-01-26,Biryani,Monday,0,1,1,0,23.8,0.0,220,136,136,0,1
2026-01-26,Chicken Curry,Monday,0,1,1,0,23.8,0.0,190,53,48,5,0
2026-01-26,Dosa,Monday,0,1,1,0,23.8,0.0,70,99,87,12,0
2026-01-26,Filter Coffee,Monday,0,1,1,0,23.8,0.0,30,137,133,4,0
2026-01-26,Fried Rice,Monday,0,1,1,0,23.8,0.0,160,65,65,0,1
2026-01-26,Idli,Monday,0,1,1,0,23.8,0.0,50,128,113,15,0
2026-01-26,Lassi,Monday,0,1,1,0,23.8,0.0,60,59,43,16,0
2026-01-26,Meals,Monday,0,1,1,0,23.8,0.0,140,105,90,15,0
2026-01-26,Parotta,Monday,0,1,1,0,23.8,0.0,40,81,70,11,0
2026-01-26,Veg Noodles,Monday,0,1,1,0,23.8,0.0,120,46,39,7,0
2026-01-27,Biryani,Tuesday,0,1,0,0,25.9,5.5,220,152,116,36,0
2026-01-27,Chicken Curry,Tuesday,0,1,0,0,25.9,5.5,190,54,36,18,0
2026-01-27,Dosa,Tuesday,0,1,0,0,25.9,5.5,70,86,68,18,0
2026-01-27,Filter Coffee,Tuesday,0,1,0,0,25.9,5.5,30,137,129,8,0
2026-01-27,Fried Rice,Tuesday,0,1,0,0,25.9,5.5,160,66,45,21,0
2026-01-27,Idli,Tuesday,0,1,0,0,25.9,5.5,50,113,107,6,0
2026-01-27,Lassi,Tuesday,0,1,0,0,25.9,5.5,60,56,39,17,0
2026-01-27,Meals,Tuesday,0,1,0,0,25.9,5.5,140,105,83,22,0
2026-01-27,Parotta,Tuesday,0,1,0,0,25.9,5.5,40,94,69,25,0
2026-01-27,Veg Noodles,Tuesday,0,1,0,0,25.9,5.5,120,46,33,13,0
2026-01-28,Biryani,Wednesday,0,1,0,0,24.3,0.0,220,144,109,35,0
2026-01-28,Chicken Curry,Wednesday,0,1,0,0,24.3,0.0,190,50,39,11,0
2026-01-28,Dosa,Wednesday,0,1,0,0,24.3,0.0,70,94,73,21,0
2026-01-28,Filter Coffee,Wednesday,0,1,0,0,24.3,0.0,30,122,99,23,0
2026-01-28,Fried Rice,Wednesday,0,1,0,0,24.3,0.0,160,62,49,13,0
2026-01-28,Idli,Wednesday,0,1,0,0,24.3,0.0,50,114,95,19,0
2026-01-28,Lassi,Wednesday,0,1,0,0,24.3,0.0,60,60,36,24,0
2026-01-28,Meals,Wednesday,0,1,0,0,24.3,0.0,140,89,89,0,0
2026-01-28,Parotta,Wednesday,0,1,0,0,24.3,0.0,40,76,68,8,0
2026-01-28,Veg Noodles,Wednesday,0,1,0,0,24.3,0.0,120,47,34,13,0
2026-01-29,Biryani,Thursday,0,1,0,0,24.2,0.0,220,146,120,26,0
2026-01-29,Chicken Curry,Thursday,0,1,0,0,24.2,0.0,190,50,38,12,0
2026-01-29,Dosa,Thursday,0,1,0,0,24.2,0.0,70,93,77,16,0
2026-01-29,Filter Coffee,Thursday,0,1,0,0,24.2,0.0,30,124,117,7,0
2026-01-29,Fried Rice,Thursday,0,1,0,0,24.2,0.0,160,61,52,9,0
2026-01-29,Idli,Thursday,0,1,0,0,24.2,0.0,50,129,97,32,0
2026-01-29,Lassi,Thursday,0,1,0,0,24.2,0.0,60,59,33,26,0
2026-01-29,Meals,Thursday,0,1,0,0,24.2,0.0,140,104,80,24,0
2026-01-29,Parotta,Thursday,0,1,0,0,24.2,0.0,40,95,70,25,0
2026-01-29,Veg Noodles,Thursday,0,1,0,0,24.2,0.0,120,42,35,7,0
2026-01-30,Biryani,Friday,0,1,0,0,25.9,14.7,220,158,115,43,0
2026-01-30,Chicken Curry,Friday,0,1,0,0,25.9,14.7,190,54,39,15,0
2026-01-30,Dosa,Friday,0,1,0,0,25.9,14.7,70,96,77,19,0
2026-01-30,Filter Coffee,Friday,0,1,0,0,25.9,14.7,30,127,105,22,0
2026-01-30,Fried Rice,Friday,0,1,0,0,25.9,14.7,160,62,55,7,0
2026-01-30,Idli,Friday,0,1,0,0,25.9,14.7,50,104,92,12,0
2026-01-30,Lassi,Friday,0,1,0,0,25.9,14.7,60,55,35,20,0
2026-01-30,Meals,Friday,0,1,0,0,25.9,14.7,140,96,84,12,0
2026-01-30,Parotta,Friday,0,1,0,0,25.9,14.7,40,80,67,13,0
2026-01-30,Veg Noodles,Friday,0,1,0,0,25.9,14.7,120,43,35,8,0
2026-01-31,Biryani,Saturday,1,1,0,0,24.9,0.0,220,165,122,43,0
2026-01-31,Chicken Curry,Saturday,1,1,0,0,24.9,0.0,190,59,46,13,0
2026-01-31,Dosa,Saturday,1,1,0,0,24.9,0.0,70,88,70,18,0
2026-01-31,Filter Coffee,Saturday,1,1,0,0,24.9,0.0,30,123,119,4,0
2026-01-31,Fried Rice,Saturday,1,1,0,0,24.9,0.0,160,66,57,9,0
2026-01-31,Idli,Saturday,1,1,0,0,24.9,0.0,50,119,83,36,0
2026-01-31,Lassi,Saturday,1,1,0,0,24.9,0.0,60,62,42,20,0
2026-01-31,Meals,Saturday,1,1,0,0,24.9,0.0,140,102,74,28,0
2026-01-31,Parotta,Saturday,1,1,0,0,24.9,0.0,40,92,67,25,0
2026-01-31,Veg Noodles,Saturday,1,1,0,0,24.9,0.0,120,51,43,8,0
2026-02-01,Biryani,Sunday,1,2,0,0,25.2,0.0,220,198,157,41,0
2026-02-01,Chicken Curry,Sunday,1,2,0,0,25.2,0.0,190,61,40,21,0
2026-02-01,Dosa,Sunday,1,2,0,0,25.2,0.0,70,98,80,18,0
2026-02-01,Filter Coffee,Sunday,1,2,0,0,25.2,0.0,30,123,114,9,0
2026-02-01,Fried Rice,Sunday,1,2,0,0,25.2,0.0,160,82,70,12,0
2026-02-01,Idli,Sunday,1,2,0,0,25.2,0.0,50,110,78,32,0
2026-02-01,Lassi,Sunday,1,2,0,0,25.2,0.0,60,62,47,15,0
2026-02-01,Meals,Sunday,1,2,0,0,25.2,0.0,140,113,87,26,0
2026-02-01,Parotta,Sunday,1,2,0,0,25.2,0.0,40,108,71,37,0
2026-02-01,Veg Noodles,Sunday,1,2,0,0,25.2,0.0,120,51,42,9,0
2026-02-02,Biryani,Monday,0,2,0,0,24.9,4.9,220,153,125,28,0
2026-02-02,Chicken Curry,Monday,0,2,0,0,24.9,4.9,190,54,39,15,0
2026-02-02,Dosa,Monday,0,2,0,0,24.9,4.9,70,83,72,11,0
2026-02-02,Filter Coffee,Monday,0,2,0,0,24.9,4.9,30,140,129,11,0
2026-02-02,Fried Rice,Monday,0,2,0,0,24.9,4.9,160,61,55,6,0
2026-02-02,Idli,Monday,0,2,0,0,24.9,4.9,50,127,102,25,0
2026-02-02,Lassi,Monday,0,2,0,0,24.9,4.9,60,54,38,16,0
2026-02-02,Meals,Monday,0,2,0,0,24.9,4.9,140,103,79,24,0
2026-02-02,Parotta,Monday,0,2,0,0,24.9,4.9,40,85,77,8,0
2026-02-02,Veg Noodles,Monday,0,2,0,0,24.9,4.9,120,45,41,4,0
2026-02-03,Biryani,Tuesday,0,2,0,0,25.3,0.0,220,152,113,39,0
2026-02-03,Chicken Curry,Tuesday,0,2,0,0,25.3,0.0,190,49,40,9,0
2026-02-03,Dosa,Tuesday,0,2,0,0,25.3,0.0,70,92,75,17,0
2026-02-03,Filter Coffee,Tuesday,0,2,0,0,25.3,0.0,30,138,113,25,0
2026-02-03,Fried Rice,Tuesday,0,2,0,0,25.3,0.0,160,59,54,5,0
2026-02-03,Idli,Tuesday,0,2,0,0,25.3,0.0,50,110,84,26,0
2026-02-03,Lassi,Tuesday,0,2,0,0,25.3,0.0,60,62,48,14,0
2026-02-03,Meals,Tuesday,0,2,0,0,25.3,0.0,140,98,88,10,0
2026-02-03,Parotta,Tuesday,0,2,0,0,25.3,0.0,40,94,63,31,0
2026-02-03,Veg Noodles,Tuesday,0,2,0,0,25.3,0.0,120,42,33,9,0
2026-02-04,Biryani,Wednesday,0,2,0,0,25.5,0.0,220,152,112,40,0
2026-02-04,Chicken Curry,Wednesday,0,2,0,0,25.5,0.0,190,50,36,14,0
2026-02-04,Dosa,Wednesday,0,2,0,0,25.5,0.0,70,97,75,22,0
2026-02-04,Filter Coffee,Wednesday,0,2,0,0,25.5,0.0,30,136,105,31,0
2026-02-04,Fried Rice,Wednesday,0,2,0,0,25.5,0.0,160,73,47,26,0
2026-02-04,Idli,Wednesday,0,2,0,0,25.5,0.0,50,110,97,13,0
2026-02-04,Lassi,Wednesday,0,2,0,0,25.5,0.0,60,51,36,15,0
2026-02-04,Meals,Wednesday,0,2,0,0,25.5,0.0,140,93,76,17,0
2026-02-04,Parotta,Wednesday,0,2,0,0,25.5,0.0,40,78,66,12,0
2026-02-04,Veg Noodles,Wednesday,0,2,0,0,25.5,0.0,120,40,37,3,0
2026-02-05,Biryani,Thursday,0,2,0,0,22.7,0.0,220,159,108,51,0
2026-02-05,Chicken Curry,Thursday,0,2,0,0,22.7,0.0,190,52,46,6,0
2026-02-05,Dosa,Thursday,0,2,0,0,22.7,0.0,70,98,72,26,0
2026-02-05,Filter Coffee,Thursday,0,2,0,0,22.7,0.0,30,136,108,28,0
2026-02-05,Fried Rice,Thursday,0,2,0,0,22.7,0.0,160,61,60,1,0
2026-02-05,Idli,Thursday,0,2,0,0,22.7,0.0,50,111,95,16,0
2026-02-05,Lassi,Thursday,0,2,0,0,22.7,0.0,60,55,36,19,0
2026-02-05,Meals,Thursday,0,2,0,0,22.7,0.0,140,101,79,22,0
2026-02-05,Parotta,Thursday,0,2,0,0,22.7,0.0,40,87,81,6,0
2026-02-05,Veg Noodles,Thursday,0,2,0,0,22.7,0.0,120,43,34,9,0
2026-02-06,Biryani,Friday,0,2,0,0,25.8,0.0,220,158,121,37,0
2026-02-06,Chicken Curry,Friday,0,2,0,0,25.8,0.0,190,60,40,20,0
2026-02-06,Dosa,Friday,0,2,0,0,25.8,0.0,70,86,73,13,0
2026-02-06,Filter Coffee,Friday,0,2,0,0,25.8,0.0,30,131,106,25,0
2026-02-06,Fried Rice,Friday,0,2,0,0,25.8,0.0,160,75,51,24,0
2026-02-06,Idli,Friday,0,2,0,0,25.8,0.0,50,100,97,3,0
2026-02-06,Lassi,Friday,0,2,0,0,25.8,0.0,60,60,45,15,0
2026-02-06,Meals,Friday,0,2,0,0,25.8,0.0,140,98,88,10,0
2026-02-06,Parotta,Friday,0,2,0,0,25.8,0.0,40,92,67,25,0
2026-02-06,Veg Noodles,Friday,0,2,0,0,25.8,0.0,120,50,34,16,0
2026-02-07,Biryani,Saturday,1,2,0,0,23.9,0.0,220,190,131,59,0
2026-02-07,Chicken Curry,Saturday,1,2,0,0,23.9,0.0,190,54,45,9,0
2026-02-07,Dosa,Saturday,1,2,0,0,23.9,0.0,70,91,79,12,0
2026-02-07,Filter Coffee,Saturday,1,2,0,0,23.9,0.0,30,125,106,19,0
2026-02-07,Fried Rice,Saturday,1,2,0,0,23.9,0.0,160,75,67,8,0
2026-02-07,Idli,Saturday,1,2,0,0,23.9,0.0,50,102,85,17,0
2026-02-07,Lassi,Saturday,1,2,0,0,23.9,0.0,60,62,43,19,0
2026-02-07,Meals,Saturday,1,2,0,0,23.9,0.0,140,116,83,33,0
2026-02-07,Parotta,Saturday,1,2,0,0,23.9,0.0,40,104,77,27,0
2026-02-07,Veg Noodles,Saturday,1,2,0,0,23.9,0.0,120,45,45,0,0
2026-02-08,Biryani,Sunday,1,2,0,0,23.4,0.0,220,168,138,30,0
2026-02-08,Chicken Curry,Sunday,1,2,0,0,23.4,0.0,190,58,47,11,0
2026-02-08,Dosa,Sunday,1,2,0,0,23.4,0.0,70,108,89,19,0
2026-02-08,Filter Coffee,Sunday,1,2,0,0,23.4,0.0,30,137,124,13,0
2026-02-08,Fried Rice,Sunday,1,2,0,0,23.4,0.0,160,82,73,9,0
2026-02-08,Idli,Sunday,1,2,0,0,23.4,0.0,50,121,81,40,0
2026-02-08,Lassi,Sunday,1,2,0,0,23.4,0.0,60,73,43,30,0
2026-02-08,Meals,Sunday,1,2,0,0,23.4,0.0,140,109,78,31,0
2026-02-08,Parotta,Sunday,1,2,0,0,23.4,0.0,40,90,86,4,0
2026-02-08,Veg Noodles,Sunday,1,2,0,0,23.4,0.0,120,47,38,9,0
2026-02-09,Biryani,Monday,0,2,0,0,25.1,0.0,220,149,135,14,0
2026-02-09,Chicken Curry,Monday,0,2,0,0,25.1,0.0,190,47,40,7,0
2026-02-09,Dosa,Monday,0,2,0,0,25.1,0.0,70,95,76,19,0
2026-02-09,Filter Coffee,Monday,0,2,0,0,25.1,0.0,30,118,118,0,1
2026-02-09,Fried Rice,Monday,0,2,0,0,25.1,0.0,160,66,54,12,0
2026-02-09,Idli,Monday,0,2,0,0,25.1,0.0,50,109,94,15,0
2026-02-09,Lassi,Monday,0,2,0,0,25.1,0.0,60,63,42,21,0
2026-02-09,Meals,Monday,0,2,0,0,25.1,0.0,140,110,98,12,0
2026-02-09,Parotta,Monday,0,2,0,0,25.1,0.0,40,83,74,9,0
2026-02-09,Veg Noodles,Monday,0,2,0,0,25.1,0.0,120,39,29,10,0
2026-02-10,Biryani,Tuesday,0,2,0,0,25.3,0.0,220,152,120,32,0
2026-02-10,Chicken Curry,Tuesday,0,2,0,0,25.3,0.0,190,53,45,8,0
2026-02-10,Dosa,Tuesday,0,2,0,0,25.3,0.0,70,102,83,19,0
2026-02-10,Filter Coffee,Tuesday,0,2,0,0,25.3,0.0,30,119,97,22,0
2026-02-10,Fried Rice,Tuesday,0,2,0,0,25.3,0.0,160,60,56,4,0
2026-02-10,Idli,Tuesday,0,2,0,0,25.3,0.0,50,102,90,12,0
2026-02-10,Lassi,Tuesday,0,2,0,0,25.3,0.0,60,61,39,22,0
2026-02-10,Meals,Tuesday,0,2,0,0,25.3,0.0,140,99,73,26,0
2026-02-10,Parotta,Tuesday,0,2,0,0,25.3,0.0,40,90,61,29,0
2026-02-10,Veg Noodles,Tuesday,0,2,0,0,25.3,0.0,120,43,33,10,0
2026-02-11,Biryani,Wednesday,0,2,0,0,24.4,0.0,220,144,122,22,0
2026-02-11,Chicken Curry,Wednesday,0,2,0,0,24.4,0.0,190,50,49,1,0
2026-02-11,Dosa,Wednesday,0,2,0,0,24.4,0.0,70,87,81,6,0
2026-02-11,Filter Coffee,Wednesday,0,2,0,0,24.4,0.0,30,118,111,7,0
2026-02-11,Fried Rice,Wednesday,0,2,0,0,24.4,0.0,160,71,41,30,0
2026-02-11,Idli,Wednesday,0,2,0,0,24.4,0.0,50,109,83,26,0
2026-02-11,Lassi,Wednesday,0,2,0,0,24.4,0.0,60,58,43,15,0
2026-02-11,Meals,Wednesday,0,2,0,0,24.4,0.0,140,110,80,30,0
2026-02-11,Parotta,Wednesday,0,2,0,0,24.4,0.0,40,97,65,32,0
2026-02-11,Veg Noodles,Wednesday,0,2,0,0,24.4,0.0,120,41,30,11,0
2026-02-12,Biryani,Thursday,0,2,0,0,26.3,0.0,220,137,124,13,0
2026-02-12,Chicken Curry,Thursday,0,2,0,0,26.3,0.0,190,49,42,7,0
2026-02-12,Dosa,Thursday,0,2,0,0,26.3,0.0,70,85,83,2,0
2026-02-12,Filter Coffee,Thursday,0,2,0,0,26.3,0.0,30,138,108,30,0
2026-02-12,Fried Rice,Thursday,0,2,0,0,26.3,0.0,160,70,51,19,0
2026-02-12,Idli,Thursday,0,2,0,0,26.3,0.0,50,113,107,6,0
2026-02-12,Lassi,Thursday,0,2,0,0,26.3,0.0,60,57,44,13,0
2026-02-12,Meals,Thursday,0,2,0,0,26.3,0.0,140,90,82,8,0
2026-02-12,Parotta,Thursday,0,2,0,0,26.3,0.0,40,94,70,24,0
2026-02-12,Veg Noodles,Thursday,0,2,0,0,26.3,0.0,120,45,32,13,0
2026-02-13,Biryani,Friday,0,2,0,0,23.7,0.0,220,156,132,24,0
2026-02-13,Chicken Curry,Friday,0,2,0,0,23.7,0.0,190,49,46,3,0
2026-02-13,Dosa,Friday,0,2,0,0,23.7,0.0,70,93,85,8,0
2026-02-13,Filter Coffee,Friday,0,2,0,0,23.7,0.0,30,133,105,28,0
2026-02-13,Fried Rice,Friday,0,2,0,0,23.7,0.0,160,66,59,7,0
2026-02-13,Idli,Friday,0,2,0,0,23.7,0.0,50,115,85,30,0
2026-02-13,Lassi,Friday,0,2,0,0,23.7,0.0,60,53,35,18,0
2026-02-13,Meals,Friday,0,2,0,0,23.7,0.0,140,98,83,15,0
2026-02-13,Parotta,Friday,0,2,0,0,23.7,0.0,40,98,83,15,0
2026-02-13,Veg Noodles,Friday,0,2,0,0,23.7,0.0,120,41,34,7,0
2026-02-14,Biryani,Saturday,1,2,0,0,24.9,0.0,220,165,132,33,0
2026-02-14,Chicken Curry,Saturday,1,2,0,0,24.9,0.0,190,64,53,11,0
2026-02-14,Dosa,Saturday,1,2,0,0,24.9,0.0,70,104,89,15,0
2026-02-14,Filter Coffee,Saturday,1,2,0,0,24.9,0.0,30,129,113,16,0
2026-02-14,Fried Rice,Saturday,1,2,0,0,24.9,0.0,160,78,63,15,0
2026-02-14,Idli,Saturday,1,2,0,0,24.9,0.0,50,99,81,18,0
2026-02-14,Lassi,Saturday,1,2,0,0,24.9,0.0,60,68,42,26,0
2026-02-14,Meals,Saturday,1,2,0,0,24.9,0.0,140,94,82,12,0
2026-02-14,Parotta,Saturday,1,2,0,0,24.9,0.0,40,96,71,25,0
2026-02-14,Veg Noodles,Saturday,1,2,0,0,24.9,0.0,120,45,38,7,0
2026-02-15,Biryani,Sunday,1,2,0,0,24.7,22.1,220,205,146,59,0
2026-02-15,Chicken Curry,Sunday,1,2,0,0,24.7,22.1,190,62,52,10,0
2026-02-15,Dosa,Sunday,1,2,0,0,24.7,22.1,70,104,76,28,0
2026-02-15,Filter Coffee,Sunday,1,2,0,0,24.7,22.1,30,130,130,0,1
2026-02-15,Fried Rice,Sunday,1,2,0,0,24.7,22.1,160,79,55,24,0
2026-02-15,Idli,Sunday,1,2,0,0,24.7,22.1,50,116,88,28,0
2026-02-15,Lassi,Sunday,1,2,0,0,24.7,22.1,60,64,35,29,0
2026-02-15,Meals,Sunday,1,2,0,0,24.7,22.1,140,95,84,11,0
2026-02-15,Parotta,Sunday,1,2,0,0,24.7,22.1,40,102,79,23,0
2026-02-15,Veg Noodles,Sunday,1,2,0,0,24.7,22.1,120,45,33,12,0
2026-02-16,Biryani,Monday,0,2,0,0,25.4,0.0,220,140,113,27,0
2026-02-16,Chicken Curry,Monday,0,2,0,0,25.4,0.0,190,52,45,7,0
2026-02-16,Dosa,Monday,0,2,0,0,25.4,0.0,70,85,78,7,0
2026-02-16,Filter Coffee,Monday,0,2,0,0,25.4,0.0,30,141,117,24,0
2026-02-16,Fried Rice,Monday,0,2,0,0,25.4,0.0,160,72,51,21,0
2026-02-16,Idli,Monday,0,2,0,0,25.4,0.0,50,125,101,24,0
2026-02-16,Lassi,Monday,0,2,0,0,25.4,0.0,60,55,44,11,0
2026-02-16,Meals,Monday,0,2,0,0,25.4,0.0,140,112,78,34,0
2026-02-16,Parotta,Monday,0,2,0,0,25.4,0.0,40,95,71,24,0
2026-02-16,Veg Noodles,Monday,0,2,0,0,25.4,0.0,120,39,38,1,0
2026-02-17,Biryani,Tuesday,0,2,0,0,25.8,16.7,220,133,116,17,0
2026-02-17,Chicken Curry,Tuesday,0,2,0,0,25.8,16.7,190,46,43,3,0
2026-02-17,Dosa,Tuesday,0,2,0,0,25.8,16.7,70,84,83,1,0
2026-02-17,Filter Coffee,Tuesday,0,2,0,0,25.8,16.7,30,118,118,0,1
2026-02-17,Fried Rice,Tuesday,0,2,0,0,25.8,16.7,160,70,42,28,0
2026-02-17,Idli,Tuesday,0,2,0,0,25.8,16.7,50,108,80,28,0
2026-02-17,Lassi,Tuesday,0,2,0,0,25.8,16.7,60,59,38,21,0
2026-02-17,Meals,Tuesday,0,2,0,0,25.8,16.7,140,107,73,34,0
2026-02-17,Parotta,Tuesday,0,2,0,0,25.8,16.7,40,95,74,21,0
2026-02-17,Veg Noodles,Tuesday,0,2,0,0,25.8,16.7,120,47,29,18,0
2026-02-18,Biryani,Wednesday,0,2,0,0,24.3,0.0,220,148,119,29,0
2026-02-18,Chicken Curry,Wednesday,0,2,0,0,24.3,0.0,190,46,41,5,0
2026-02-18,Dosa,Wednesday,0,2,0,0,24.3,0.0,70,98,83,15,0
2026-02-18,Filter Coffee,Wednesday,0,2,0,0,24.3,0.0,30,127,104,23,0
2026-02-18,Fried Rice,Wednesday,0,2,0,0,24.3,0.0,160,58,54,4,0
2026-02-18,Idli,Wednesday,0,2,0,0,24.3,0.0,50,124,101,23,0
2026-02-18,Lassi,Wednesday,0,2,0,0,24.3,0.0,60,62,42,20,0
2026-02-18,Meals,Wednesday,0,2,0,0,24.3,0.0,140,105,95,10,0
2026-02-18,Parotta,Wednesday,0,2,0,0,24.3,0.0,40,93,72,21,0
2026-02-18,Veg Noodles,Wednesday,0,2,0,0,24.3,0.0,120,48,34,14,0
2026-02-19,Biryani,Thursday,0,2,0,0,26.5,0.0,220,141,112,29,0
2026-02-19,Chicken Curry,Thursday,0,2,0,0,26.5,0.0,190,45,41,4,0
2026-02-19,Dosa,Thursday,0,2,0,0,26.5,0.0,70,89,70,19,0
2026-02-19,Filter Coffee,Thursday,0,2,0,0,26.5,0.0,30,139,107,32,0
2026-02-19,Fried Rice,Thursday,0,2,0,0,26.5,0.0,160,71,44,27,0
2026-02-19,Idli,Thursday,0,2,0,0,26.5,0.0,50,112,85,27,0
2026-02-19,Lassi,Thursday,0,2,0,0,26.5,0.0,60,58,40,18,0
2026-02-19,Meals,Thursday,0,2,0,0,26.5,0.0,140,102,78,24,0
2026-02-19,Parotta,Thursday,0,2,0,0,26.5,0.0,40,94,64,30,0
2026-02-19,Veg Noodles,Thursday,0,2,0,0,26.5,0.0,120,46,34,12,0
2026-02-20,Biryani,Friday,0,2,0,0,25.7,0.0,220,139,111,28,0
2026-02-20,Chicken Curry,Friday,0,2,0,0,25.7,0.0,190,52,37,15,0
2026-02-20,Dosa,Friday,0,2,0,0,25.7,0.0,70,100,80,20,0
2026-02-20,Filter Coffee,Friday,0,2,0,0,25.7,0.0,30,135,102,33,0
2026-02-20,Fried Rice,Friday,0,2,0,0,25.7,0.0,160,76,59,17,0
2026-02-20,Idli,Friday,0,2,0,0,25.7,0.0,50,112,92,20,0
2026-02-20,Lassi,Friday,0,2,0,0,25.7,0.0,60,55,35,20,0
2026-02-20,Meals,Friday,0,2,0,0,25.7,0.0,140,105,85,20,0
2026-02-20,Parotta,Friday,0,2,0,0,25.7,0.0,40,99,68,31,0
2026-02-20,Veg Noodles,Friday,0,2,0,0,25.7,0.0,120,49,38,11,0
2026-02-21,Biryani,Saturday,1,2,0,0,23.4,0.0,220,173,139,34,0
2026-02-21,Chicken Curry,Saturday,1,2,0,0,23.4,0.0,190,58,47,11,0
2026-02-21,Dosa,Saturday,1,2,0,0,23.4,0.0,70,95,80,15,0
2026-02-21,Filter Coffee,Saturday,1,2,0,0,23.4,0.0,30,128,114,14,0
2026-02-21,Fried Rice,Saturday,1,2,0,0,23.4,0.0,160,77,64,13,0
2026-02-21,Idli,Saturday,1,2,0,0,23.4,0.0,50,123,84,39,0
2026-02-21,Lassi,Saturday,1,2,0,0,23.4,0.0,60,69,48,21,0
2026-02-21,Meals,Saturday,1,2,0,0,23.4,0.0,140,109,81,28,0
2026-02-21,Parotta,Saturday,1,2,0,0,23.4,0.0,40,86,77,9,0
2026-02-21,Veg Noodles,Saturday,1,2,0,0,23.4,0.0,120,43,39,4,0
2026-02-22,Biryani,Sunday,1,2,0,0,23.4,0.0,220,188,148,40,0
2026-02-22,Chicken Curry,Sunday,1,2,0,0,23.4,0.0,190,59,44,15,0
2026-02-22,Dosa,Sunday,1,2,0,0,23.4,0.0,70,99,95,4,0
2026-02-22,Filter Coffee,Sunday,1,2,0,0,23.4,0.0,30,122,115,7,0
2026-02-22,Fried Rice,Sunday,1,2,0,0,23.4,0.0,160,71,60,11,0
2026-02-22,Idli,Sunday,1,2,0,0,23.4,0.0,50,119,101,18,0
2026-02-22,Lassi,Sunday,1,2,0,0,23.4,0.0,60,59,41,18,0
2026-02-22,Meals,Sunday,1,2,0,0,23.4,0.0,140,117,83,34,0
2026-02-22,Parotta,Sunday,1,2,0,0,23.4,0.0,40,95,88,7,0
2026-02-22,Veg Noodles,Sunday,1,2,0,0,23.4,0.0,120,55,44,11,0
2026-02-23,Biryani,Monday,0,2,0,0,25.8,0.0,220,133,99,34,0
2026-02-23,Chicken Curry,Monday,0,2,0,0,25.8,0.0,190,49,35,14,0
2026-02-23,Dosa,Monday,0,2,0,0,25.8,0.0,70,87,66,21,0
2026-02-23,Filter Coffee,Monday,0,2,0,0,25.8,0.0,30,145,117,28,0
2026-02-23,Fried Rice,Monday,0,2,0,0,25.8,0.0,160,70,54,16,0
2026-02-23,Idli,Monday,0,2,0,0,25.8,0.0,50,112,93,19,0
2026-02-23,Lassi,Monday,0,2,0,0,25.8,0.0,60,65,36,29,0
2026-02-23,Meals,Monday,0,2,0,0,25.8,0.0,140,104,77,27,0
2026-02-23,Parotta,Monday,0,2,0,0,25.8,0.0,40,97,67,30,0
2026-02-23,Veg Noodles,Monday,0,2,0,0,25.8,0.0,120,43,34,9,0
2026-02-24,Biryani,Tuesday,0,2,0,0,25.6,0.0,220,148,120,28,0
2026-02-24,Chicken Curry,Tuesday,0,2,0,0,25.6,0.0,190,45,41,4,0
2026-02-24,Dosa,Tuesday,0,2,0,0,25.6,0.0,70,106,70,36,0
2026-02-24,Filter Coffee,Tuesday,0,2,0,0,25.6,0.0,30,127,121,6,0
2026-02-24,Fried Rice,Tuesday,0,2,0,0,25.6,0.0,160,68,51,17,0
2026-02-24,Idli,Tuesday,0,2,0,0,25.6,0.0,50,116,87,29,0
2026-02-24,Lassi,Tuesday,0,2,0,0,25.6,0.0,60,57,43,14,0
2026-02-24,Meals,Tuesday,0,2,0,0,25.6,0.0,140,108,71,37,0
2026-02-24,Parotta,Tuesday,0,2,0,0,25.6,0.0,40,88,68,20,0
2026-02-24,Veg Noodles,Tuesday,0,2,0,0,25.6,0.0,120,46,33,13,0
2026-02-25,Biryani,Wednesday,0,2,0,0,25.8,0.0,220,147,125,22,0
2026-02-25,Chicken Curry,Wednesday,0,2,0,0,25.8,0.0,190,49,37,12,0
2026-02-25,Dosa,Wednesday,0,2,0,0,25.8,0.0,70,83,64,19,0
2026-02-25,Filter Coffee,Wednesday,0,2,0,0,25.8,0.0,30,143,114,29,0
2026-02-25,Fried Rice,Wednesday,0,2,0,0,25.8,0.0,160,63,53,10,0
2026-02-25,Idli,Wednesday,0,2,0,0,25.8,0.0,50,110,89,21,0
2026-02-25,Lassi,Wednesday,0,2,0,0,25.8,0.0,60,64,47,17,0
2026-02-25,Meals,Wednesday,0,2,0,0,25.8,0.0,140,96,79,17,0
2026-02-25,Parotta,Wednesday,0,2,0,0,25.8,0.0,40,80,63,17,0
2026-02-25,Veg Noodles,Wednesday,0,2,0,0,25.8,0.0,120,45,36,9,0
2026-02-26,Biryani,Thursday,0,2,0,0,25.9,0.0,220,155,141,14,0
2026-02-26,Chicken Curry,Thursday,0,2,0,0,25.9,0.0,190,46,40,6,0
2026-02-26,Dosa,Thursday,0,2,0,0,25.9,0.0,70,86,75,11,0
2026-02-26,Filter Coffee,Thursday,0,2,0,0,25.9,0.0,30,139,101,38,0
2026-02-26,Fried Rice,Thursday,0,2,0,0,25.9,0.0,160,71,47,24,0
2026-02-26,Idli,Thursday,0,2,0,0,25.9,0.0,50,116,92,24,0
2026-02-26,Lassi,Thursday,0,2,0,0,25.9,0.0,60,64,39,25,0
2026-02-26,Meals,Thursday,0,2,0,0,25.9,0.0,140,113,77,36,0
2026-02-26,Parotta,Thursday,0,2,0,0,25.9,0.0,40,87,79,8,0
2026-02-26,Veg Noodles,Thursday,0,2,0,0,25.9,0.0,120,42,37,5,0
2026-02-27,Biryani,Friday,0,2,0,0,26.3,0.0,220,149,119,30,0
2026-02-27,Chicken Curry,Friday,0,2,0,0,26.3,0.0,190,49,43,6,0
2026-02-27,Dosa,Friday,0,2,0,0,26.3,0.0,70,105,91,14,0
2026-02-27,Filter Coffee,Friday,0,2,0,0,26.3,0.0,30,142,97,45,0
2026-02-27,Fried Rice,Friday,0,2,0,0,26.3,0.0,160,69,57,12,0
2026-02-27,Idli,Friday,0,2,0,0,26.3,0.0,50,119,91,28,0
2026-02-27,Lassi,Friday,0,2,0,0,26.3,0.0,60,58,41,17,0
2026-02-27,Meals,Friday,0,2,0,0,26.3,0.0,140,91,89,2,0
2026-02-27,Parotta,Friday,0,2,0,0,26.3,0.0,40,93,72,21,0
2026-02-27,Veg Noodles,Friday,0,2,0,0,26.3,0.0,120,42,38,4,0
2026-02-28,Biryani,Saturday,1,2,0,0,27.2,0.0,220,160,129,31,0
2026-02-28,Chicken Curry,Saturday,1,2,0,0,27.2,0.0,190,51,46,5,0
2026-02-28,Dosa,Saturday,1,2,0,0,27.2,0.0,70,91,78,13,0
2026-02-28,Filter Coffee,Saturday,1,2,0,0,27.2,0.0,30,115,111,4,0
2026-02-28,Fried Rice,Saturday,1,2,0,0,27.2,0.0,160,79,51,28,0
2026-02-28,Idli,Saturday,1,2,0,0,27.2,0.0,50,100,91,9,0
2026-02-28,Lassi,Saturday,1,2,0,0,27.2,0.0,60,67,46,21,0
2026-02-28,Meals,Saturday,1,2,0,0,27.2,0.0,140,103,75,28,0
2026-02-28,Parotta,Saturday,1,2,0,0,27.2,0.0,40,103,82,21,0
2026-02-28,Veg Noodles,Saturday,1,2,0,0,27.2,0.0,120,43,39,4,0
2026-03-01,Biryani,Sunday,1,3,0,0,24.8,0.0,220,207,137,70,0
2026-03-01,Chicken Curry,Sunday,1,3,0,0,24.8,0.0,190,66,46,20,0
2026-03-01,Dosa,Sunday,1,3,0,0,24.8,0.0,70,98,83,15,0
2026-03-01,Filter Coffee,Sunday,1,3,0,0,24.8,0.0,30,130,124,6,0
2026-03-01,Fried Rice,Sunday,1,3,0,0,24.8,0.0,160,81,54,27,0
2026-03-01,Idli,Sunday,1,3,0,0,24.8,0.0,50,120,86,34,0
2026-03-01,Lassi,Sunday,1,3,0,0,24.8,0.0,60,59,40,19,0
2026-03-01,Meals,Sunday,1,3,0,0,24.8,0.0,140,118,81,37,0
2026-03-01,Parotta,Sunday,1,3,0,0,24.8,0.0,40,108,80,28,0
2026-03-01,Veg Noodles,Sunday,1,3,0,0,24.8,0.0,120,49,41,8,0
2026-03-02,Biryani,Monday,0,3,0,0,24.8,0.0,220,147,118,29,0
2026-03-02,Chicken Curry,Monday,0,3,0,0,24.8,0.0,190,56,43,13,0
2026-03-02,Dosa,Monday,0,3,0,0,24.8,0.0,70,89,78,11,0
2026-03-02,Filter Coffee,Monday,0,3,0,0,24.8,0.0,30,123,110,13,0
2026-03-02,Fried Rice,Monday,0,3,0,0,24.8,0.0,160,62,52,10,0
2026-03-02,Idli,Monday,0,3,0,0,24.8,0.0,50,122,82,40,0
2026-03-02,Lassi,Monday,0,3,0,0,24.8,0.0,60,52,36,16,0
2026-03-02,Meals,Monday,0,3,0,0,24.8,0.0,140,94,75,19,0
2026-03-02,Parotta,Monday,0,3,0,0,24.8,0.0,40,77,69,8,0
2026-03-02,Veg Noodles,Monday,0,3,0,0,24.8,0.0,120,43,35,8,0
2026-03-03,Biryani,Tuesday,0,3,0,0,24.9,0.0,220,128,118,10,0
2026-03-03,Chicken Curry,Tuesday,0,3,0,0,24.9,0.0,190,52,40,12,0
2026-03-03,Dosa,Tuesday,0,3,0,0,24.9,0.0,70,99,74,25,0
2026-03-03,Filter Coffee,Tuesday,0,3,0,0,24.9,0.0,30,123,97,26,0
2026-03-03,Fried Rice,Tuesday,0,3,0,0,24.9,0.0,160,73,51,22,0
2026-03-03,Idli,Tuesday,0,3,0,0,24.9,0.0,50,104,90,14,0
2026-03-03,Lassi,Tuesday,0,3,0,0,24.9,0.0,60,56,44,12,0
2026-03-03,Meals,Tuesday,0,3,0,0,24.9,0.0,140,93,90,3,0
2026-03-03,Parotta,Tuesday,0,3,0,0,24.9,0.0,40,86,61,25,0
2026-03-03,Veg Noodles,Tuesday,0,3,0,0,24.9,0.0,120,49,36,13,0
2026-03-04,Biryani,Wednesday,0,3,0,0,26.7,0.0,220,157,108,49,0
2026-03-04,Chicken Curry,Wednesday,0,3,0,0,26.7,0.0,190,46,41,5,0
2026-03-04,Dosa,Wednesday,0,3,0,0,26.7,0.0,70,92,76,16,0
2026-03-04,Filter Coffee,Wednesday,0,3,0,0,26.7,0.0,30,123,123,0,1
2026-03-04,Fried Rice,Wednesday,0,3,0,0,26.7,0.0,160,66,53,13,0
2026-03-04,Idli,Wednesday,0,3,0,0,26.7,0.0,50,127,96,31,0
2026-03-04,Lassi,Wednesday,0,3,0,0,26.7,0.0,60,60,40,20,0
2026-03-04,Meals,Wednesday,0,3,0,0,26.7,0.0,140,98,74,24,0
2026-03-04,Parotta,Wednesday,0,3,0,0,26.7,0.0,40,77,58,19,0
2026-03-04,Veg Noodles,Wednesday,0,3,0,0,26.7,0.0,120,39,39,0,1
2026-03-05,Biryani,Thursday,0,3,0,0,27.9,0.0,220,134,113,21,0
2026-03-05,Chicken Curry,Thursday,0,3,0,0,27.9,0.0,190,57,36,21,0
2026-03-05,Dosa,Thursday,0,3,0,0,27.9,0.0,70,102,76,26,0
2026-03-05,Filter Coffee,Thursday,0,3,0,0,27.9,0.0,30,127,109,18,0
2026-03-05,Fried Rice,Thursday,0,3,0,0,27.9,0.0,160,66,49,17,0
2026-03-05,Idli,Thursday,0,3,0,0,27.9,0.0,50,123,86,37,0
2026-03-05,Lassi,Thursday,0,3,0,0,27.9,0.0,60,51,40,11,0
2026-03-05,Meals,Thursday,0,3,0,0,27.9,0.0,140,100,83,17,0
2026-03-05,Parotta,Thursday,0,3,0,0,27.9,0.0,40,95,75,20,0
2026-03-05,Veg Noodles,Thursday,0,3,0,0,27.9,0.0,120,45,34,11,0
2026-03-06,Biryani,Friday,0,3,0,0,25.9,0.0,220,166,105,61,0
2026-03-06,Chicken Curry,Friday,0,3,0,0,25.9,0.0,190,60,42,18,0
2026-03-06,Dosa,Friday,0,3,0,0,25.9,0.0,70,103,71,32,0
2026-03-06,Filter Coffee,Friday,0,3,0,0,25.9,0.0,30,128,110,18,0
2026-03-06,Fried Rice,Friday,0,3,0,0,25.9,0.0,160,67,63,4,0
2026-03-06,Idli,Friday,0,3,0,0,25.9,0.0,50,109,95,14,0
2026-03-06,Lassi,Friday,0,3,0,0,25.9,0.0,60,60,40,20,0
2026-03-06,Meals,Friday,0,3,0,0,25.9,0.0,140,114,88,26,0
2026-03-06,Parotta,Friday,0,3,0,0,25.9,0.0,40,83,71,12,0
2026-03-06,Veg Noodles,Friday,0,3,0,0,25.9,0.0,120,45,35,10,0
2026-03-07,Biryani,Saturday,1,3,0,0,23.5,19.5,220,179,143,36,0
2026-03-07,Chicken Curry,Saturday,1,3,0,0,23.5,19.5,190,58,51,7,0
2026-03-07,Dosa,Saturday,1,3,0,0,23.5,19.5,70,101,80,21,0
2026-03-07,Filter Coffee,Saturday,1,3,0,0,23.5,19.5,30,135,109,26,0
2026-03-07,Fried Rice,Saturday,1,3,0,0,23.5,19.5,160,67,58,9,0
2026-03-07,Idli,Saturday,1,3,0,0,23.5,19.5,50,112,92,20,0
2026-03-07,Lassi,Saturday,1,3,0,0,23.5,19.5,60,70,40,30,0
2026-03-07,Meals,Saturday,1,3,0,0,23.5,19.5,140,114,83,31,0
2026-03-07,Parotta,Saturday,1,3,0,0,23.5,19.5,40,98,80,18,0
2026-03-07,Veg Noodles,Saturday,1,3,0,0,23.5,19.5,120,42,36,6,0
2026-03-08,Biryani,Sunday,1,3,0,0,24.5,0.0,220,208,141,67,0
2026-03-08,Chicken Curry,Sunday,1,3,0,0,24.5,0.0,190,57,54,3,0
2026-03-08,Dosa,Sunday,1,3,0,0,24.5,0.0,70,98,87,11,0
2026-03-08,Filter Coffee,Sunday,1,3,0,0,24.5,0.0,30,124,111,13,0
2026-03-08,Fried Rice,Sunday,1,3,0,0,24.5,0.0,160,82,63,19,0
2026-03-08,Idli,Sunday,1,3,0,0,24.5,0.0,50,118,85,33,0
2026-03-08,Lassi,Sunday,1,3,0,0,24.5,0.0,60,71,37,34,0
2026-03-08,Meals,Sunday,1,3,0,0,24.5,0.0,140,107,77,30,0
2026-03-08,Parotta,Sunday,1,3,0,0,24.5,0.0,40,102,72,30,0
2026-03-08,Veg Noodles,Sunday,1,3,0,0,24.5,0.0,120,48,41,7,0
2026-03-09,Biryani,Monday,0,3,0,0,25.6,0.0,220,162,115,47,0
2026-03-09,Chicken Curry,Monday,0,3,0,0,25.6,0.0,190,54,38,16,0
2026-03-09,Dosa,Monday,0,3,0,0,25.6,0.0,70,101,80,21,0
2026-03-09,Filter Coffee,Monday,0,3,0,0,25.6,0.0,30,123,115,8,0
2026-03-09,Fried Rice,Monday,0,3,0,0,25.6,0.0,160,64,53,11,0
2026-03-09,Idli,Monday,0,3,0,0,25.6,0.0,50,130,101,29,0
2026-03-09,Lassi,Monday,0,3,0,0,25.6,0.0,60,54,40,14,0
2026-03-09,Meals,Monday,0,3,0,0,25.6,0.0,140,114,72,42,0
2026-03-09,Parotta,Monday,0,3,0,0,25.6,0.0,40,90,64,26,0
2026-03-09,Veg Noodles,Monday,0,3,0,0,25.6,0.0,120,43,29,14,0
2026-03-10,Biryani,Tuesday,0,3,0,0,26.0,0.0,220,137,103,34,0
2026-03-10,Chicken Curry,Tuesday,0,3,0,0,26.0,0.0,190,57,38,19,0
2026-03-10,Dosa,Tuesday,0,3,0,0,26.0,0.0,70,103,82,21,0
2026-03-10,Filter Coffee,Tuesday,0,3,0,0,26.0,0.0,30,126,113,13,0
2026-03-10,Fried Rice,Tuesday,0,3,0,0,26.0,0.0,160,72,56,16,0
2026-03-10,Idli,Tuesday,0,3,0,0,26.0,0.0,50,110,80,30,0
2026-03-10,Lassi,Tuesday,0,3,0,0,26.0,0.0,60,58,49,9,0
2026-03-10,Meals,Tuesday,0,3,0,0,26.0,0.0,140,105,86,19,0
2026-03-10,Parotta,Tuesday,0,3,0,0,26.0,0.0,40,89,75,14,0
2026-03-10,Veg Noodles,Tuesday,0,3,0,0,26.0,0.0,120,44,34,10,0
2026-03-11,Biryani,Wednesday,0,3,0,0,26.3,0.0,220,155,110,45,0
2026-03-11,Chicken Curry,Wednesday,0,3,0,0,26.3,0.0,190,54,37,17,0
2026-03-11,Dosa,Wednesday,0,3,0,0,26.3,0.0,70,102,76,26,0
2026-03-11,Filter Coffee,Wednesday,0,3,0,0,26.3,0.0,30,137,102,35,0
2026-03-11,Fried Rice,Wednesday,0,3,0,0,26.3,0.0,160,73,54,19,0
2026-03-11,Idli,Wednesday,0,3,0,0,26.3,0.0,50,121,87,34,0
2026-03-11,Lassi,Wednesday,0,3,0,0,26.3,0.0,60,53,47,6,0
2026-03-11,Meals,Wednesday,0,3,0,0,26.3,0.0,140,111,72,39,0
2026-03-11,Parotta,Wednesday,0,3,0,0,26.3,0.0,40,92,79,13,0
2026-03-11,Veg Noodles,Wednesday,0,3,0,0,26.3,0.0,120,41,37,4,0
2026-03-12,Biryani,Thursday,0,3,0,0,26.9,7.7,220,139,111,28,0
2026-03-12,Chicken Curry,Thursday,0,3,0,0,26.9,7.7,190,52,38,14,0
2026-03-12,Dosa,Thursday,0,3,0,0,26.9,7.7,70,84,77,7,0
2026-03-12,Filter Coffee,Thursday,0,3,0,0,26.9,7.7,30,115,109,6,0
2026-03-12,Fried Rice,Thursday,0,3,0,0,26.9,7.7,160,70,53,17,0
2026-03-12,Idli,Thursday,0,3,0,0,26.9,7.7,50,127,103,24,0
2026-03-12,Lassi,Thursday,0,3,0,0,26.9,7.7,60,55,42,13,0
2026-03-12,Meals,Thursday,0,3,0,0,26.9,7.7,140,95,82,13,0
2026-03-12,Parotta,Thursday,0,3,0,0,26.9,7.7,40,90,66,24,0
2026-03-12,Veg Noodles,Thursday,0,3,0,0,26.9,7.7,120,39,33,6,0
2026-03-13,Biryani,Friday,0,3,0,0,26.5,0.0,220,160,123,37,0
2026-03-13,Chicken Curry,Friday,0,3,0,0,26.5,0.0,190,55,38,17,0
2026-03-13,Dosa,Friday,0,3,0,0,26.5,0.0,70,101,81,20,0
2026-03-13,Filter Coffee,Friday,0,3,0,0,26.5,0.0,30,139,102,37,0
2026-03-13,Fried Rice,Friday,0,3,0,0,26.5,0.0,160,64,57,7,0
2026-03-13,Idli,Friday,0,3,0,0,26.5,0.0,50,128,105,23,0
2026-03-13,Lassi,Friday,0,3,0,0,26.5,0.0,60,66,47,19,0
2026-03-13,Meals,Friday,0,3,0,0,26.5,0.0,140,103,82,21,0
2026-03-13,Parotta,Friday,0,3,0,0,26.5,0.0,40,81,75,6,0
2026-03-13,Veg Noodles,Friday,0,3,0,0,26.5,0.0,120,43,36,7,0
2026-03-14,Biryani,Saturday,1,3,0,0,28.2,0.0,220,175,140,35,0
2026-03-14,Chicken Curry,Saturday,1,3,0,0,28.2,0.0,190,65,45,20,0
2026-03-14,Dosa,Saturday,1,3,0,0,28.2,0.0,70,106,75,31,0
2026-03-14,Filter Coffee,Saturday,1,3,0,0,28.2,0.0,30,126,120,6,0
2026-03-14,Fried Rice,Saturday,1,3,0,0,28.2,0.0,160,77,50,27,0
2026-03-14,Idli,Saturday,1,3,0,0,28.2,0.0,50,100,100,0,1
2026-03-14,Lassi,Saturday,1,3,0,0,28.2,0.0,60,71,52,19,0
2026-03-14,Meals,Saturday,1,3,0,0,28.2,0.0,140,93,85,8,0
2026-03-14,Parotta,Saturday,1,3,0,0,28.2,0.0,40,92,76,16,0
2026-03-14,Veg Noodles,Saturday,1,3,0,0,28.2,0.0,120,52,44,8,0
2026-03-15,Biryani,Sunday,1,3,0,1,26.2,0.0,220,166,166,0,1
2026-03-15,Chicken Curry,Sunday,1,3,0,1,26.2,0.0,190,56,56,0,1
2026-03-15,Dosa,Sunday,1,3,0,1,26.2,0.0,70,116,87,29,0
2026-03-15,Filter Coffee,Sunday,1,3,0,1,26.2,0.0,30,133,130,3,0
2026-03-15,Fried Rice,Sunday,1,3,0,1,26.2,0.0,160,69,60,9,0
2026-03-15,Idli,Sunday,1,3,0,1,26.2,0.0,50,109,96,13,0
2026-03-15,Lassi,Sunday,1,3,0,1,26.2,0.0,60,61,50,11,0
2026-03-15,Meals,Sunday,1,3,0,1,26.2,0.0,140,95,95,0,1
2026-03-15,Parotta,Sunday,1,3,0,1,26.2,0.0,40,102,88,14,0
2026-03-15,Veg Noodles,Sunday,1,3,0,1,26.2,0.0,120,54,46,8,0
2026-03-16,Biryani,Monday,0,3,0,0,26.1,0.0,220,128,123,5,0
2026-03-16,Chicken Curry,Monday,0,3,0,0,26.1,0.0,190,46,38,8,0
2026-03-16,Dosa,Monday,0,3,0,0,26.1,0.0,70,89,74,15,0
2026-03-16,Filter Coffee,Monday,0,3,0,0,26.1,0.0,30,139,104,35,0
2026-03-16,Fried Rice,Monday,0,3,0,0,26.1,0.0,160,71,52,19,0
2026-03-16,Idli,Monday,0,3,0,0,26.1,0.0,50,127,95,32,0
2026-03-16,Lassi,Monday,0,3,0,0,26.1,0.0,60,54,43,11,0
2026-03-16,Meals,Monday,0,3,0,0,26.1,0.0,140,107,74,33,0
2026-03-16,Parotta,Monday,0,3,0,0,26.1,0.0,40,83,80,3,0
2026-03-16,Veg Noodles,Monday,0,3,0,0,26.1,0.0,120,40,29,11,0
2026-03-17,Biryani,Tuesday,0,3,0,0,27.8,0.0,220,129,124,5,0
2026-03-17,Chicken Curry,Tuesday,0,3,0,0,27.8,0.0,190,55,40,15,0
2026-03-17,Dosa,Tuesday,0,3,0,0,27.8,0.0,70,101,67,34,0
2026-03-17,Filter Coffee,Tuesday,0,3,0,0,27.8,0.0,30,131,96,35,0
2026-03-17,Fried Rice,Tuesday,0,3,0,0,27.8,0.0,160,65,51,14,0
2026-03-17,Idli,Tuesday,0,3,0,0,27.8,0.0,50,102,98,4,0
2026-03-17,Lassi,Tuesday,0,3,0,0,27.8,0.0,60,56,49,7,0
2026-03-17,Meals,Tuesday,0,3,0,0,27.8,0.0,140,92,74,18,0
2026-03-17,Parotta,Tuesday,0,3,0,0,27.8,0.0,40,93,66,27,0
2026-03-17,Veg Noodles,Tuesday,0,3,0,0,27.8,0.0,120,45,31,14,0
2026-03-18,Biryani,Wednesday,0,3,0,0,25.4,0.0,220,132,130,2,0
2026-03-18,Chicken Curry,Wednesday,0,3,0,0,25.4,0.0,190,46,40,6,0
2026-03-18,Dosa,Wednesday,0,3,0,0,25.4,0.0,70,99,77,22,0
2026-03-18,Filter Coffee,Wednesday,0,3,0,0,25.4,0.0,30,136,112,24,0
2026-03-18,Fried Rice,Wednesday,0,3,0,0,25.4,0.0,160,72,54,18,0
2026-03-18,Idli,Wednesday,0,3,0,0,25.4,0.0,50,114,102,12,0
2026-03-18,Lassi,Wednesday,0,3,0,0,25.4,0.0,60,57,35,22,0
2026-03-18,Meals,Wednesday,0,3,0,0,25.4,0.0,140,103,85,18,0
2026-03-18,Parotta,Wednesday,0,3,0,0,25.4,0.0,40,83,76,7,0
2026-03-18,Veg Noodles,Wednesday,0,3,0,0,25.4,0.0,120,48,34,14,0
2026-03-19,Biryani,Thursday,0,3,0,0,27.8,0.0,220,137,120,17,0
2026-03-19,Chicken Curry,Thursday,0,3,0,0,27.8,0.0,190,49,44,5,0
2026-03-19,Dosa,Thursday,0,3,0,0,27.8,0.0,70,103,81,22,0
2026-03-19,Filter Coffee,Thursday,0,3,0,0,27.8,0.0,30,144,101,43,0
2026-03-19,Fried Rice,Thursday,0,3,0,0,27.8,0.0,160,63,52,11,0
2026-03-19,Idli,Thursday,0,3,0,0,27.8,0.0,50,119,94,25,0
2026-03-19,Lassi,Thursday,0,3,0,0,27.8,0.0,60,52,44,8,0
2026-03-19,Meals,Thursday,0,3,0,0,27.8,0.0,140,107,76,31,0
2026-03-19,Parotta,Thursday,0,3,0,0,27.8,0.0,40,94,71,23,0
2026-03-19,Veg Noodles,Thursday,0,3,0,0,27.8,0.0,120,40,32,8,0
2026-03-20,Biryani,Friday,0,3,0,0,27.5,0.0,220,171,122,49,0
2026-03-20,Chicken Curry,Friday,0,3,0,0,27.5,0.0,190,51,40,11,0
2026-03-20,Dosa,Friday,0,3,0,0,27.5,0.0,70,101,72,29,0
2026-03-20,Filter Coffee,Friday,0,3,0,0,27.5,0.0,30,116,102,14,0
2026-03-20,Fried Rice,Friday,0,3,0,0,27.5,0.0,160,64,56,8,0
2026-03-20,Idli,Friday,0,3,0,0,27.5,0.0,50,115,97,18,0
2026-03-20,Lassi,Friday,0,3,0,0,27.5,0.0,60,55,45,10,0
2026-03-20,Meals,Friday,0,3,0,0,27.5,0.0,140,91,65,26,0
2026-03-20,Parotta,Friday,0,3,0,0,27.5,0.0,40,82,71,11,0
2026-03-20,Veg Noodles,Friday,0,3,0,0,27.5,0.0,120,41,36,5,0
2026-03-21,Biryani,Saturday,1,3,0,0,27.3,0.0,220,172,147,25,0
2026-03-21,Chicken Curry,Saturday,1,3,0,0,27.3,0.0,190,55,44,11,0
2026-03-21,Dosa,Saturday,1,3,0,0,27.3,0.0,70,109,82,27,0
2026-03-21,Filter Coffee,Saturday,1,3,0,0,27.3,0.0,30,126,97,29,0
2026-03-21,Fried Rice,Saturday,1,3,0,0,27.3,0.0,160,82,52,30,0
2026-03-21,Idli,Saturday,1,3,0,0,27.3,0.0,50,118,91,27,0
2026-03-21,Lassi,Saturday,1,3,0,0,27.3,0.0,60,62,45,17,0
2026-03-21,Meals,Saturday,1,3,0,0,27.3,0.0,140,105,88,17,0
2026-03-21,Parotta,Saturday,1,3,0,0,27.3,0.0,40,102,84,18,0
2026-03-21,Veg Noodles,Saturday,1,3,0,0,27.3,0.0,120,42,37,5,0
2026-03-22,Biryani,Sunday,1,3,0,0,29.5,0.0,220,201,160,41,0
2026-03-22,Chicken Curry,Sunday,1,3,0,0,29.5,0.0,190,55,46,9,0
2026-03-22,Dosa,Sunday,1,3,0,0,29.5,0.0,70,101,78,23,0
2026-03-22,Filter Coffee,Sunday,1,3,0,0,29.5,0.0,30,145,95,50,0
2026-03-22,Fried Rice,Sunday,1,3,0,0,29.5,0.0,160,79,61,18,0
2026-03-22,Idli,Sunday,1,3,0,0,29.5,0.0,50,97,89,8,0
2026-03-22,Lassi,Sunday,1,3,0,0,29.5,0.0,60,61,51,10,0
2026-03-22,Meals,Sunday,1,3,0,0,29.5,0.0,140,113,78,35,0
2026-03-22,Parotta,Sunday,1,3,0,0,29.5,0.0,40,93,81,12,0
2026-03-22,Veg Noodles,Sunday,1,3,0,0,29.5,0.0,120,46,43,3,0
2026-03-23,Biryani,Monday,0,3,0,0,26.9,0.0,220,158,121,37,0
2026-03-23,Chicken Curry,Monday,0,3,0,0,26.9,0.0,190,52,37,15,0
2026-03-23,Dosa,Monday,0,3,0,0,26.9,0.0,70,87,68,19,0
2026-03-23,Filter Coffee,Monday,0,3,0,0,26.9,0.0,30,142,108,34,0
2026-03-23,Fried Rice,Monday,0,3,0,0,26.9,0.0,160,71,46,25,0
2026-03-23,Idli,Monday,0,3,0,0,26.9,0.0,50,125,85,40,0
2026-03-23,Lassi,Monday,0,3,0,0,26.9,0.0,60,63,42,21,0
2026-03-23,Meals,Monday,0,3,0,0,26.9,0.0,140,112,83,29,0
2026-03-23,Parotta,Monday,0,3,0,0,26.9,0.0,40,88,68,20,0
2026-03-23,Veg Noodles,Monday,0,3,0,0,26.9,0.0,120,47,32,15,0
2026-03-24,Biryani,Tuesday,0,3,0,0,30.2,0.0,220,154,101,53,0
2026-03-24,Chicken Curry,Tuesday,0,3,0,0,30.2,0.0,190,50,41,9,0
2026-03-24,Dosa,Tuesday,0,3,0,0,30.2,0.0,70,91,87,4,0
2026-03-24,Filter Coffee,Tuesday,0,3,0,0,30.2,0.0,30,135,100,35,0
2026-03-24,Fried Rice,Tuesday,0,3,0,0,30.2,0.0,160,72,53,19,0
2026-03-24,Idli,Tuesday,0,3,0,0,30.2,0.0,50,110,88,22,0
2026-03-24,Lassi,Tuesday,0,3,0,0,30.2,0.0,60,62,47,15,0
2026-03-24,Meals,Tuesday,0,3,0,0,30.2,0.0,140,97,89,8,0
2026-03-24,Parotta,Tuesday,0,3,0,0,30.2,0.0,40,83,76,7,0
2026-03-24,Veg Noodles,Tuesday,0,3,0,0,30.2,0.0,120,47,33,14,0
2026-03-25,Biryani,Wednesday,0,3,0,0,27.5,0.0,220,142,108,34,0
2026-03-25,Chicken Curry,Wednesday,0,3,0,0,27.5,0.0,190,52,40,12,0
2026-03-25,Dosa,Wednesday,0,3,0,0,27.5,0.0,70,102,68,34,0
2026-03-25,Filter Coffee,Wednesday,0,3,0,0,27.5,0.0,30,122,122,0,1
2026-03-25,Fried Rice,Wednesday,0,3,0,0,27.5,0.0,160,66,44,22,0
2026-03-25,Idli,Wednesday,0,3,0,0,27.5,0.0,50,126,88,38,0
2026-03-25,Lassi,Wednesday,0,3,0,0,27.5,0.0,60,59,46,13,0
2026-03-25,Meals,Wednesday,0,3,0,0,27.5,0.0,140,114,80,34,0
2026-03-25,Parotta,Wednesday,0,3,0,0,27.5,0.0,40,90,76,14,0
2026-03-25,Veg Noodles,Wednesday,0,3,0,0,27.5,0.0,120,44,35,9,0
2026-03-26,Biryani,Thursday,0,3,0,0,26.3,0.0,220,159,113,46,0
2026-03-26,Chicken Curry,Thursday,0,3,0,0,26.3,0.0,190,48,40,8,0
2026-03-26,Dosa,Thursday,0,3,0,0,26.3,0.0,70,86,67,19,0
2026-03-26,Filter Coffee,Thursday,0,3,0,0,26.3,0.0,30,125,113,12,0
2026-03-26,Fried Rice,Thursday,0,3,0,0,26.3,0.0,160,65,53,12,0
2026-03-26,Idli,Thursday,0,3,0,0,26.3,0.0,50,114,84,30,0
2026-03-26,Lassi,Thursday,0,3,0,0,26.3,0.0,60,57,42,15,0
2026-03-26,Meals,Thursday,0,3,0,0,26.3,0.0,140,111,87,24,0
2026-03-26,Parotta,Thursday,0,3,0,0,26.3,0.0,40,81,76,5,0
2026-03-26,Veg Noodles,Thursday,0,3,0,0,26.3,0.0,120,42,36,6,0
2026-03-27,Biryani,Friday,0,3,0,0,28.0,0.0,220,164,130,34,0
2026-03-27,Chicken Curry,Friday,0,3,0,0,28.0,0.0,190,60,47,13,0
2026-03-27,Dosa,Friday,0,3,0,0,28.0,0.0,70,100,77,23,0
2026-03-27,Filter Coffee,Friday,0,3,0,0,28.0,0.0,30,143,96,47,0
2026-03-27,Fried Rice,Friday,0,3,0,0,28.0,0.0,160,69,48,21,0
2026-03-27,Idli,Friday,0,3,0,0,28.0,0.0,50,102,79,23,0
2026-03-27,Lassi,Friday,0,3,0,0,28.0,0.0,60,65,43,22,0
2026-03-27,Meals,Friday,0,3,0,0,28.0,0.0,140,107,82,25,0
2026-03-27,Parotta,Friday,0,3,0,0,28.0,0.0,40,97,52,45,0
2026-03-27,Veg Noodles,Friday,0,3,0,0,28.0,0.0,120,49,36,13,0
2026-03-28,Biryani,Saturday,1,3,0,0,26.7,0.0,220,181,136,45,0
2026-03-28,Chicken Curry,Saturday,1,3,0,0,26.7,0.0,190,60,51,9,0
2026-03-28,Dosa,Saturday,1,3,0,0,26.7,0.0,70,113,81,32,0
2026-03-28,Filter Coffee,Saturday,1,3,0,0,26.7,0.0,30,137,95,42,0
2026-03-28,Fried Rice,Saturday,1,3,0,0,26.7,0.0,160,80,56,24,0
2026-03-28,Idli,Saturday,1,3,0,0,26.7,0.0,50,125,85,40,0
2026-03-28,Lassi,Saturday,1,3,0,0,26.7,0.0,60,58,41,17,0
2026-03-28,Meals,Saturday,1,3,0,0,26.7,0.0,140,103,95,8,0
2026-03-28,Parotta,Saturday,1,3,0,0,26.7,0.0,40,97,78,19,0
2026-03-28,Veg Noodles,Saturday,1,3,0,0,26.7,0.0,120,44,31,13,0
2026-03-29,Biryani,Sunday,1,3,0,0,27.2,0.0,220,206,162,44,0
2026-03-29,Chicken Curry,Sunday,1,3,0,0,27.2,0.0,190,70,43,27,0
2026-03-29,Dosa,Sunday,1,3,0,0,27.2,0.0,70,115,87,28,0
2026-03-29,Filter Coffee,Sunday,1,3,0,0,27.2,0.0,30,124,110,14,0
2026-03-29,Fried Rice,Sunday,1,3,0,0,27.2,0.0,160,87,66,21,0
2026-03-29,Idli,Sunday,1,3,0,0,27.2,0.0,50,116,84,32,0
2026-03-29,Lassi,Sunday,1,3,0,0,27.2,0.0,60,72,45,27,0
2026-03-29,Meals,Sunday,1,3,0,0,27.2,0.0,140,114,78,36,0
2026-03-29,Parotta,Sunday,1,3,0,0,27.2,0.0,40,112,81,31,0
2026-03-29,Veg Noodles,Sunday,1,3,0,0,27.2,0.0,120,46,40,6,0
2026-03-30,Biryani,Monday,0,3,0,0,28.6,0.0,220,149,127,22,0
2026-03-30,Chicken Curry,Monday,0,3,0,0,28.6,0.0,190,49,42,7,0
2026-03-30,Dosa,Monday,0,3,0,0,28.6,0.0,70,99,87,12,0
2026-03-30,Filter Coffee,Monday,0,3,0,0,28.6,0.0,30,119,101,18,0
2026-03-30,Fried Rice,Monday,0,3,0,0,28.6,0.0,160,63,52,11,0
2026-03-30,Idli,Monday,0,3,0,0,28.6,0.0,50,112,92,20,0
2026-03-30,Lassi,Monday,0,3,0,0,28.6,0.0,60,52,45,7,0
2026-03-30,Meals,Monday,0,3,0,0,28.6,0.0,140,110,80,30,0
2026-03-30,Parotta,Monday,0,3,0,0,28.6,0.0,40,92,68,24,0
2026-03-30,Veg Noodles,Monday,0,3,0,0,28.6,0.0,120,39,34,5,0
2026-03-31,Biryani,Tuesday,0,3,0,0,28.9,0.0,220,147,126,21,0
2026-03-31,Chicken Curry,Tuesday,0,3,0,0,28.9,0.0,190,45,41,4,0
2026-03-31,Dosa,Tuesday,0,3,0,0,28.9,0.0,70,102,70,32,0
2026-03-31,Filter Coffee,Tuesday,0,3,0,0,28.9,0.0,30,140,116,24,0
2026-03-31,Fried Rice,Tuesday,0,3,0,0,28.9,0.0,160,69,45,24,0
2026-03-31,Idli,Tuesday,0,3,0,0,28.9,0.0,50,110,95,15,0
2026-03-31,Lassi,Tuesday,0,3,0,0,28.9,0.0,60,64,42,22,0
2026-03-31,Meals,Tuesday,0,3,0,0,28.9,0.0,140,97,84,13,0
2026-03-31,Parotta,Tuesday,0,3,0,0,28.9,0.0,40,90,72,18,0
2026-03-31,Veg Noodles,Tuesday,0,3,0,0,28.9,0.0,120,47,37,10,0
2026-04-01,Biryani,Wednesday,0,4,0,0,27.6,18.8,220,160,122,38,0
2026-04-01,Chicken Curry,Wednesday,0,4,0,0,27.6,18.8,190,55,39,16,0
2026-04-01,Dosa,Wednesday,0,4,0,0,27.6,18.8,70,86,72,14,0
2026-04-01,Filter Coffee,Wednesday,0,4,0,0,27.6,18.8,30,134,116,18,0
2026-04-01,Fried Rice,Wednesday,0,4,0,0,27.6,18.8,160,62,48,14,0
2026-04-01,Idli,Wednesday,0,4,0,0,27.6,18.8,50,119,96,23,0
2026-04-01,Lassi,Wednesday,0,4,0,0,27.6,18.8,60,53,43,10,0
2026-04-01,Meals,Wednesday,0,4,0,0,27.6,18.8,140,114,79,35,0
2026-04-01,Parotta,Wednesday,0,4,0,0,27.6,18.8,40,95,73,22,0
2026-04-01,Veg Noodles,Wednesday,0,4,0,0,27.6,18.8,120,46,36,10,0
2026-04-02,Biryani,Thursday,0,4,0,0,29.6,0.0,220,144,105,39,0
2026-04-02,Chicken Curry,Thursday,0,4,0,0,29.6,0.0,190,55,41,14,0
2026-04-02,Dosa,Thursday,0,4,0,0,29.6,0.0,70,95,84,11,0
2026-04-02,Filter Coffee,Thursday,0,4,0,0,29.6,0.0,30,146,88,58,0
2026-04-02,Fried Rice,Thursday,0,4,0,0,29.6,0.0,160,67,45,22,0
2026-04-02,Idli,Thursday,0,4,0,0,29.6,0.0,50,131,89,42,0
2026-04-02,Lassi,Thursday,0,4,0,0,29.6,0.0,60,63,46,17,0
2026-04-02,Meals,Thursday,0,4,0,0,29.6,0.0,140,112,87,25,0
2026-04-02,Parotta,Thursday,0,4,0,0,29.6,0.0,40,81,72,9,0
2026-04-02,Veg Noodles,Thursday,0,4,0,0,29.6,0.0,120,45,35,10,0
2026-04-03,Biryani,Friday,0,4,0,0,29.8,1.8,220,167,126,41,0
2026-04-03,Chicken Curry,Friday,0,4,0,0,29.8,1.8,190,48,37,11,0
2026-04-03,Dosa,Friday,0,4,0,0,29.8,1.8,70,98,82,16,0
2026-04-03,Filter Coffee,Friday,0,4,0,0,29.8,1.8,30,128,95,33,0
2026-04-03,Fried Rice,Friday,0,4,0,0,29.8,1.8,160,74,47,27,0
2026-04-03,Idli,Friday,0,4,0,0,29.8,1.8,50,109,84,25,0
2026-04-03,Lassi,Friday,0,4,0,0,29.8,1.8,60,53,51,2,0
2026-04-03,Meals,Friday,0,4,0,0,29.8,1.8,140,103,78,25,0
2026-04-03,Parotta,Friday,0,4,0,0,29.8,1.8,40,94,69,25,0
2026-04-03,Veg Noodles,Friday,0,4,0,0,29.8,1.8,120,48,36,12,0
2026-04-04,Biryani,Saturday,1,4,0,0,30.3,0.0,220,152,127,25,0
2026-04-04,Chicken Curry,Saturday,1,4,0,0,30.3,0.0,190,60,51,9,0
2026-04-04,Dosa,Saturday,1,4,0,0,30.3,0.0,70,108,84,24,0
2026-04-04,Filter Coffee,Saturday,1,4,0,0,30.3,0.0,30,126,97,29,0
2026-04-04,Fried Rice,Saturday,1,4,0,0,30.3,0.0,160,80,58,22,0
2026-04-04,Idli,Saturday,1,4,0,0,30.3,0.0,50,124,94,30,0
2026-04-04,Lassi,Saturday,1,4,0,0,30.3,0.0,60,68,47,21,0
2026-04-04,Meals,Saturday,1,4,0,0,30.3,0.0,140,112,98,14,0
2026-04-04,Parotta,Saturday,1,4,0,0,30.3,0.0,40,93,84,9,0
2026-04-04,Veg Noodles,Saturday,1,4,0,0,30.3,0.0,120,44,42,2,0
2026-04-05,Biryani,Sunday,1,4,0,0,29.2,18.4,220,164,124,40,0
2026-04-05,Chicken Curry,Sunday,1,4,0,0,29.2,18.4,190,65,52,13,0
2026-04-05,Dosa,Sunday,1,4,0,0,29.2,18.4,70,99,79,20,0
2026-04-05,Filter Coffee,Sunday,1,4,0,0,29.2,18.4,30,124,115,9,0
2026-04-05,Fried Rice,Sunday,1,4,0,0,29.2,18.4,160,77,63,14,0
2026-04-05,Idli,Sunday,1,4,0,0,29.2,18.4,50,104,88,16,0
2026-04-05,Lassi,Sunday,1,4,0,0,29.2,18.4,60,67,44,23,0
2026-04-05,Meals,Sunday,1,4,0,0,29.2,18.4,140,109,101,8,0
2026-04-05,Parotta,Sunday,1,4,0,0,29.2,18.4,40,107,87,20,0
2026-04-05,Veg Noodles,Sunday,1,4,0,0,29.2,18.4,120,49,43,6,0
2026-04-06,Biryani,Monday,0,4,0,0,30.3,0.0,220,147,111,36,0
2026-04-06,Chicken Curry,Monday,0,4,0,0,30.3,0.0,190,47,37,10,0
2026-04-06,Dosa,Monday,0,4,0,0,30.3,0.0,70,85,81,4,0
2026-04-06,Filter Coffee,Monday,0,4,0,0,30.3,0.0,30,131,94,37,0
2026-04-06,Fried Rice,Monday,0,4,0,0,30.3,0.0,160,63,53,10,0
2026-04-06,Idli,Monday,0,4,0,0,30.3,0.0,50,122,88,34,0
2026-04-06,Lassi,Monday,0,4,0,0,30.3,0.0,60,51,50,1,0
2026-04-06,Meals,Monday,0,4,0,0,30.3,0.0,140,109,81,28,0
2026-04-06,Parotta,Monday,0,4,0,0,30.3,0.0,40,77,71,6,0
2026-04-06,Veg Noodles,Monday,0,4,0,0,30.3,0.0,120,47,35,12,0
2026-04-07,Biryani,Tuesday,0,4,0,0,26.5,0.0,220,130,129,1,0
2026-04-07,Chicken Curry,Tuesday,0,4,0,0,26.5,0.0,190,52,38,14,0
2026-04-07,Dosa,Tuesday,0,4,0,0,26.5,0.0,70,99,79,20,0
2026-04-07,Filter Coffee,Tuesday,0,4,0,0,26.5,0.0,30,125,109,16,0
2026-04-07,Fried Rice,Tuesday,0,4,0,0,26.5,0.0,160,62,54,8,0
2026-04-07,Idli,Tuesday,0,4,0,0,26.5,0.0,50,113,91,22,0
2026-04-07,Lassi,Tuesday,0,4,0,0,26.5,0.0,60,62,41,21,0
2026-04-07,Meals,Tuesday,0,4,0,0,26.5,0.0,140,110,84,26,0
2026-04-07,Parotta,Tuesday,0,4,0,0,26.5,0.0,40,86,72,14,0
2026-04-07,Veg Noodles,Tuesday,0,4,0,0,26.5,0.0,120,48,41,7,0
2026-04-08,Biryani,Wednesday,0,4,0,0,28.5,0.0,220,163,119,44,0
2026-04-08,Chicken Curry,Wednesday,0,4,0,0,28.5,0.0,190,48,35,13,0
2026-04-08,Dosa,Wednesday,0,4,0,0,28.5,0.0,70,95,75,20,0
2026-04-08,Filter Coffee,Wednesday,0,4,0,0,28.5,0.0,30,117,94,23,0
2026-04-08,Fried Rice,Wednesday,0,4,0,0,28.5,0.0,160,60,51,9,0
2026-04-08,Idli,Wednesday,0,4,0,0,28.5,0.0,50,105,86,19,0
2026-04-08,Lassi,Wednesday,0,4,0,0,28.5,0.0,60,53,43,10,0
2026-04-08,Meals,Wednesday,0,4,0,0,28.5,0.0,140,90,88,2,0
2026-04-08,Parotta,Wednesday,0,4,0,0,28.5,0.0,40,91,75,16,0
2026-04-08,Veg Noodles,Wednesday,0,4,0,0,28.5,0.0,120,44,33,11,0
2026-04-09,Biryani,Thursday,0,4,0,0,27.9,0.0,220,128,128,0,1
2026-04-09,Chicken Curry,Thursday,0,4,0,0,27.9,0.0,190,45,39,6,0
2026-04-09,Dosa,Thursday,0,4,0,0,27.9,0.0,70,103,71,32,0
2026-04-09,Filter Coffee,Thursday,0,4,0,0,27.9,0.0,30,125,106,19,0
2026-04-09,Fried Rice,Thursday,0,4,0,0,27.9,0.0,160,63,51,12,0
2026-04-09,Idli,Thursday,0,4,0,0,27.9,0.0,50,129,88,41,0
2026-04-09,Lassi,Thursday,0,4,0,0,27.9,0.0,60,59,45,14,0
2026-04-09,Meals,Thursday,0,4,0,0,27.9,0.0,140,91,73,18,0
2026-04-09,Parotta,Thursday,0,4,0,0,27.9,0.0,40,87,74,13,0
2026-04-09,Veg Noodles,Thursday,0,4,0,0,27.9,0.0,120,40,31,9,0
2026-04-10,Biryani,Friday,0,4,0,0,29.1,0.0,220,164,124,40,0
2026-04-10,Chicken Curry,Friday,0,4,0,0,29.1,0.0,190,59,41,18,0
2026-04-10,Dosa,Friday,0,4,0,0,29.1,0.0,70,97,77,20,0
2026-04-10,Filter Coffee,Friday,0,4,0,0,29.1,0.0,30,122,107,15,0
2026-04-10,Fried Rice,Friday,0,4,0,0,29.1,0.0,160,75,49,26,0
2026-04-10,Idli,Friday,0,4,0,0,29.1,0.0,50,105,86,19,0
2026-04-10,Lassi,Friday,0,4,0,0,29.1,0.0,60,58,48,10,0
2026-04-10,Meals,Friday,0,4,0,0,29.1,0.0,140,99,73,26,0
2026-04-10,Parotta,Friday,0,4,0,0,29.1,0.0,40,85,70,15,0
2026-04-10,Veg Noodles,Friday,0,4,0,0,29.1,0.0,120,51,35,16,0
2026-04-11,Biryani,Saturday,1,4,0,0,28.4,0.0,220,161,161,0,1
2026-04-11,Chicken Curry,Saturday,1,4,0,0,28.4,0.0,190,58,41,17,0
2026-04-11,Dosa,Saturday,1,4,0,0,28.4,0.0,70,110,90,20,0
2026-04-11,Filter Coffee,Saturday,1,4,0,0,28.4,0.0,30,142,118,24,0
2026-04-11,Fried Rice,Saturday,1,4,0,0,28.4,0.0,160,72,56,16,0
2026-04-11,Idli,Saturday,1,4,0,0,28.4,0.0,50,124,86,38,0
2026-04-11,Lassi,Saturday,1,4,0,0,28.4,0.0,60,67,42,25,0
2026-04-11,Meals,Saturday,1,4,0,0,28.4,0.0,140,117,92,25,0
2026-04-11,Parotta,Saturday,1,4,0,0,28.4,0.0,40,95,81,14,0
2026-04-11,Veg Noodles,Saturday,1,4,0,0,28.4,0.0,120,47,37,10,0
2026-04-12,Biryani,Sunday,1,4,0,0,29.0,0.0,220,209,149,60,0
2026-04-12,Chicken Curry,Sunday,1,4,0,0,29.0,0.0,190,67,52,15,0
2026-04-12,Dosa,Sunday,1,4,0,0,29.0,0.0,70,105,75,30,0
2026-04-12,Filter Coffee,Sunday,1,4,0,0,29.0,0.0,30,123,106,17,0
2026-04-12,Fried Rice,Sunday,1,4,0,0,29.0,0.0,160,75,55,20,0
2026-04-12,Idli,Sunday,1,4,0,0,29.0,0.0,50,98,90,8,0
2026-04-12,Lassi,Sunday,1,4,0,0,29.0,0.0,60,72,56,16,0
2026-04-12,Meals,Sunday,1,4,0,0,29.0,0.0,140,106,87,19,0
2026-04-12,Parotta,Sunday,1,4,0,0,29.0,0.0,40,110,80,30,0
2026-04-12,Veg Noodles,Sunday,1,4,0,0,29.0,0.0,120,48,33,15,0
2026-04-13,Biryani,Monday,0,4,0,0,31.5,0.0,220,142,113,29,0
2026-04-13,Chicken Curry,Monday,0,4,0,0,31.5,0.0,190,54,44,10,0
2026-04-13,Dosa,Monday,0,4,0,0,31.5,0.0,70,101,69,32,0
2026-04-13,Filter Coffee,Monday,0,4,0,0,31.5,0.0,30,130,94,36,0
2026-04-13,Fried Rice,Monday,0,4,0,0,31.5,0.0,160,70,48,22,0
2026-04-13,Idli,Monday,0,4,0,0,31.5,0.0,50,110,94,16,0
2026-04-13,Lassi,Monday,0,4,0,0,31.5,0.0,60,58,46,12,0
2026-04-13,Meals,Monday,0,4,0,0,31.5,0.0,140,112,78,34,0
2026-04-13,Parotta,Monday,0,4,0,0,31.5,0.0,40,81,79,2,0
2026-04-13,Veg Noodles,Monday,0,4,0,0,31.5,0.0,120,40,32,8,0
2026-04-14,Biryani,Tuesday,0,4,0,1,29.1,0.0,220,129,116,13,0
2026-04-14,Chicken Curry,Tuesday,0,4,0,1,29.1,0.0,190,57,45,12,0
2026-04-14,Dosa,Tuesday,0,4,0,1,29.1,0.0,70,100,79,21,0
2026-04-14,Filter Coffee,Tuesday,0,4,0,1,29.1,0.0,30,137,131,6,0
2026-04-14,Fried Rice,Tuesday,0,4,0,1,29.1,0.0,160,61,58,3,0
2026-04-14,Idli,Tuesday,0,4,0,1,29.1,0.0,50,129,116,13,0
2026-04-14,Lassi,Tuesday,0,4,0,1,29.1,0.0,60,62,57,5,0
2026-04-14,Meals,Tuesday,0,4,0,1,29.1,0.0,140,101,90,11,0
2026-04-14,Parotta,Tuesday,0,4,0,1,29.1,0.0,40,85,84,1,0
2026-04-14,Veg Noodles,Tuesday,0,4,0,1,29.1,0.0,120,38,38,0,1
2026-04-15,Biryani,Wednesday,0,4,0,0,29.9,0.0,220,129,125,4,0
2026-04-15,Chicken Curry,Wednesday,0,4,0,0,29.9,0.0,190,50,39,11,0
2026-04-15,Dosa,Wednesday,0,4,0,0,29.9,0.0,70,89,72,17,0
2026-04-15,Filter Coffee,Wednesday,0,4,0,0,29.9,0.0,30,120,101,19,0
2026-04-15,Fried Rice,Wednesday,0,4,0,0,29.9,0.0,160,62,51,11,0
2026-04-15,Idli,Wednesday,0,4,0,0,29.9,0.0,50,121,100,21,0
2026-04-15,Lassi,Wednesday,0,4,0,0,29.9,0.0,60,64,41,23,0
2026-04-15,Meals,Wednesday,0,4,0,0,29.9,0.0,140,97,66,31,0
2026-04-15,Parotta,Wednesday,0,4,0,0,29.9,0.0,40,98,65,33,0
2026-04-15,Veg Noodles,Wednesday,0,4,0,0,29.9,0.0,120,45,34,11,0
2026-04-16,Biryani,Thursday,0,4,0,0,29.2,0.0,220,148,110,38,0
2026-04-16,Chicken Curry,Thursday,0,4,0,0,29.2,0.0,190,50,41,9,0
2026-04-16,Dosa,Thursday,0,4,0,0,29.2,0.0,70,90,74,16,0
2026-04-16,Filter Coffee,Thursday,0,4,0,0,29.2,0.0,30,132,110,22,0
2026-04-16,Fried Rice,Thursday,0,4,0,0,29.2,0.0,160,73,66,7,0
2026-04-16,Idli,Thursday,0,4,0,0,29.2,0.0,50,108,107,1,0
2026-04-16,Lassi,Thursday,0,4,0,0,29.2,0.0,60,61,46,15,0
2026-04-16,Meals,Thursday,0,4,0,0,29.2,0.0,140,112,79,33,0
2026-04-16,Parotta,Thursday,0,4,0,0,29.2,0.0,40,97,82,15,0
2026-04-16,Veg Noodles,Thursday,0,4,0,0,29.2,0.0,120,45,32,13,0
2026-04-17,Biryani,Friday,0,4,0,0,29.6,0.0,220,174,116,58,0
2026-04-17,Chicken Curry,Friday,0,4,0,0,29.6,0.0,190,51,42,9,0
2026-04-17,Dosa,Friday,0,4,0,0,29.6,0.0,70,107,82,25,0
2026-04-17,Filter Coffee,Friday,0,4,0,0,29.6,0.0,30,143,98,45,0
2026-04-17,Fried Rice,Friday,0,4,0,0,29.6,0.0,160,62,48,14,0
2026-04-17,Idli,Friday,0,4,0,0,29.6,0.0,50,118,94,24,0
2026-04-17,Lassi,Friday,0,4,0,0,29.6,0.0,60,57,46,11,0
2026-04-17,Meals,Friday,0,4,0,0,29.6,0.0,140,105,76,29,0
2026-04-17,Parotta,Friday,0,4,0,0,29.6,0.0,40,80,60,20,0
2026-04-17,Veg Noodles,Friday,0,4,0,0,29.6,0.0,120,42,36,6,0
2026-04-18,Biryani,Saturday,1,4,0,0,29.6,22.1,220,192,142,50,0
2026-04-18,Chicken Curry,Saturday,1,4,0,0,29.6,22.1,190,60,43,17,0
2026-04-18,Dosa,Saturday,1,4,0,0,29.6,22.1,70,94,84,10,0
2026-04-18,Filter Coffee,Saturday,1,4,0,0,29.6,22.1,30,134,113,21,0
2026-04-18,Fried Rice,Saturday,1,4,0,0,29.6,22.1,160,72,56,16,0
2026-04-18,Idli,Saturday,1,4,0,0,29.6,22.1,50,103,96,7,0
2026-04-18,Lassi,Saturday,1,4,0,0,29.6,22.1,60,62,39,23,0
2026-04-18,Meals,Saturday,1,4,0,0,29.6,22.1,140,103,89,14,0
2026-04-18,Parotta,Saturday,1,4,0,0,29.6,22.1,40,97,82,15,0
2026-04-18,Veg Noodles,Saturday,1,4,0,0,29.6,22.1,120,44,37,7,0
2026-04-19,Biryani,Sunday,1,4,0,0,30.2,0.0,220,180,161,19,0
2026-04-19,Chicken Curry,Sunday,1,4,0,0,30.2,0.0,190,63,47,16,0
2026-04-19,Dosa,Sunday,1,4,0,0,30.2,0.0,70,110,82,28,0
2026-04-19,Filter Coffee,Sunday,1,4,0,0,30.2,0.0,30,131,96,35,0
2026-04-19,Fried Rice,Sunday,1,4,0,0,30.2,0.0,160,80,55,25,0
2026-04-19,Idli,Sunday,1,4,0,0,30.2,0.0,50,119,82,37,0
2026-04-19,Lassi,Sunday,1,4,0,0,30.2,0.0,60,62,55,7,0
2026-04-19,Meals,Sunday,1,4,0,0,30.2,0.0,140,97,92,5,0
2026-04-19,Parotta,Sunday,1,4,0,0,30.2,0.0,40,90,75,15,0
2026-04-19,Veg Noodles,Sunday,1,4,0,0,30.2,0.0,120,51,42,9,0
2026-04-20,Biryani,Monday,0,4,0,0,31.2,0.0,220,145,124,21,0
2026-04-20,Chicken Curry,Monday,0,4,0,0,31.2,0.0,190,54,39,15,0
2026-04-20,Dosa,Monday,0,4,0,0,31.2,0.0,70,87,76,11,0
2026-04-20,Filter Coffee,Monday,0,4,0,0,31.2,0.0,30,142,103,39,0
2026-04-20,Fried Rice,Monday,0,4,0,0,31.2,0.0,160,61,49,12,0
2026-04-20,Idli,Monday,0,4,0,0,31.2,0.0,50,104,97,7,0
2026-04-20,Lassi,Monday,0,4,0,0,31.2,0.0,60,58,40,18,0
2026-04-20,Meals,Monday,0,4,0,0,31.2,0.0,140,92,83,9,0
2026-04-20,Parotta,Monday,0,4,0,0,31.2,0.0,40,97,79,18,0
2026-04-20,Veg Noodles,Monday,0,4,0,0,31.2,0.0,120,43,32,11,0
2026-04-21,Biryani,Tuesday,0,4,0,0,31.8,0.0,220,132,110,22,0
2026-04-21,Chicken Curry,Tuesday,0,4,0,0,31.8,0.0,190,49,40,9,0
2026-04-21,Dosa,Tuesday,0,4,0,0,31.8,0.0,70,101,78,23,0
2026-04-21,Filter Coffee,Tuesday,0,4,0,0,31.8,0.0,30,146,106,40,0
2026-04-21,Fried Rice,Tuesday,0,4,0,0,31.8,0.0,160,62,50,12,0
2026-04-21,Idli,Tuesday,0,4,0,0,31.8,0.0,50,118,86,32,0
2026-04-21,Lassi,Tuesday,0,4,0,0,31.8,0.0,60,55,47,8,0
2026-04-21,Meals,Tuesday,0,4,0,0,31.8,0.0,140,93,82,11,0
2026-04-21,Parotta,Tuesday,0,4,0,0,31.8,0.0,40,86,70,16,0
2026-04-21,Veg Noodles,Tuesday,0,4,0,0,31.8,0.0,120,42,36,6,0
2026-04-22,Biryani,Wednesday,0,4,0,0,30.3,0.0,220,147,113,34,0
2026-04-22,Chicken Curry,Wednesday,0,4,0,0,30.3,0.0,190,46,40,6,0
2026-04-22,Dosa,Wednesday,0,4,0,0,30.3,0.0,70,88,65,23,0
2026-04-22,Filter Coffee,Wednesday,0,4,0,0,30.3,0.0,30,142,98,44,0
2026-04-22,Fried Rice,Wednesday,0,4,0,0,30.3,0.0,160,61,55,6,0
2026-04-22,Idli,Wednesday,0,4,0,0,30.3,0.0,50,104,81,23,0
2026-04-22,Lassi,Wednesday,0,4,0,0,30.3,0.0,60,63,50,13,0
2026-04-22,Meals,Wednesday,0,4,0,0,30.3,0.0,140,99,71,28,0
2026-04-22,Parotta,Wednesday,0,4,0,0,30.3,0.0,40,86,64,22,0
2026-04-22,Veg Noodles,Wednesday,0,4,0,0,30.3,0.0,120,41,31,10,0
2026-04-23,Biryani,Thursday,0,4,0,0,30.7,33.3,220,150,106,44,0
2026-04-23,Chicken Curry,Thursday,0,4,0,0,30.7,33.3,190,56,42,14,0
2026-04-23,Dosa,Thursday,0,4,0,0,30.7,33.3,70,97,83,14,0
2026-04-23,Filter Coffee,Thursday,0,4,0,0,30.7,33.3,30,128,110,18,0
2026-04-23,Fried Rice,Thursday,0,4,0,0,30.7,33.3,160,63,48,15,0
2026-04-23,Idli,Thursday,0,4,0,0,30.7,33.3,50,122,110,12,0
2026-04-23,Lassi,Thursday,0,4,0,0,30.7,33.3,60,60,40,20,0
2026-04-23,Meals,Thursday,0,4,0,0,30.7,33.3,140,105,84,21,0
2026-04-23,Parotta,Thursday,0,4,0,0,30.7,33.3,40,83,71,12,0
2026-04-23,Veg Noodles,Thursday,0,4,0,0,30.7,33.3,120,48,32,16,0
2026-04-24,Biryani,Friday,0,4,0,0,28.7,0.0,220,146,130,16,0
2026-04-24,Chicken Curry,Friday,0,4,0,0,28.7,0.0,190,58,37,21,0
2026-04-24,Dosa,Friday,0,4,0,0,28.7,0.0,70,99,71,28,0
2026-04-24,Filter Coffee,Friday,0,4,0,0,28.7,0.0,30,135,108,27,0
2026-04-24,Fried Rice,Friday,0,4,0,0,28.7,0.0,160,75,53,22,0
2026-04-24,Idli,Friday,0,4,0,0,28.7,0.0,50,128,82,46,0
2026-04-24,Lassi,Friday,0,4,0,0,28.7,0.0,60,62,42,20,0
2026-04-24,Meals,Friday,0,4,0,0,28.7,0.0,140,99,85,14,0
2026-04-24,Parotta,Friday,0,4,0,0,28.7,0.0,40,92,67,25,0
2026-04-24,Veg Noodles,Friday,0,4,0,0,28.7,0.0,120,51,41,10,0
2026-04-25,Biryani,Saturday,1,4,0,0,30.0,0.0,220,177,152,25,0
2026-04-25,Chicken Curry,Saturday,1,4,0,0,30.0,0.0,190,56,48,8,0
2026-04-25,Dosa,Saturday,1,4,0,0,30.0,0.0,70,94,76,18,0
2026-04-25,Filter Coffee,Saturday,1,4,0,0,30.0,0.0,30,132,96,36,0
2026-04-25,Fried Rice,Saturday,1,4,0,0,30.0,0.0,160,72,56,16,0
2026-04-25,Idli,Saturday,1,4,0,0,30.0,0.0,50,121,91,30,0
2026-04-25,Lassi,Saturday,1,4,0,0,30.0,0.0,60,57,53,4,0
2026-04-25,Meals,Saturday,1,4,0,0,30.0,0.0,140,95,92,3,0
2026-04-25,Parotta,Saturday,1,4,0,0,30.0,0.0,40,88,73,15,0
2026-04-25,Veg Noodles,Saturday,1,4,0,0,30.0,0.0,120,46,35,11,0
2026-04-26,Biryani,Sunday,1,4,0,0,31.4,3.6,220,207,149,58,0
2026-04-26,Chicken Curry,Sunday,1,4,0,0,31.4,3.6,190,66,49,17,0
2026-04-26,Dosa,Sunday,1,4,0,0,31.4,3.6,70,105,84,21,0
2026-04-26,Filter Coffee,Sunday,1,4,0,0,31.4,3.6,30,125,90,35,0
2026-04-26,Fried Rice,Sunday,1,4,0,0,31.4,3.6,160,77,54,23,0
2026-04-26,Idli,Sunday,1,4,0,0,31.4,3.6,50,106,80,26,0
2026-04-26,Lassi,Sunday,1,4,0,0,31.4,3.6,60,58,52,6,0
2026-04-26,Meals,Sunday,1,4,0,0,31.4,3.6,140,103,100,3,0
2026-04-26,Parotta,Sunday,1,4,0,0,31.4,3.6,40,109,77,32,0
2026-04-26,Veg Noodles,Sunday,1,4,0,0,31.4,3.6,120,53,37,16,0
2026-04-27,Biryani,Monday,0,4,0,0,31.3,1.5,220,128,128,0,1
2026-04-27,Chicken Curry,Monday,0,4,0,0,31.3,1.5,190,51,49,2,0
2026-04-27,Dosa,Monday,0,4,0,0,31.3,1.5,70,104,74,30,0
2026-04-27,Filter Coffee,Monday,0,4,0,0,31.3,1.5,30,129,104,25,0
2026-04-27,Fried Rice,Monday,0,4,0,0,31.3,1.5,160,64,48,16,0
2026-04-27,Idli,Monday,0,4,0,0,31.3,1.5,50,109,100,9,0
2026-04-27,Lassi,Monday,0,4,0,0,31.3,1.5,60,63,46,17,0
2026-04-27,Meals,Monday,0,4,0,0,31.3,1.5,140,100,70,30,0
2026-04-27,Parotta,Monday,0,4,0,0,31.3,1.5,40,87,64,23,0
2026-04-27,Veg Noodles,Monday,0,4,0,0,31.3,1.5,120,48,31,17,0
2026-04-28,Biryani,Tuesday,0,4,0,0,30.6,0.0,220,136,122,14,0
2026-04-28,Chicken Curry,Tuesday,0,4,0,0,30.6,0.0,190,54,39,15,0
2026-04-28,Dosa,Tuesday,0,4,0,0,30.6,0.0,70,99,77,22,0
2026-04-28,Filter Coffee,Tuesday,0,4,0,0,30.6,0.0,30,142,101,41,0
2026-04-28,Fried Rice,Tuesday,0,4,0,0,30.6,0.0,160,73,50,23,0
2026-04-28,Idli,Tuesday,0,4,0,0,30.6,0.0,50,106,101,5,0
2026-04-28,Lassi,Tuesday,0,4,0,0,30.6,0.0,60,59,51,8,0
2026-04-28,Meals,Tuesday,0,4,0,0,30.6,0.0,140,115,77,38,0
2026-04-28,Parotta,Tuesday,0,4,0,0,30.6,0.0,40,89,70,19,0
2026-04-28,Veg Noodles,Tuesday,0,4,0,0,30.6,0.0,120,39,32,7,0
2026-04-29,Biryani,Wednesday,0,4,0,0,31.5,0.0,220,136,111,25,0
2026-04-29,Chicken Curry,Wednesday,0,4,0,0,31.5,0.0,190,50,41,9,0
2026-04-29,Dosa,Wednesday,0,4,0,0,31.5,0.0,70,107,75,32,0
2026-04-29,Filter Coffee,Wednesday,0,4,0,0,31.5,0.0,30,125,99,26,0
2026-04-29,Fried Rice,Wednesday,0,4,0,0,31.5,0.0,160,60,51,9,0
2026-04-29,Idli,Wednesday,0,4,0,0,31.5,0.0,50,128,95,33,0
2026-04-29,Lassi,Wednesday,0,4,0,0,31.5,0.0,60,65,43,22,0
2026-04-29,Meals,Wednesday,0,4,0,0,31.5,0.0,140,100,75,25,0
2026-04-29,Parotta,Wednesday,0,4,0,0,31.5,0.0,40,95,70,25,0
2026-04-29,Veg Noodles,Wednesday,0,4,0,0,31.5,0.0,120,48,34,14,0
2026-04-30,Biryani,Thursday,0,4,0,0,31.1,0.0,220,133,121,12,0
2026-04-30,Chicken Curry,Thursday,0,4,0,0,31.1,0.0,190,52,50,2,0
2026-04-30,Dosa,Thursday,0,4,0,0,31.1,0.0,70,102,72,30,0
2026-04-30,Filter Coffee,Thursday,0,4,0,0,31.1,0.0,30,144,105,39,0
2026-04-30,Fried Rice,Thursday,0,4,0,0,31.1,0.0,160,72,53,19,0
2026-04-30,Idli,Thursday,0,4,0,0,31.1,0.0,50,105,101,4,0
2026-04-30,Lassi,Thursday,0,4,0,0,31.1,0.0,60,59,45,14,0
2026-04-30,Meals,Thursday,0,4,0,0,31.1,0.0,140,92,81,11,0
2026-04-30,Parotta,Thursday,0,4,0,0,31.1,0.0,40,81,63,18,0
2026-04-30,Veg Noodles,Thursday,0,4,0,0,31.1,0.0,120,44,36,8,0
2026-05-01,Biryani,Friday,0,5,0,0,32.0,0.0,220,143,138,5,0
2026-05-01,Chicken Curry,Friday,0,5,0,0,32.0,0.0,190,48,43,5,0
2026-05-01,Dosa,Friday,0,5,0,0,32.0,0.0,70,101,86,15,0
2026-05-01,Filter Coffee,Friday,0,5,0,0,32.0,0.0,30,148,105,43,0
2026-05-01,Fried Rice,Friday,0,5,0,0,32.0,0.0,160,66,52,14,0
2026-05-01,Idli,Friday,0,5,0,0,32.0,0.0,50,119,89,30,0
2026-05-01,Lassi,Friday,0,5,0,0,32.0,0.0,60,56,53,3,0
2026-05-01,Meals,Friday,0,5,0,0,32.0,0.0,140,106,81,25,0
2026-05-01,Parotta,Friday,0,5,0,0,32.0,0.0,40,84,62,22,0
2026-05-01,Veg Noodles,Friday,0,5,0,0,32.0,0.0,120,46,35,11,0
2026-05-02,Biryani,Saturday,1,5,0,0,31.0,0.0,220,177,157,20,0
2026-05-02,Chicken Curry,Saturday,1,5,0,0,31.0,0.0,190,54,45,9,0
2026-05-02,Dosa,Saturday,1,5,0,0,31.0,0.0,70,103,83,20,0
2026-05-02,Filter Coffee,Saturday,1,5,0,0,31.0,0.0,30,125,100,25,0
2026-05-02,Fried Rice,Saturday,1,5,0,0,31.0,0.0,160,82,56,26,0
2026-05-02,Idli,Saturday,1,5,0,0,31.0,0.0,50,109,105,4,0
2026-05-02,Lassi,Saturday,1,5,0,0,31.0,0.0,60,66,46,20,0
2026-05-02,Meals,Saturday,1,5,0,0,31.0,0.0,140,118,81,37,0
2026-05-02,Parotta,Saturday,1,5,0,0,31.0,0.0,40,94,77,17,0
2026-05-02,Veg Noodles,Saturday,1,5,0,0,31.0,0.0,120,49,36,13,0
2026-05-03,Biryani,Sunday,1,5,0,0,30.3,0.0,220,170,161,9,0
2026-05-03,Chicken Curry,Sunday,1,5,0,0,30.3,0.0,190,68,46,22,0
2026-05-03,Dosa,Sunday,1,5,0,0,30.3,0.0,70,116,84,32,0
2026-05-03,Filter Coffee,Sunday,1,5,0,0,30.3,0.0,30,119,93,26,0
2026-05-03,Fried Rice,Sunday,1,5,0,0,30.3,0.0,160,75,53,22,0
2026-05-03,Idli,Sunday,1,5,0,0,30.3,0.0,50,123,91,32,0
2026-05-03,Lassi,Sunday,1,5,0,0,30.3,0.0,60,69,60,9,0
2026-05-03,Meals,Sunday,1,5,0,0,30.3,0.0,140,117,92,25,0
2026-05-03,Parotta,Sunday,1,5,0,0,30.3,0.0,40,109,83,26,0
2026-05-03,Veg Noodles,Sunday,1,5,0,0,30.3,0.0,120,47,36,11,0
2026-05-04,Biryani,Monday,0,5,0,0,31.2,0.0,220,155,114,41,0
2026-05-04,Chicken Curry,Monday,0,5,0,0,31.2,0.0,190,50,45,5,0
2026-05-04,Dosa,Monday,0,5,0,0,31.2,0.0,70,96,78,18,0
2026-05-04,Filter Coffee,Monday,0,5,0,0,31.2,0.0,30,147,96,51,0
2026-05-04,Fried Rice,Monday,0,5,0,0,31.2,0.0,160,59,53,6,0
2026-05-04,Idli,Monday,0,5,0,0,31.2,0.0,50,117,85,32,0
2026-05-04,Lassi,Monday,0,5,0,0,31.2,0.0,60,52,47,5,0
2026-05-04,Meals,Monday,0,5,0,0,31.2,0.0,140,111,73,38,0
2026-05-04,Parotta,Monday,0,5,0,0,31.2,0.0,40,78,72,6,0
2026-05-04,Veg Noodles,Monday,0,5,0,0,31.2,0.0,120,47,32,15,0
2026-05-05,Biryani,Tuesday,0,5,0,0,27.4,0.0,220,160,114,46,0
2026-05-05,Chicken Curry,Tuesday,0,5,0,0,27.4,0.0,190,45,37,8,0
2026-05-05,Dosa,Tuesday,0,5,0,0,27.4,0.0,70,93,71,22,0
2026-05-05,Filter Coffee,Tuesday,0,5,0,0,27.4,0.0,30,121,112,9,0
2026-05-05,Fried Rice,Tuesday,0,5,0,0,27.4,0.0,160,66,49,17,0
2026-05-05,Idli,Tuesday,0,5,0,0,27.4,0.0,50,118,93,25,0
2026-05-05,Lassi,Tuesday,0,5,0,0,27.4,0.0,60,61,45,16,0
2026-05-05,Meals,Tuesday,0,5,0,0,27.4,0.0,140,113,74,39,0
2026-05-05,Parotta,Tuesday,0,5,0,0,27.4,0.0,40,94,72,22,0
2026-05-05,Veg Noodles,Tuesday,0,5,0,0,27.4,0.0,120,46,31,15,0
2026-05-06,Biryani,Wednesday,0,5,0,0,31.4,2.4,220,162,118,44,0
2026-05-06,Chicken Curry,Wednesday,0,5,0,0,31.4,2.4,190,47,41,6,0
2026-05-06,Dosa,Wednesday,0,5,0,0,31.4,2.4,70,103,88,15,0
2026-05-06,Filter Coffee,Wednesday,0,5,0,0,31.4,2.4,30,141,103,38,0
2026-05-06,Fried Rice,Wednesday,0,5,0,0,31.4,2.4,160,61,54,7,0
2026-05-06,Idli,Wednesday,0,5,0,0,31.4,2.4,50,129,90,39,0
2026-05-06,Lassi,Wednesday,0,5,0,0,31.4,2.4,60,54,51,3,0
2026-05-06,Meals,Wednesday,0,5,0,0,31.4,2.4,140,106,73,33,0
2026-05-06,Parotta,Wednesday,0,5,0,0,31.4,2.4,40,88,78,10,0
2026-05-06,Veg Noodles,Wednesday,0,5,0,0,31.4,2.4,120,40,36,4,0
2026-05-07,Biryani,Thursday,0,5,0,0,26.6,0.0,220,152,133,19,0
2026-05-07,Chicken Curry,Thursday,0,5,0,0,26.6,0.0,190,50,39,11,0
2026-05-07,Dosa,Thursday,0,5,0,0,26.6,0.0,70,105,69,36,0
2026-05-07,Filter Coffee,Thursday,0,5,0,0,26.6,0.0,30,117,103,14,0
2026-05-07,Fried Rice,Thursday,0,5,0,0,26.6,0.0,160,70,58,12,0
2026-05-07,Idli,Thursday,0,5,0,0,26.6,0.0,50,131,90,41,0
2026-05-07,Lassi,Thursday,0,5,0,0,26.6,0.0,60,55,41,14,0
2026-05-07,Meals,Thursday,0,5,0,0,26.6,0.0,140,115,78,37,0
2026-05-07,Parotta,Thursday,0,5,0,0,26.6,0.0,40,89,75,14,0
2026-05-07,Veg Noodles,Thursday,0,5,0,0,26.6,0.0,120,45,37,8,0
2026-05-08,Biryani,Friday,0,5,0,0,29.0,0.0,220,144,127,17,0
2026-05-08,Chicken Curry,Friday,0,5,0,0,29.0,0.0,190,57,42,15,0
2026-05-08,Dosa,Friday,0,5,0,0,29.0,0.0,70,97,77,20,0
2026-05-08,Filter Coffee,Friday,0,5,0,0,29.0,0.0,30,123,98,25,0
2026-05-08,Fried Rice,Friday,0,5,0,0,29.0,0.0,160,72,53,19,0
2026-05-08,Idli,Friday,0,5,0,0,29.0,0.0,50,118,79,39,0
2026-05-08,Lassi,Friday,0,5,0,0,29.0,0.0,60,53,44,9,0
2026-05-08,Meals,Friday,0,5,0,0,29.0,0.0,140,92,74,18,0
2026-05-08,Parotta,Friday,0,5,0,0,29.0,0.0,40,92,88,4,0
2026-05-08,Veg Noodles,Friday,0,5,0,0,29.0,0.0,120,51,36,15,0
2026-05-09,Biryani,Saturday,1,5,0,0,31.7,0.0,220,154,138,16,0
2026-05-09,Chicken Curry,Saturday,1,5,0,0,31.7,0.0,190,57,41,16,0
2026-05-09,Dosa,Saturday,1,5,0,0,31.7,0.0,70,92,77,15,0
2026-05-09,Filter Coffee,Saturday,1,5,0,0,31.7,0.0,30,124,105,19,0
2026-05-09,Fried Rice,Saturday,1,5,0,0,31.7,0.0,160,77,53,24,0
2026-05-09,Idli,Saturday,1,5,0,0,31.7,0.0,50,121,90,31,0
2026-05-09,Lassi,Saturday,1,5,0,0,31.7,0.0,60,65,52,13,0
2026-05-09,Meals,Saturday,1,5,0,0,31.7,0.0,140,115,83,32,0
2026-05-09,Parotta,Saturday,1,5,0,0,31.7,0.0,40,86,86,0,1
2026-05-09,Veg Noodles,Saturday,1,5,0,0,31.7,0.0,120,53,39,14,0
2026-05-10,Biryani,Sunday,1,5,0,0,31.8,0.0,220,176,146,30,0
2026-05-10,Chicken Curry,Sunday,1,5,0,0,31.8,0.0,190,67,55,12,0
2026-05-10,Dosa,Sunday,1,5,0,0,31.8,0.0,70,108,80,28,0
2026-05-10,Filter Coffee,Sunday,1,5,0,0,31.8,0.0,30,125,98,27,0
2026-05-10,Fried Rice,Sunday,1,5,0,0,31.8,0.0,160,73,61,12,0
2026-05-10,Idli,Sunday,1,5,0,0,31.8,0.0,50,113,76,37,0
2026-05-10,Lassi,Sunday,1,5,0,0,31.8,0.0,60,70,58,12,0
2026-05-10,Meals,Sunday,1,5,0,0,31.8,0.0,140,119,84,35,0
2026-05-10,Parotta,Sunday,1,5,0,0,31.8,0.0,40,95,69,26,0
2026-05-10,Veg Noodles,Sunday,1,5,0,0,31.8,0.0,120,52,42,10,0
2026-05-11,Biryani,Monday,0,5,0,0,29.9,0.0,220,163,111,52,0
2026-05-11,Chicken Curry,Monday,0,5,0,0,29.9,0.0,190,56,39,17,0
2026-05-11,Dosa,Monday,0,5,0,0,29.9,0.0,70,101,72,29,0
2026-05-11,Filter Coffee,Monday,0,5,0,0,29.9,0.0,30,145,109,36,0
2026-05-11,Fried Rice,Monday,0,5,0,0,29.9,0.0,160,69,53,16,0
2026-05-11,Idli,Monday,0,5,0,0,29.9,0.0,50,115,75,40,0
2026-05-11,Lassi,Monday,0,5,0,0,29.9,0.0,60,55,42,13,0
2026-05-11,Meals,Monday,0,5,0,0,29.9,0.0,140,113,75,38,0
2026-05-11,Parotta,Monday,0,5,0,0,29.9,0.0,40,93,58,35,0
2026-05-11,Veg Noodles,Monday,0,5,0,0,29.9,0.0,120,41,35,6,0
2026-05-12,Biryani,Tuesday,0,5,0,0,30.5,0.0,220,163,113,50,0
2026-05-12,Chicken Curry,Tuesday,0,5,0,0,30.5,0.0,190,49,36,13,0
2026-05-12,Dosa,Tuesday,0,5,0,0,30.5,0.0,70,92,70,22,0
2026-05-12,Filter Coffee,Tuesday,0,5,0,0,30.5,0.0,30,121,110,11,0
2026-05-12,Fried Rice,Tuesday,0,5,0,0,30.5,0.0,160,63,50,13,0
2026-05-12,Idli,Tuesday,0,5,0,0,30.5,0.0,50,104,89,15,0
2026-05-12,Lassi,Tuesday,0,5,0,0,30.5,0.0,60,63,42,21,0
2026-05-12,Meals,Tuesday,0,5,0,0,30.5,0.0,140,102,86,16,0
2026-05-12,Parotta,Tuesday,0,5,0,0,30.5,0.0,40,86,68,18,0
2026-05-12,Veg Noodles,Tuesday,0,5,0,0,30.5,0.0,120,42,38,4,0
2026-05-13,Biryani,Wednesday,0,5,0,0,33.1,0.0,220,142,114,28,0
2026-05-13,Chicken Curry,Wednesday,0,5,0,0,33.1,0.0,190,55,44,11,0
2026-05-13,Dosa,Wednesday,0,5,0,0,33.1,0.0,70,101,81,20,0
2026-05-13,Filter Coffee,Wednesday,0,5,0,0,33.1,0.0,30,121,96,25,0
2026-05-13,Fried Rice,Wednesday,0,5,0,0,33.1,0.0,160,74,49,25,0
2026-05-13,Idli,Wednesday,0,5,0,0,33.1,0.0,50,123,85,38,0
2026-05-13,Lassi,Wednesday,0,5,0,0,33.1,0.0,60,62,56,6,0
2026-05-13,Meals,Wednesday,0,5,0,0,33.1,0.0,140,110,79,31,0
2026-05-13,Parotta,Wednesday,0,5,0,0,33.1,0.0,40,89,71,18,0
2026-05-13,Veg Noodles,Wednesday,0,5,0,0,33.1,0.0,120,40,31,9,0
2026-05-14,Biryani,Thursday,0,5,0,0,30.9,0.0,220,140,131,9,0
2026-05-14,Chicken Curry,Thursday,0,5,0,0,30.9,0.0,190,47,38,9,0
2026-05-14,Dosa,Thursday,0,5,0,0,30.9,0.0,70,96,67,29,0
2026-05-14,Filter Coffee,Thursday,0,5,0,0,30.9,0.0,30,138,110,28,0
2026-05-14,Fried Rice,Thursday,0,5,0,0,30.9,0.0,160,70,54,16,0
2026-05-14,Idli,Thursday,0,5,0,0,30.9,0.0,50,123,85,38,0
2026-05-14,Lassi,Thursday,0,5,0,0,30.9,0.0,60,57,44,13,0
2026-05-14,Meals,Thursday,0,5,0,0,30.9,0.0,140,95,87,8,0
2026-05-14,Parotta,Thursday,0,5,0,0,30.9,0.0,40,98,68,30,0
2026-05-14,Veg Noodles,Thursday,0,5,0,0,30.9,0.0,120,47,33,14,0
2026-05-15,Biryani,Friday,0,5,0,0,34.2,0.0,220,157,117,40,0
2026-05-15,Chicken Curry,Friday,0,5,0,0,34.2,0.0,190,53,43,10,0
2026-05-15,Dosa,Friday,0,5,0,0,34.2,0.0,70,93,82,11,0
2026-05-15,Filter Coffee,Friday,0,5,0,0,34.2,0.0,30,147,97,50,0
2026-05-15,Fried Rice,Friday,0,5,0,0,34.2,0.0,160,70,55,15,0
2026-05-15,Idli,Friday,0,5,0,0,34.2,0.0,50,104,69,35,0
2026-05-15,Lassi,Friday,0,5,0,0,34.2,0.0,60,54,54,0,1
2026-05-15,Meals,Friday,0,5,0,0,34.2,0.0,140,107,79,28,0
2026-05-15,Parotta,Friday,0,5,0,0,34.2,0.0,40,81,75,6,0
2026-05-15,Veg Noodles,Friday,0,5,0,0,34.2,0.0,120,49,34,15,0
2026-05-16,Biryani,Saturday,1,5,0,0,31.6,0.0,220,163,134,29,0
2026-05-16,Chicken Curry,Saturday,1,5,0,0,31.6,0.0,190,53,49,4,0
2026-05-16,Dosa,Saturday,1,5,0,0,31.6,0.0,70,105,83,22,0
2026-05-16,Filter Coffee,Saturday,1,5,0,0,31.6,0.0,30,128,103,25,0
2026-05-16,Fried Rice,Saturday,1,5,0,0,31.6,0.0,160,81,56,25,0
2026-05-16,Idli,Saturday,1,5,0,0,31.6,0.0,50,105,82,23,0
2026-05-16,Lassi,Saturday,1,5,0,0,31.6,0.0,60,60,51,9,0
2026-05-16,Meals,Saturday,1,5,0,0,31.6,0.0,140,103,83,20,0
2026-05-16,Parotta,Saturday,1,5,0,0,31.6,0.0,40,95,73,22,0
2026-05-16,Veg Noodles,Saturday,1,5,0,0,31.6,0.0,120,53,39,14,0
2026-05-17,Biryani,Sunday,1,5,0,0,32.2,0.0,220,211,136,75,0
2026-05-17,Chicken Curry,Sunday,1,5,0,0,32.2,0.0,190,56,51,5,0
2026-05-17,Dosa,Sunday,1,5,0,0,32.2,0.0,70,102,79,23,0
2026-05-17,Filter Coffee,Sunday,1,5,0,0,32.2,0.0,30,141,84,57,0
2026-05-17,Fried Rice,Sunday,1,5,0,0,32.2,0.0,160,81,53,28,0
2026-05-17,Idli,Sunday,1,5,0,0,32.2,0.0,50,116,84,32,0
2026-05-17,Lassi,Sunday,1,5,0,0,32.2,0.0,60,61,54,7,0
2026-05-17,Meals,Sunday,1,5,0,0,32.2,0.0,140,112,81,31,0
2026-05-17,Parotta,Sunday,1,5,0,0,32.2,0.0,40,98,75,23,0
2026-05-17,Veg Noodles,Sunday,1,5,0,0,32.2,0.0,120,45,35,10,0
2026-05-18,Biryani,Monday,0,5,0,0,33.7,0.0,220,136,119,17,0
2026-05-18,Chicken Curry,Monday,0,5,0,0,33.7,0.0,190,46,33,13,0
2026-05-18,Dosa,Monday,0,5,0,0,33.7,0.0,70,102,77,25,0
2026-05-18,Filter Coffee,Monday,0,5,0,0,33.7,0.0,30,117,90,27,0
2026-05-18,Fried Rice,Monday,0,5,0,0,33.7,0.0,160,67,53,14,0
2026-05-18,Idli,Monday,0,5,0,0,33.7,0.0,50,107,86,21,0
2026-05-18,Lassi,Monday,0,5,0,0,33.7,0.0,60,65,57,8,0
2026-05-18,Meals,Monday,0,5,0,0,33.7,0.0,140,107,79,28,0
2026-05-18,Parotta,Monday,0,5,0,0,33.7,0.0,40,79,65,14,0
2026-05-18,Veg Noodles,Monday,0,5,0,0,33.7,0.0,120,49,38,11,0
2026-05-19,Biryani,Tuesday,0,5,0,0,32.0,0.0,220,142,126,16,0
2026-05-19,Chicken Curry,Tuesday,0,5,0,0,32.0,0.0,190,46,42,4,0
2026-05-19,Dosa,Tuesday,0,5,0,0,32.0,0.0,70,84,73,11,0
2026-05-19,Filter Coffee,Tuesday,0,5,0,0,32.0,0.0,30,142,93,49,0
2026-05-19,Fried Rice,Tuesday,0,5,0,0,32.0,0.0,160,62,48,14,0
2026-05-19,Idli,Tuesday,0,5,0,0,32.0,0.0,50,123,94,29,0
2026-05-19,Lassi,Tuesday,0,5,0,0,32.0,0.0,60,63,48,15,0
2026-05-19,Meals,Tuesday,0,5,0,0,32.0,0.0,140,99,84,15,0
2026-05-19,Parotta,Tuesday,0,5,0,0,32.0,0.0,40,98,67,31,0
2026-05-19,Veg Noodles,Tuesday,0,5,0,0,32.0,0.0,120,49,36,13,0
2026-05-20,Biryani,Wednesday,0,5,0,0,30.7,1.2,220,144,130,14,0
2026-05-20,Chicken Curry,Wednesday,0,5,0,0,30.7,1.2,190,56,40,16,0
2026-05-20,Dosa,Wednesday,0,5,0,0,30.7,1.2,70,103,68,35,0
2026-05-20,Filter Coffee,Wednesday,0,5,0,0,30.7,1.2,30,139,100,39,0
2026-05-20,Fried Rice,Wednesday,0,5,0,0,30.7,1.2,160,69,52,17,0
2026-05-20,Idli,Wednesday,0,5,0,0,30.7,1.2,50,124,102,22,0
2026-05-20,Lassi,Wednesday,0,5,0,0,30.7,1.2,60,53,45,8,0
2026-05-20,Meals,Wednesday,0,5,0,0,30.7,1.2,140,95,77,18,0
2026-05-20,Parotta,Wednesday,0,5,0,0,30.7,1.2,40,98,74,24,0
2026-05-20,Veg Noodles,Wednesday,0,5,0,0,30.7,1.2,120,46,39,7,0
2026-05-21,Biryani,Thursday,0,5,0,0,31.8,0.0,220,133,115,18,0
2026-05-21,Chicken Curry,Thursday,0,5,0,0,31.8,0.0,190,52,39,13,0
2026-05-21,Dosa,Thursday,0,5,0,0,31.8,0.0,70,91,68,23,0
2026-05-21,Filter Coffee,Thursday,0,5,0,0,31.8,0.0,30,145,101,44,0
2026-05-21,Fried Rice,Thursday,0,5,0,0,31.8,0.0,160,64,52,12,0
2026-05-21,Idli,Thursday,0,5,0,0,31.8,0.0,50,113,95,18,0
2026-05-21,Lassi,Thursday,0,5,0,0,31.8,0.0,60,59,47,12,0
2026-05-21,Meals,Thursday,0,5,0,0,31.8,0.0,140,98,83,15,0
2026-05-21,Parotta,Thursday,0,5,0,0,31.8,0.0,40,84,66,18,0
2026-05-21,Veg Noodles,Thursday,0,5,0,0,31.8,0.0,120,48,34,14,0
2026-05-22,Biryani,Friday,0,5,0,0,31.9,0.0,220,152,127,25,0
2026-05-22,Chicken Curry,Friday,0,5,0,0,31.9,0.0,190,60,42,18,0
2026-05-22,Dosa,Friday,0,5,0,0,31.9,0.0,70,109,80,29,0
2026-05-22,Filter Coffee,Friday,0,5,0,0,31.9,0.0,30,136,101,35,0
2026-05-22,Fried Rice,Friday,0,5,0,0,31.9,0.0,160,61,46,15,0
2026-05-22,Idli,Friday,0,5,0,0,31.9,0.0,50,109,97,12,0
2026-05-22,Lassi,Friday,0,5,0,0,31.9,0.0,60,57,48,9,0
2026-05-22,Meals,Friday,0,5,0,0,31.9,0.0,140,108,76,32,0
2026-05-22,Parotta,Friday,0,5,0,0,31.9,0.0,40,101,69,32,0
2026-05-22,Veg Noodles,Friday,0,5,0,0,31.9,0.0,120,45,34,11,0
2026-05-23,Biryani,Saturday,1,5,0,0,30.4,0.0,220,188,133,55,0
2026-05-23,Chicken Curry,Saturday,1,5,0,0,30.4,0.0,190,59,40,19,0
2026-05-23,Dosa,Saturday,1,5,0,0,30.4,0.0,70,108,83,25,0
2026-05-23,Filter Coffee,Saturday,1,5,0,0,30.4,0.0,30,146,105,41,0
2026-05-23,Fried Rice,Saturday,1,5,0,0,30.4,0.0,160,80,58,22,0
2026-05-23,Idli,Saturday,1,5,0,0,30.4,0.0,50,109,96,13,0
2026-05-23,Lassi,Saturday,1,5,0,0,30.4,0.0,60,56,47,9,0
2026-05-23,Meals,Saturday,1,5,0,0,30.4,0.0,140,111,88,23,0
2026-05-23,Parotta,Saturday,1,5,0,0,30.4,0.0,40,85,79,6,0
2026-05-23,Veg Noodles,Saturday,1,5,0,0,30.4,0.0,120,46,40,6,0
2026-05-24,Biryani,Sunday,1,5,0,0,31.8,0.0,220,172,152,20,0
2026-05-24,Chicken Curry,Sunday,1,5,0,0,31.8,0.0,190,65,50,15,0
2026-05-24,Dosa,Sunday,1,5,0,0,31.8,0.0,70,98,83,15,0
2026-05-24,Filter Coffee,Sunday,1,5,0,0,31.8,0.0,30,128,95,33,0
2026-05-24,Fried Rice,Sunday,1,5,0,0,31.8,0.0,160,70,64,6,0
2026-05-24,Idli,Sunday,1,5,0,0,31.8,0.0,50,106,79,27,0
2026-05-24,Lassi,Sunday,1,5,0,0,31.8,0.0,60,63,52,11,0
2026-05-24,Meals,Sunday,1,5,0,0,31.8,0.0,140,116,81,35,0
2026-05-24,Parotta,Sunday,1,5,0,0,31.8,0.0,40,114,78,36,0
2026-05-24,Veg Noodles,Sunday,1,5,0,0,31.8,0.0,120,47,43,4,0
2026-05-25,Biryani,Monday,0,5,0,0,31.3,0.0,220,150,117,33,0
2026-05-25,Chicken Curry,Monday,0,5,0,0,31.3,0.0,190,47,36,11,0
2026-05-25,Dosa,Monday,0,5,0,0,31.3,0.0,70,107,72,35,0
2026-05-25,Filter Coffee,Monday,0,5,0,0,31.3,0.0,30,140,107,33,0
2026-05-25,Fried Rice,Monday,0,5,0,0,31.3,0.0,160,69,54,15,0
2026-05-25,Idli,Monday,0,5,0,0,31.3,0.0,50,120,95,25,0
2026-05-25,Lassi,Monday,0,5,0,0,31.3,0.0,60,53,53,0,1
2026-05-25,Meals,Monday,0,5,0,0,31.3,0.0,140,93,86,7,0
2026-05-25,Parotta,Monday,0,5,0,0,31.3,0.0,40,95,75,20,0
2026-05-25,Veg Noodles,Monday,0,5,0,0,31.3,0.0,120,39,32,7,0
2026-05-26,Biryani,Tuesday,0,5,0,0,33.3,19.8,220,143,109,34,0
2026-05-26,Chicken Curry,Tuesday,0,5,0,0,33.3,19.8,190,52,40,12,0
2026-05-26,Dosa,Tuesday,0,5,0,0,33.3,19.8,70,95,74,21,0
2026-05-26,Filter Coffee,Tuesday,0,5,0,0,33.3,19.8,30,139,123,16,0
2026-05-26,Fried Rice,Tuesday,0,5,0,0,33.3,19.8,160,60,50,10,0
2026-05-26,Idli,Tuesday,0,5,0,0,33.3,19.8,50,124,102,22,0
2026-05-26,Lassi,Tuesday,0,5,0,0,33.3,19.8,60,55,50,5,0
2026-05-26,Meals,Tuesday,0,5,0,0,33.3,19.8,140,111,80,31,0
2026-05-26,Parotta,Tuesday,0,5,0,0,33.3,19.8,40,82,66,16,0
2026-05-26,Veg Noodles,Tuesday,0,5,0,0,33.3,19.8,120,39,28,11,0
2026-05-27,Biryani,Wednesday,0,5,0,0,32.3,0.0,220,135,114,21,0
2026-05-27,Chicken Curry,Wednesday,0,5,0,0,32.3,0.0,190,50,40,10,0
2026-05-27,Dosa,Wednesday,0,5,0,0,32.3,0.0,70,96,72,24,0
2026-05-27,Filter Coffee,Wednesday,0,5,0,0,32.3,0.0,30,124,97,27,0
2026-05-27,Fried Rice,Wednesday,0,5,0,0,32.3,0.0,160,65,44,21,0
2026-05-27,Idli,Wednesday,0,5,0,0,32.3,0.0,50,128,88,40,0
2026-05-27,Lassi,Wednesday,0,5,0,0,32.3,0.0,60,56,48,8,0
2026-05-27,Meals,Wednesday,0,5,0,0,32.3,0.0,140,107,90,17,0
2026-05-27,Parotta,Wednesday,0,5,0,0,32.3,0.0,40,90,62,28,0
2026-05-27,Veg Noodles,Wednesday,0,5,0,0,32.3,0.0,120,46,29,17,0
2026-05-28,Biryani,Thursday,0,5,0,0,32.0,0.0,220,129,118,11,0
2026-05-28,Chicken Curry,Thursday,0,5,0,0,32.0,0.0,190,57,43,14,0
2026-05-28,Dosa,Thursday,0,5,0,0,32.0,0.0,70,105,64,41,0
2026-05-28,Filter Coffee,Thursday,0,5,0,0,32.0,0.0,30,146,95,51,0
2026-05-28,Fried Rice,Thursday,0,5,0,0,32.0,0.0,160,72,57,15,0
2026-05-28,Idli,Thursday,0,5,0,0,32.0,0.0,50,104,86,18,0
2026-05-28,Lassi,Thursday,0,5,0,0,32.0,0.0,60,57,52,5,0
2026-05-28,Meals,Thursday,0,5,0,0,32.0,0.0,140,91,73,18,0
2026-05-28,Parotta,Thursday,0,5,0,0,32.0,0.0,40,95,70,25,0
2026-05-28,Veg Noodles,Thursday,0,5,0,0,32.0,0.0,120,42,35,7,0
2026-05-29,Biryani,Friday,0,5,0,0,32.2,0.0,220,148,118,30,0
2026-05-29,Chicken Curry,Friday,0,5,0,0,32.2,0.0,190,60,39,21,0
2026-05-29,Dosa,Friday,0,5,0,0,32.2,0.0,70,108,76,32,0
2026-05-29,Filter Coffee,Friday,0,5,0,0,32.2,0.0,30,141,94,47,0
2026-05-29,Fried Rice,Friday,0,5,0,0,32.2,0.0,160,62,55,7,0
2026-05-29,Idli,Friday,0,5,0,0,32.2,0.0,50,122,94,28,0
2026-05-29,Lassi,Friday,0,5,0,0,32.2,0.0,60,60,44,16,0
2026-05-29,Meals,Friday,0,5,0,0,32.2,0.0,140,100,72,28,0
2026-05-29,Parotta,Friday,0,5,0,0,32.2,0.0,40,87,73,14,0
2026-05-29,Veg Noodles,Friday,0,5,0,0,32.2,0.0,120,41,40,1,0
2026-05-30,Biryani,Saturday,1,5,0,0,32.7,0.0,220,154,130,24,0
2026-05-30,Chicken Curry,Saturday,1,5,0,0,32.7,0.0,190,54,51,3,0
2026-05-30,Dosa,Saturday,1,5,0,0,32.7,0.0,70,106,82,24,0
2026-05-30,Filter Coffee,Saturday,1,5,0,0,32.7,0.0,30,144,100,44,0
2026-05-30,Fried Rice,Saturday,1,5,0,0,32.7,0.0,160,77,52,25,0
2026-05-30,Idli,Saturday,1,5,0,0,32.7,0.0,50,108,78,30,0
2026-05-30,Lassi,Saturday,1,5,0,0,32.7,0.0,60,64,60,4,0
2026-05-30,Meals,Saturday,1,5,0,0,32.7,0.0,140,106,79,27,0
2026-05-30,Parotta,Saturday,1,5,0,0,32.7,0.0,40,93,70,23,0
2026-05-30,Veg Noodles,Saturday,1,5,0,0,32.7,0.0,120,44,34,10,0
2026-05-31,Biryani,Sunday,1,5,0,0,33.2,0.0,220,183,166,17,0
2026-05-31,Chicken Curry,Sunday,1,5,0,0,33.2,0.0,190,65,53,12,0
2026-05-31,Dosa,Sunday,1,5,0,0,33.2,0.0,70,118,82,36,0
2026-05-31,Filter Coffee,Sunday,1,5,0,0,33.2,0.0,30,128,94,34,0
2026-05-31,Fried Rice,Sunday,1,5,0,0,33.2,0.0,160,81,57,24,0
2026-05-31,Idli,Sunday,1,5,0,0,33.2,0.0,50,119,78,41,0
2026-05-31,Lassi,Sunday,1,5,0,0,33.2,0.0,60,64,63,1,0
2026-05-31,Meals,Sunday,1,5,0,0,33.2,0.0,140,106,76,30,0
2026-05-31,Parotta,Sunday,1,5,0,0,33.2,0.0,40,105,88,17,0
2026-05-31,Veg Noodles,Sunday,1,5,0,0,33.2,0.0,120,53,38,15,0
2026-06-01,Biryani,Monday,0,6,0,0,31.3,0.0,220,158,141,17,0
2026-06-01,Chicken Curry,Monday,0,6,0,0,31.3,0.0,190,53,39,14,0
2026-06-01,Dosa,Monday,0,6,0,0,31.3,0.0,70,91,86,5,0
2026-06-01,Filter Coffee,Monday,0,6,0,0,31.3,0.0,30,143,88,55,0
2026-06-01,Fried Rice,Monday,0,6,0,0,31.3,0.0,160,72,52,20,0
2026-06-01,Idli,Monday,0,6,0,0,31.3,0.0,50,105,87,18,0
2026-06-01,Lassi,Monday,0,6,0,0,31.3,0.0,60,59,57,2,0
2026-06-01,Meals,Monday,0,6,0,0,31.3,0.0,140,93,72,21,0
2026-06-01,Parotta,Monday,0,6,0,0,31.3,0.0,40,80,80,0,0
2026-06-01,Veg Noodles,Monday,0,6,0,0,31.3,0.0,120,49,33,16,0
2026-06-02,Biryani,Tuesday,0,6,0,0,31.3,0.0,220,155,103,52,0
2026-06-02,Chicken Curry,Tuesday,0,6,0,0,31.3,0.0,190,52,37,15,0
2026-06-02,Dosa,Tuesday,0,6,0,0,31.3,0.0,70,89,69,20,0
2026-06-02,Filter Coffee,Tuesday,0,6,0,0,31.3,0.0,30,126,90,36,0
2026-06-02,Fried Rice,Tuesday,0,6,0,0,31.3,0.0,160,61,54,7,0
2026-06-02,Idli,Tuesday,0,6,0,0,31.3,0.0,50,119,95,24,0
2026-06-02,Lassi,Tuesday,0,6,0,0,31.3,0.0,60,58,52,6,0
2026-06-02,Meals,Tuesday,0,6,0,0,31.3,0.0,140,95,84,11,0
2026-06-02,Parotta,Tuesday,0,6,0,0,31.3,0.0,40,80,65,15,0
2026-06-02,Veg Noodles,Tuesday,0,6,0,0,31.3,0.0,120,43,40,3,0
2026-06-03,Biryani,Wednesday,0,6,0,0,33.9,0.0,220,163,102,61,0
2026-06-03,Chicken Curry,Wednesday,0,6,0,0,33.9,0.0,190,47,35,12,0
2026-06-03,Dosa,Wednesday,0,6,0,0,33.9,0.0,70,84,70,14,0
2026-06-03,Filter Coffee,Wednesday,0,6,0,0,33.9,0.0,30,147,105,42,0
2026-06-03,Fried Rice,Wednesday,0,6,0,0,33.9,0.0,160,71,49,22,0
2026-06-03,Idli,Wednesday,0,6,0,0,33.9,0.0,50,119,92,27,0
2026-06-03,Lassi,Wednesday,0,6,0,0,33.9,0.0,60,65,53,12,0
2026-06-03,Meals,Wednesday,0,6,0,0,33.9,0.0,140,91,80,11,0
2026-06-03,Parotta,Wednesday,0,6,0,0,33.9,0.0,40,83,77,6,0
2026-06-03,Veg Noodles,Wednesday,0,6,0,0,33.9,0.0,120,47,41,6,0
2026-06-04,Biryani,Thursday,0,6,0,0,32.2,0.0,220,144,105,39,0
2026-06-04,Chicken Curry,Thursday,0,6,0,0,32.2,0.0,190,53,41,12,0
2026-06-04,Dosa,Thursday,0,6,0,0,32.2,0.0,70,92,75,17,0
2026-06-04,Filter Coffee,Thursday,0,6,0,0,32.2,0.0,30,117,111,6,0
2026-06-04,Fried Rice,Thursday,0,6,0,0,32.2,0.0,160,65,55,10,0
2026-06-04,Idli,Thursday,0,6,0,0,32.2,0.0,50,112,99,13,0
2026-06-04,Lassi,Thursday,0,6,0,0,32.2,0.0,60,52,52,0,1
2026-06-04,Meals,Thursday,0,6,0,0,32.2,0.0,140,92,77,15,0
2026-06-04,Parotta,Thursday,0,6,0,0,32.2,0.0,40,93,57,36,0
2026-06-04,Veg Noodles,Thursday,0,6,0,0,32.2,0.0,120,49,35,14,0
2026-06-05,Biryani,Friday,0,6,0,0,31.0,0.0,220,165,121,44,0
2026-06-05,Chicken Curry,Friday,0,6,0,0,31.0,0.0,190,58,40,18,0
2026-06-05,Dosa,Friday,0,6,0,0,31.0,0.0,70,100,78,22,0
2026-06-05,Filter Coffee,Friday,0,6,0,0,31.0,0.0,30,136,116,20,0
2026-06-05,Fried Rice,Friday,0,6,0,0,31.0,0.0,160,68,47,21,0
2026-06-05,Idli,Friday,0,6,0,0,31.0,0.0,50,129,84,45,0
2026-06-05,Lassi,Friday,0,6,0,0,31.0,0.0,60,62,46,16,0
2026-06-05,Meals,Friday,0,6,0,0,31.0,0.0,140,98,79,19,0
2026-06-05,Parotta,Friday,0,6,0,0,31.0,0.0,40,88,78,10,0
2026-06-05,Veg Noodles,Friday,0,6,0,0,31.0,0.0,120,48,38,10,0
2026-06-06,Biryani,Saturday,1,6,0,0,33.3,0.0,220,180,143,37,0
2026-06-06,Chicken Curry,Saturday,1,6,0,0,33.3,0.0,190,57,50,7,0
2026-06-06,Dosa,Saturday,1,6,0,0,33.3,0.0,70,97,68,29,0
2026-06-06,Filter Coffee,Saturday,1,6,0,0,33.3,0.0,30,120,100,20,0
2026-06-06,Fried Rice,Saturday,1,6,0,0,33.3,0.0,160,72,52,20,0
2026-06-06,Idli,Saturday,1,6,0,0,33.3,0.0,50,102,81,21,0
2026-06-06,Lassi,Saturday,1,6,0,0,33.3,0.0,60,59,53,6,0
2026-06-06,Meals,Saturday,1,6,0,0,33.3,0.0,140,115,79,36,0
2026-06-06,Parotta,Saturday,1,6,0,0,33.3,0.0,40,97,70,27,0
2026-06-06,Veg Noodles,Saturday,1,6,0,0,33.3,0.0,120,51,40,11,0
2026-06-07,Biryani,Sunday,1,6,0,0,33.3,0.0,220,176,152,24,0
2026-06-07,Chicken Curry,Sunday,1,6,0,0,33.3,0.0,190,64,46,18,0
2026-06-07,Dosa,Sunday,1,6,0,0,33.3,0.0,70,108,86,22,0
2026-06-07,Filter Coffee,Sunday,1,6,0,0,33.3,0.0,30,139,91,48,0
2026-06-07,Fried Rice,Sunday,1,6,0,0,33.3,0.0,160,77,52,25,0
2026-06-07,Idli,Sunday,1,6,0,0,33.3,0.0,50,100,89,11,0
2026-06-07,Lassi,Sunday,1,6,0,0,33.3,0.0,60,64,57,7,0
2026-06-07,Meals,Sunday,1,6,0,0,33.3,0.0,140,110,97,13,0
2026-06-07,Parotta,Sunday,1,6,0,0,33.3,0.0,40,94,85,9,0
2026-06-07,Veg Noodles,Sunday,1,6,0,0,33.3,0.0,120,52,35,17,0
2026-06-08,Biryani,Monday,0,6,0,0,31.0,0.0,220,140,116,24,0
2026-06-08,Chicken Curry,Monday,0,6,0,0,31.0,0.0,190,47,37,10,0
2026-06-08,Dosa,Monday,0,6,0,0,31.0,0.0,70,85,76,9,0
2026-06-08,Filter Coffee,Monday,0,6,0,0,31.0,0.0,30,128,98,30,0
2026-06-08,Fried Rice,Monday,0,6,0,0,31.0,0.0,160,66,48,18,0
2026-06-08,Idli,Monday,0,6,0,0,31.0,0.0,50,122,86,36,0
2026-06-08,Lassi,Monday,0,6,0,0,31.0,0.0,60,59,53,6,0
2026-06-08,Meals,Monday,0,6,0,0,31.0,0.0,140,101,76,25,0
2026-06-08,Parotta,Monday,0,6,0,0,31.0,0.0,40,81,64,17,0
2026-06-08,Veg Noodles,Monday,0,6,0,0,31.0,0.0,120,49,36,13,0
2026-06-09,Biryani,Tuesday,0,6,0,0,33.1,0.4,220,148,118,30,0
2026-06-09,Chicken Curry,Tuesday,0,6,0,0,33.1,0.4,190,57,41,16,0
2026-06-09,Dosa,Tuesday,0,6,0,0,33.1,0.4,70,92,63,29,0
2026-06-09,Filter Coffee,Tuesday,0,6,0,0,33.1,0.4,30,144,87,57,0
2026-06-09,Fried Rice,Tuesday,0,6,0,0,33.1,0.4,160,60,57,3,0
2026-06-09,Idli,Tuesday,0,6,0,0,33.1,0.4,50,118,87,31,0
2026-06-09,Lassi,Tuesday,0,6,0,0,33.1,0.4,60,63,47,16,0
2026-06-09,Meals,Tuesday,0,6,0,0,33.1,0.4,140,107,72,35,0
2026-06-09,Parotta,Tuesday,0,6,0,0,33.1,0.4,40,91,68,23,0
2026-06-09,Veg Noodles,Tuesday,0,6,0,0,33.1,0.4,120,42,31,11,0
2026-06-10,Biryani,Wednesday,0,6,0,0,33.8,0.0,220,158,107,51,0
2026-06-10,Chicken Curry,Wednesday,0,6,0,0,33.8,0.0,190,46,38,8,0
2026-06-10,Dosa,Wednesday,0,6,0,0,33.8,0.0,70,101,73,28,0
2026-06-10,Filter Coffee,Wednesday,0,6,0,0,33.8,0.0,30,144,86,58,0
2026-06-10,Fried Rice,Wednesday,0,6,0,0,33.8,0.0,160,65,60,5,0
2026-06-10,Idli,Wednesday,0,6,0,0,33.8,0.0,50,111,78,33,0
2026-06-10,Lassi,Wednesday,0,6,0,0,33.8,0.0,60,66,47,19,0
2026-06-10,Meals,Wednesday,0,6,0,0,33.8,0.0,140,104,85,19,0
2026-06-10,Parotta,Wednesday,0,6,0,0,33.8,0.0,40,80,64,16,0
2026-06-10,Veg Noodles,Wednesday,0,6,0,0,33.8,0.0,120,47,33,14,0
2026-06-11,Biryani,Thursday,0,6,0,0,33.4,0.0,220,146,111,35,0
2026-06-11,Chicken Curry,Thursday,0,6,0,0,33.4,0.0,190,48,40,8,0
2026-06-11,Dosa,Thursday,0,6,0,0,33.4,0.0,70,86,69,17,0
2026-06-11,Filter Coffee,Thursday,0,6,0,0,33.4,0.0,30,128,100,28,0
2026-06-11,Fried Rice,Thursday,0,6,0,0,33.4,0.0,160,69,52,17,0
2026-06-11,Idli,Thursday,0,6,0,0,33.4,0.0,50,112,93,19,0
2026-06-11,Lassi,Thursday,0,6,0,0,33.4,0.0,60,59,52,7,0
2026-06-11,Meals,Thursday,0,6,0,0,33.4,0.0,140,94,78,16,0
2026-06-11,Parotta,Thursday,0,6,0,0,33.4,0.0,40,92,67,25,0
2026-06-11,Veg Noodles,Thursday,0,6,0,0,33.4,0.0,120,43,37,6,0
2026-06-12,Biryani,Friday,0,6,0,0,33.7,0.0,220,146,120,26,0
2026-06-12,Chicken Curry,Friday,0,6,0,0,33.7,0.0,190,52,45,7,0
2026-06-12,Dosa,Friday,0,6,0,0,33.7,0.0,70,103,73,30,0
2026-06-12,Filter Coffee,Friday,0,6,0,0,33.7,0.0,30,142,102,40,0
2026-06-12,Fried Rice,Friday,0,6,0,0,33.7,0.0,160,69,51,18,0
2026-06-12,Idli,Friday,0,6,0,0,33.7,0.0,50,106,101,5,0
2026-06-12,Lassi,Friday,0,6,0,0,33.7,0.0,60,57,56,1,0
2026-06-12,Meals,Friday,0,6,0,0,33.7,0.0,140,97,95,2,0
2026-06-12,Parotta,Friday,0,6,0,0,33.7,0.0,40,89,82,7,0
2026-06-12,Veg Noodles,Friday,0,6,0,0,33.7,0.0,120,42,35,7,0
2026-06-13,Biryani,Saturday,1,6,0,0,31.3,0.0,220,194,118,76,0
2026-06-13,Chicken Curry,Saturday,1,6,0,0,31.3,0.0,190,64,46,18,0
2026-06-13,Dosa,Saturday,1,6,0,0,31.3,0.0,70,108,71,37,0
2026-06-13,Filter Coffee,Saturday,1,6,0,0,31.3,0.0,30,138,118,20,0
2026-06-13,Fried Rice,Saturday,1,6,0,0,31.3,0.0,160,68,57,11,0
2026-06-13,Idli,Saturday,1,6,0,0,31.3,0.0,50,123,81,42,0
2026-06-13,Lassi,Saturday,1,6,0,0,31.3,0.0,60,68,49,19,0
2026-06-13,Meals,Saturday,1,6,0,0,31.3,0.0,140,100,80,20,0
2026-06-13,Parotta,Saturday,1,6,0,0,31.3,0.0,40,101,75,26,0
2026-06-13,Veg Noodles,Saturday,1,6,0,0,31.3,0.0,120,51,41,10,0
2026-06-14,Biryani,Sunday,1,6,0,0,33.4,0.0,220,171,132,39,0
2026-06-14,Chicken Curry,Sunday,1,6,0,0,33.4,0.0,190,67,50,17,0
2026-06-14,Dosa,Sunday,1,6,0,0,33.4,0.0,70,107,85,22,0
2026-06-14,Filter Coffee,Sunday,1,6,0,0,33.4,0.0,30,130,97,33,0
2026-06-14,Fried Rice,Sunday,1,6,0,0,33.4,0.0,160,76,63,13,0
2026-06-14,Idli,Sunday,1,6,0,0,33.4,0.0,50,112,92,20,0
2026-06-14,Lassi,Sunday,1,6,0,0,33.4,0.0,60,62,60,2,0
2026-06-14,Meals,Sunday,1,6,0,0,33.4,0.0,140,112,91,21,0
2026-06-14,Parotta,Sunday,1,6,0,0,33.4,0.0,40,99,94,5,0
2026-06-14,Veg Noodles,Sunday,1,6,0,0,33.4,0.0,120,55,44,11,0
2026-06-15,Biryani,Monday,0,6,0,0,32.7,0.0,220,164,104,60,0
2026-06-15,Chicken Curry,Monday,0,6,0,0,32.7,0.0,190,45,41,4,0
2026-06-15,Dosa,Monday,0,6,0,0,32.7,0.0,70,105,85,20,0
2026-06-15,Filter Coffee,Monday,0,6,0,0,32.7,0.0,30,127,89,38,0
2026-06-15,Fried Rice,Monday,0,6,0,0,32.7,0.0,160,65,45,20,0
2026-06-15,Idli,Monday,0,6,0,0,32.7,0.0,50,110,91,19,0
2026-06-15,Lassi,Monday,0,6,0,0,32.7,0.0,60,59,55,4,0
2026-06-15,Meals,Monday,0,6,0,0,32.7,0.0,140,102,87,15,0
2026-06-15,Parotta,Monday,0,6,0,0,32.7,0.0,40,96,66,30,0
2026-06-15,Veg Noodles,Monday,0,6,0,0,32.7,0.0,120,48,30,18,0
2026-06-16,Biryani,Tuesday,0,6,0,0,32.5,0.0,220,158,121,37,0
2026-06-16,Chicken Curry,Tuesday,0,6,0,0,32.5,0.0,190,47,35,12,0
2026-06-16,Dosa,Tuesday,0,6,0,0,32.5,0.0,70,106,76,30,0
2026-06-16,Filter Coffee,Tuesday,0,6,0,0,32.5,0.0,30,123,98,25,0
2026-06-16,Fried Rice,Tuesday,0,6,0,0,32.5,0.0,160,69,49,20,0
2026-06-16,Idli,Tuesday,0,6,0,0,32.5,0.0,50,115,79,36,0
2026-06-16,Lassi,Tuesday,0,6,0,0,32.5,0.0,60,64,54,10,0
2026-06-16,Meals,Tuesday,0,6,0,0,32.5,0.0,140,100,77,23,0
2026-06-16,Parotta,Tuesday,0,6,0,0,32.5,0.0,40,79,77,2,0
2026-06-16,Veg Noodles,Tuesday,0,6,0,0,32.5,0.0,120,49,29,20,0
2026-06-17,Biryani,Wednesday,0,6,0,0,34.2,0.0,220,159,115,44,0
2026-06-17,Chicken Curry,Wednesday,0,6,0,0,34.2,0.0,190,55,41,14,0
2026-06-17,Dosa,Wednesday,0,6,0,0,34.2,0.0,70,85,62,23,0
2026-06-17,Filter Coffee,Wednesday,0,6,0,0,34.2,0.0,30,118,95,23,0
2026-06-17,Fried Rice,Wednesday,0,6,0,0,34.2,0.0,160,73,57,16,0
2026-06-17,Idli,Wednesday,0,6,0,0,34.2,0.0,50,130,84,46,0
2026-06-17,Lassi,Wednesday,0,6,0,0,34.2,0.0,60,57,53,4,0
2026-06-17,Meals,Wednesday,0,6,0,0,34.2,0.0,140,104,75,29,0
2026-06-17,Parotta,Wednesday,0,6,0,0,34.2,0.0,40,97,60,37,0
2026-06-17,Veg Noodles,Wednesday,0,6,0,0,34.2,0.0,120,47,37,10,0
2026-06-18,Biryani,Thursday,0,6,0,0,34.9,0.0,220,158,118,40,0
2026-06-18,Chicken Curry,Thursday,0,6,0,0,34.9,0.0,190,50,40,10,0
2026-06-18,Dosa,Thursday,0,6,0,0,34.9,0.0,70,100,76,24,0
2026-06-18,Filter Coffee,Thursday,0,6,0,0,34.9,0.0,30,133,92,41,0
2026-06-18,Fried Rice,Thursday,0,6,0,0,34.9,0.0,160,67,47,20,0
2026-06-18,Idli,Thursday,0,6,0,0,34.9,0.0,50,129,84,45,0
2026-06-18,Lassi,Thursday,0,6,0,0,34.9,0.0,60,60,52,8,0
2026-06-18,Meals,Thursday,0,6,0,0,34.9,0.0,140,115,84,31,0
2026-06-18,Parotta,Thursday,0,6,0,0,34.9,0.0,40,83,67,16,0
2026-06-18,Veg Noodles,Thursday,0,6,0,0,34.9,0.0,120,44,37,7,0
2026-06-19,Biryani,Friday,0,6,0,0,35.4,0.0,220,146,103,43,0
2026-06-19,Chicken Curry,Friday,0,6,0,0,35.4,0.0,190,48,45,3,0
2026-06-19,Dosa,Friday,0,6,0,0,35.4,0.0,70,92,74,18,0
2026-06-19,Filter Coffee,Friday,0,6,0,0,35.4,0.0,30,134,98,36,0
2026-06-19,Fried Rice,Friday,0,6,0,0,35.4,0.0,160,72,50,22,0
2026-06-19,Idli,Friday,0,6,0,0,35.4,0.0,50,104,87,17,0
2026-06-19,Lassi,Friday,0,6,0,0,35.4,0.0,60,55,55,0,1
2026-06-19,Meals,Friday,0,6,0,0,35.4,0.0,140,100,85,15,0
2026-06-19,Parotta,Friday,0,6,0,0,35.4,0.0,40,81,68,13,0
2026-06-19,Veg Noodles,Friday,0,6,0,0,35.4,0.0,120,51,36,15,0
2026-06-20,Biryani,Saturday,1,6,0,0,34.8,0.0,220,179,117,62,0
2026-06-20,Chicken Curry,Saturday,1,6,0,0,34.8,0.0,190,66,48,18,0
2026-06-20,Dosa,Saturday,1,6,0,0,34.8,0.0,70,99,72,27,0
2026-06-20,Filter Coffee,Saturday,1,6,0,0,34.8,0.0,30,131,87,44,0
2026-06-20,Fried Rice,Saturday,1,6,0,0,34.8,0.0,160,66,57,9,0
2026-06-20,Idli,Saturday,1,6,0,0,34.8,0.0,50,117,90,27,0
2026-06-20,Lassi,Saturday,1,6,0,0,34.8,0.0,60,57,57,0,0
2026-06-20,Meals,Saturday,1,6,0,0,34.8,0.0,140,108,74,34,0
2026-06-20,Parotta,Saturday,1,6,0,0,34.8,0.0,40,98,85,13,0
2026-06-20,Veg Noodles,Saturday,1,6,0,0,34.8,0.0,120,45,38,7,0
2026-06-21,Biryani,Sunday,1,6,0,0,33.1,0.0,220,201,153,48,0
2026-06-21,Chicken Curry,Sunday,1,6,0,0,33.1,0.0,190,58,48,10,0
2026-06-21,Dosa,Sunday,1,6,0,0,33.1,0.0,70,109,84,25,0
2026-06-21,Filter Coffee,Sunday,1,6,0,0,33.1,0.0,30,147,100,47,0
2026-06-21,Fried Rice,Sunday,1,6,0,0,33.1,0.0,160,88,62,26,0
2026-06-21,Idli,Sunday,1,6,0,0,33.1,0.0,50,101,99,2,0
2026-06-21,Lassi,Sunday,1,6,0,0,33.1,0.0,60,75,61,14,0
2026-06-21,Meals,Sunday,1,6,0,0,33.1,0.0,140,109,78,31,0
2026-06-21,Parotta,Sunday,1,6,0,0,33.1,0.0,40,95,80,15,0
2026-06-21,Veg Noodles,Sunday,1,6,0,0,33.1,0.0,120,46,42,4,0
2026-06-22,Biryani,Monday,0,6,0,0,33.7,0.0,220,156,90,66,0
2026-06-22,Chicken Curry,Monday,0,6,0,0,33.7,0.0,190,52,43,9,0
2026-06-22,Dosa,Monday,0,6,0,0,33.7,0.0,70,101,80,21,0
2026-06-22,Filter Coffee,Monday,0,6,0,0,33.7,0.0,30,117,103,14,0
2026-06-22,Fried Rice,Monday,0,6,0,0,33.7,0.0,160,63,48,15,0
2026-06-22,Idli,Monday,0,6,0,0,33.7,0.0,50,109,81,28,0
2026-06-22,Lassi,Monday,0,6,0,0,33.7,0.0,60,54,54,0,1
2026-06-22,Meals,Monday,0,6,0,0,33.7,0.0,140,109,65,44,0
2026-06-22,Parotta,Monday,0,6,0,0,33.7,0.0,40,87,58,29,0
2026-06-22,Veg Noodles,Monday,0,6,0,0,33.7,0.0,120,43,36,7,0
2026-06-23,Biryani,Tuesday,0,6,0,0,34.2,0.0,220,139,124,15,0
2026-06-23,Chicken Curry,Tuesday,0,6,0,0,34.2,0.0,190,48,39,9,0
2026-06-23,Dosa,Tuesday,0,6,0,0,34.2,0.0,70,104,70,34,0
2026-06-23,Filter Coffee,Tuesday,0,6,0,0,34.2,0.0,30,144,109,35,0
2026-06-23,Fried Rice,Tuesday,0,6,0,0,34.2,0.0,160,64,51,13,0
2026-06-23,Idli,Tuesday,0,6,0,0,34.2,0.0,50,128,87,41,0
2026-06-23,Lassi,Tuesday,0,6,0,0,34.2,0.0,60,56,55,1,0
2026-06-23,Meals,Tuesday,0,6,0,0,34.2,0.0,140,109,84,25,0
2026-06-23,Parotta,Tuesday,0,6,0,0,34.2,0.0,40,95,62,33,0
2026-06-23,Veg Noodles,Tuesday,0,6,0,0,34.2,0.0,120,45,33,12,0
2026-06-24,Biryani,Wednesday,0,6,0,0,33.5,0.0,220,136,98,38,0
2026-06-24,Chicken Curry,Wednesday,0,6,0,0,33.5,0.0,190,55,41,14,0
2026-06-24,Dosa,Wednesday,0,6,0,0,33.5,0.0,70,101,65,36,0
2026-06-24,Filter Coffee,Wednesday,0,6,0,0,33.5,0.0,30,142,101,41,0
2026-06-24,Fried Rice,Wednesday,0,6,0,0,33.5,0.0,160,62,54,8,0
2026-06-24,Idli,Wednesday,0,6,0,0,33.5,0.0,50,129,85,44,0
2026-06-24,Lassi,Wednesday,0,6,0,0,33.5,0.0,60,59,47,12,0
2026-06-24,Meals,Wednesday,0,6,0,0,33.5,0.0,140,109,78,31,0
2026-06-24,Parotta,Wednesday,0,6,0,0,33.5,0.0,40,95,63,32,0
2026-06-24,Veg Noodles,Wednesday,0,6,0,0,33.5,0.0,120,46,37,9,0
2026-06-25,Biryani,Thursday,0,6,0,0,33.5,0.0,220,141,121,20,0
2026-06-25,Chicken Curry,Thursday,0,6,0,0,33.5,0.0,190,55,39,16,0
2026-06-25,Dosa,Thursday,0,6,0,0,33.5,0.0,70,102,63,39,0
2026-06-25,Filter Coffee,Thursday,0,6,0,0,33.5,0.0,30,141,107,34,0
2026-06-25,Fried Rice,Thursday,0,6,0,0,33.5,0.0,160,59,59,0,1
2026-06-25,Idli,Thursday,0,6,0,0,33.5,0.0,50,106,82,24,0
2026-06-25,Lassi,Thursday,0,6,0,0,33.5,0.0,60,57,46,11,0
2026-06-25,Meals,Thursday,0,6,0,0,33.5,0.0,140,95,79,16,0
2026-06-25,Parotta,Thursday,0,6,0,0,33.5,0.0,40,91,74,17,0
2026-06-25,Veg Noodles,Thursday,0,6,0,0,33.5,0.0,120,48,33,15,0
2026-06-26,Biryani,Friday,0,6,0,0,34.4,0.0,220,156,112,44,0
2026-06-26,Chicken Curry,Friday,0,6,0,0,34.4,0.0,190,53,43,10,0
2026-06-26,Dosa,Friday,0,6,0,0,34.4,0.0,70,100,72,28,0
2026-06-26,Filter Coffee,Friday,0,6,0,0,34.4,0.0,30,133,93,40,0
2026-06-26,Fried Rice,Friday,0,6,0,0,34.4,0.0,160,74,53,21,0
2026-06-26,Idli,Friday,0,6,0,0,34.4,0.0,50,127,90,37,0
2026-06-26,Lassi,Friday,0,6,0,0,34.4,0.0,60,55,52,3,0
2026-06-26,Meals,Friday,0,6,0,0,34.4,0.0,140,103,71,32,0
2026-06-26,Parotta,Friday,0,6,0,0,34.4,0.0,40,102,76,26,0
2026-06-26,Veg Noodles,Friday,0,6,0,0,34.4,0.0,120,40,36,4,0
